relation,m,seed,clique_idx,eps_naive,eps_proj,eps_avg,eps_logp,eps_raw,eps_sm,exposure_naive,exposure_proj,exposure_avg,exposure_logp,exposure_raw,exposure_sm,eps_K2,eps_K4,eps_K8,exposure_K2,exposure_K4,exposure_K8,disagreement_max,disagreement_mean,disagreement_prop,brier_naive,brier_proj,brier_avg_proj,brier_logp_proj,brier_raw,brier_raw_proj,brier_naive_simplex,eps_naive_simplex,reg_naive,reg_proj,reg_avg,reg_logp
partition,7,0,134,0.0430609524606941,0.0,5.887846720064156e-17,0.09703639193944011,0.7603624409889448,0.0,0.11392857142857138,0.0,0.0,0.2567341611947511,1.9874999999999998,0.0,0.02753741160495802,0.039686269665968964,0.04306095246069418,0.07285714285714318,0.1050000000000002,0.1139285714285716,0.5270600173649694,0.3233809353397707,0.1888628475112774,0.12319083454810496,0.1229259423157018,0.12331064519557823,0.1162828019371961,0.19689732142857141,0.11430431547619045,0.12263572685917669,7.632783294297951e-17,0.14285714285714285,0.14285714285714285,0.14285714285714285,0.14285714285714285
partition,7,0,135,0.05669467095138404,0.0,6.049187461416408e-17,0.19438695880817686,0.5314132102234569,0.0,0.1499999999999999,0.0,0.0,0.5142995511205923,1.1799999999999997,0.0,0.05669467095138404,0.05669467095138404,0.05669467095138404,0.1499999999999999,0.1499999999999999,0.1499999999999999,0.7122800412357888,0.45347929746566207,0.20615528128088306,0.16892857142857146,0.16846938775510203,0.1536191326530612,0.14842768259095526,0.2903428571428571,0.17857142857142858,0.17894216510133468,0.0,0.14285714285714285,0.14285714285714285,0.14285714285714285,0.14285714285714285
partition,6,0,136,0.12040489511111288,0.0,0.0,0.1649379050981282,0.5397597845338239,0.026764404221527864,0.2949305555555555,1.1102230246251565e-16,0.0,0.4040137067340104,1.2875,0.05200000000000027,0.10124557603503795,0.11124765915140258,0.11813684905298028,0.24799999999999978,0.27249999999999974,0.28937499999999994,0.6910432368588332,0.3922599879275109,0.22990093331620146,0.13131293121463475,0.12889670808684842,0.09185613440996333,0.09562305102193323,0.17355677083333332,0.125,0.12850969629199335,0.0,0.16666666666666666,0.16666666666666666,0.16666666666666666,0.16666666666666666
partition,3,0,137,0.03175426480542952,0.0,0.0,0.0743407000325204,0.05484827557301442,0.0,0.05500000000000016,0.0,0.0,0.12876186952656266,0.09499999999999997,0.0,0.028867513459481322,0.032235390029754146,0.03175426480542952,0.050000000000000044,0.0558333333333334,0.05500000000000016,0.5107510809255978,0.33588469933498327,0.05500000000000005,0.1962135416666667,0.1958774305555556,0.21979181857638888,0.2160673106337219,0.20901354166666666,0.20801076388888887,0.19667352537722912,1.457167719820518e-16,0.3333333333333333,0.6666666666666666,0.3333333333333333,0.3333333333333333
partition,6,0,138,0.024845199749997694,0.0,0.0,0.19497093644730382,0.5567988864931395,0.0,0.05555555555555558,0.0,0.0,0.47757930896850165,1.245,0.0,0.01666666666666672,0.01666666666666672,0.01666666666666672,0.03333333333333344,0.03333333333333344,0.03333333333333344,0.8464207730201333,0.5805206600230682,0.27777777777777785,0.10365226337448559,0.1035493827160494,0.07102567877121911,0.07485734790342745,0.17667083333333333,0.125,0.10457063711911356,1.1983411512519015e-16,0.16666666666666666,0.16666666666666666,0.16666666666666666,0.16666666666666666
partition,6,0,139,0.170103454359943,0.0,0.0,0.19054912493688297,0.816496580927726,0.0,0.41666666666666674,1.1102230246251565e-16,0.0,0.4667481270292052,2.0,0.0,0.170103454359943,0.170103454359943,0.170103454359943,0.41666666666666674,0.41666666666666674,0.41666666666666674,0.6668840791321982,0.4149491643506385,0.18633899812498247,0.1678240740740741,0.16300154320987653,0.1755527886284722,0.17514225630020738,0.25,0.13888888888888887,0.1557093425605536,0.0,0.16666666666666666,0.16666666666666666,0.16666666666666666,0.16666666666666666
partition,3,0,140,0.0,0.0,9.614813431917819e-17,0.12606341604014312,0.2886751345948128,0.004811252243246865,0.0,0.0,1.1102230246251565e-16,0.2183482415572212,0.5,0.008333333333333304,0.0,0.0,0.0,0.0,0.0,0.0,0.7552676126159963,0.3776338063079981,0.0,0.22222222222222224,0.22222222222222224,0.13132838541666667,0.12208778893488309,0.25,0.22222222222222224,0.22222222222222224,0.0,0.3333333333333333,0.3333333333333333,0.3333333333333333,0.0
partition,4,0,141,0.1755208333333333,0.0,0.0,0.08094965854227763,0.10999999999999997,0.0,0.3510416666666666,0.0,0.0,0.1618993170845553,0.21999999999999997,0.0,0.22083333333333333,0.2239583333333333,0.22552083333333328,0.44166666666666665,0.44791666666666663,0.45104166666666656,0.38297084310253526,0.25580981138580294,0.2613421056403954,0.1252346462673611,0.11753275553385416,0.16507181803385418,0.15578680146862764,0.07835,0.075325,0.09267150869942725,3.925231146709438e-17,0.25,0.25,0.25,0.25
partition,3,0,142,0.0,0.0,0.0,0.004966834816598398,0.2886751345948128,0.0,0.0,0.0,0.0,0.008602810255150528,0.5,0.0,0.0,0.0,0.0,0.0,0.0,0.0,0.17060859200716316,0.08530429600358162,0.0,0.22222222222222224,0.22222222222222224,0.22317584635416668,0.22130215345940216,0.25,0.22222222222222224,0.22222222222222224,0.0,0.3333333333333333,0.3333333333333333,0.3333333333333333,0.3333333333333333
partition,3,0,143,0.06831978185410577,0.0,3.925231146709438e-17,0.16189159923194618,0.49363448015712996,0.0,0.1183333333333334,2.220446049250313e-16,1.1102230246251565e-16,0.28040447518830947,0.855,0.0,0.06831978185410577,0.06831978185410577,0.06831978185410577,0.1183333333333334,0.1183333333333334,0.1183333333333334,0.700484951063666,0.4078026764353997,0.11833333333333337,0.11407870370370372,0.11252283950617288,0.10189445408950619,0.08508763618383734,0.17367500000000002,0.09244999999999999,0.1220694398481406,0.0,0.0,0.0,0.0,0.0
partition,3,0,144,0.015588457268119858,0.0,9.614813431917819e-17,0.06554557897060219,0.01676305461424022,0.003849001794597478,0.026999999999999913,1.1102230246251565e-16,2.220446049250313e-16,0.11352827298860124,0.028999999999999915,0.006666666666666599,0.017320508075688735,0.017320508075688735,0.015588457268119908,0.029999999999999805,0.029999999999999805,0.027000000000000135,0.5179517352031943,0.27618121320547945,0.02700000000000008,0.21432388888888884,0.21424288888888887,0.19337487499999997,0.17409909194684134,0.17349366666666666,0.1734,0.2153592938305353,6.736447455048117e-17,0.6666666666666666,0.6666666666666666,0.3333333333333333,0.3333333333333333
partition,3,0,145,0.11258330249197693,0.0,0.0,0.012424637158114198,0.1616580753730952,0.0,0.19499999999999984,1.1102230246251565e-16,0.0,0.02152010282346195,0.28,0.0,0.10969655114602882,0.11258330249197702,0.11258330249197702,0.18999999999999984,0.19499999999999995,0.19499999999999995,0.23906066175763832,0.1495864246053953,0.11441882129556598,0.19156388888888895,0.18733888888888894,0.19865034722222222,0.19622033303865713,0.1928,0.18408888888888889,0.181431614863967,0.0,0.3333333333333333,0.3333333333333333,0.3333333333333333,0.3333333333333333
partition,7,0,146,0.12737436472358835,0.0,0.0,0.1265345371717537,0.296577702016408,1.0949389893418967e-16,0.2711309523809524,0.0,0.0,0.33477891761711853,0.585,2.220446049250313e-16,0.12833694078623806,0.1276892871146196,0.12737436472358837,0.2766666666666666,0.27309523809523806,0.2711309523809524,0.6845067958548174,0.48309317980975014,0.2074808493881105,0.07795451945659217,0.07563677248677249,0.050013277264030605,0.046422862389118635,0.10780357142857143,0.09523809523809525,0.07895693578781883,4.1349915935650515e-17,0.14285714285714285,0.14285714285714285,0.14285714285714285,0.14285714285714285
partition,4,0,147,0.022499999999999964,0.0,0.0,0.09600120761163757,0.28812499999999996,0.0,0.04499999999999993,0.0,0.0,0.1920024152232751,0.5762499999999999,0.0,0.02875000000000001,0.03937499999999998,0.022499999999999964,0.057499999999999996,0.07874999999999999,0.04499999999999993,0.4223742416388575,0.2476853850978852,0.03977475644174329,0.15319863281249999,0.15307207031249997,0.1767340087890625,0.16431663081130327,0.23226601562500002,0.21151201171874998,0.15164764706285466,0.0,0.25,0.25,0.25,0.25
partition,5,0,148,0.07472500000000004,0.0,0.0,0.044599549938594905,0.2899820396737241,0.02423897687609775,0.14945000000000008,0.0,2.220446049250313e-16,0.09972762542859481,0.5275000000000001,0.054199999999999804,0.05795000000000006,0.07272500000000004,0.07472500000000004,0.11590000000000011,0.14545000000000008,0.14945000000000008,0.31230995554630236,0.15615497777315118,0.14945,0.13780039383333337,0.13668362870833334,0.1313525521875,0.1286591652415458,0.15015125,0.13333333333333336,0.1378412969454142,0.0,0.2,0.2,0.2,0.2
partition,6,0,149,0.0,0.0,0.0,0.12123662176935851,0.2886751345948128,3.204937810639273e-17,0.0,0.0,0.0,0.29696786147372733,0.5,1.1102230246251565e-16,0.0,0.0,0.0,0.0,0.0,0.0,0.8155787822154277,0.4181660350728971,2.6168207644729584e-17,0.11111111111111112,0.11111111111111112,0.06605384114583333,0.05897278128829216,0.125,0.11111111111111112,0.11111111111111112,0.0,0.16666666666666666,0.16666666666666666,0.16666666666666666,0.16666666666666666
partition,5,0,150,0.0,0.0,0.0,0.0544855067059494,0.2886751345948128,0.0,0.0,0.0,0.0,0.12183329678302346,0.5,0.0,0.0,0.0,0.0,0.0,0.0,0.0,0.46379413536611264,0.23189706768305632,0.0,0.2666666666666667,0.2666666666666667,0.2540638125,0.2539167079649376,0.35,0.2666666666666667,0.2666666666666667,0.0,0.2,0.2,0.2,0.2
partition,3,0,151,0.0,0.0,0.0,0.008608394314930951,0.2886751345948128,0.0,0.0,0.0,0.0,0.01491017632504732,0.5,0.0,0.0,0.0,0.0,0.0,0.0,0.0,0.2525020626978455,0.12654355992603983,0.0,0.22222222222222224,0.22222222222222224,0.22055709635416662,0.2177884081551058,0.25,0.22222222222222224,0.22222222222222224,0.0,0.3333333333333333,0.3333333333333333,0.3333333333333333,0.3333333333333333
partition,5,0,152,0.017404062424873412,0.0,0.0,0.17911608354839137,0.35627704575699704,0.010733126291999049,0.03891666666666671,0.0,1.1102230246251565e-16,0.40051573867773493,0.7200000000000002,0.02400000000000002,0.019975540598998153,0.017739472621498366,0.017404062424873412,0.04466666666666674,0.03966666666666674,0.03891666666666671,0.8413532007030896,0.42516012760053234,0.2753705710290932,0.1612741236111111,0.16121354333333332,0.1284613567708333,0.21181247163819497,0.17024,0.14485333333333333,0.1622876261664632,0.0,0.2,0.2,0.2,0.2
partition,6,0,153,0.06940220937885666,0.0,1.0315407380583415e-16,0.3652092008086425,0.011547005383792504,0.0,0.16999999999999993,1.1102230246251565e-16,2.220446049250313e-16,0.8945761913508118,0.020000000000000018,0.0,0.06940220937885666,0.06940220937885666,0.06940220937885666,0.16999999999999993,0.16999999999999993,0.16999999999999993,0.966891564176149,0.587979155552575,0.371199257662093,0.22629814814814816,0.22549537037037037,0.15528290066189238,0.1456702985695685,0.25006666666666666,0.24782222222222225,0.2532270984876588,3.700743415417188e-17,0.16666666666666666,0.3333333333333333,0.16666666666666666,0.16666666666666666
partition,2,0,154,0.0,0.0,0.0,0.012749861816207875,0.0,0.0,0.0,0.0,0.0,0.018031027498864094,0.0,0.0,0.0,0.0,0.0,0.0,0.0,0.0,0.36769552621700474,0.194748992651795,0.0,0.25,0.25,0.23613525390625,0.2361806567291331,0.25,0.25,0.25,0.0,0.5,0.5,0.0,0.0
partition,3,0,155,0.03849001794597501,0.0,0.0,0.00988132828096378,0.2886751345948128,0.0,0.06666666666666687,0.0,0.0,0.017114962628896446,0.5,0.0,0.0731310340973526,0.0731310340973526,0.0731310340973526,0.1266666666666667,0.1266666666666667,0.1266666666666667,0.22404659113675437,0.14688195477555335,0.06666666666666665,0.19407407407407407,0.19358024691358025,0.2122020182291667,0.2094722789072455,0.25,0.22222222222222224,0.1953125,0.0,0.3333333333333333,0.3333333333333333,0.3333333333333333,0.3333333333333333
partition,3,0,156,0.03199482741759176,0.0,0.0,0.010836016619586181,0.05744562646538034,0.0009622504486494145,0.05541666666666667,1.1102230246251565e-16,0.0,0.018768531336784022,0.09000000000000008,0.0016666666666667052,0.025018511664883763,0.023575135991909784,0.023815698604072164,0.043333333333333335,0.04083333333333339,0.04125000000000012,0.22951261766331418,0.14349389617192967,0.05103954077205454,0.16552366898148152,0.16518244598765433,0.19395158420138894,0.19264013692881132,0.14216666666666666,0.14106666666666667,0.16757872280138264,8.326672684688674e-17,0.3333333333333333,0.3333333333333333,0.3333333333333333,0.3333333333333333
partition,3,0,157,0.060621778264910664,0.0,1.1443916996305594e-16,0.11580400628351711,0.33486315612998296,6.671610070811202e-17,0.10499999999999998,2.220446049250313e-16,2.220446049250313e-16,0.20057842260307712,0.5800000000000001,1.1102230246251565e-16,0.060621778264910664,0.05917840259193666,0.060621778264910664,0.10499999999999998,0.10250000000000004,0.10499999999999998,0.4200793575821914,0.25585873502810563,0.10499999999999998,0.24923055555555554,0.2480055555555556,0.17470729166666668,0.1605548775910491,0.2788,0.2414222222222222,0.24534487190861956,0.0,0.3333333333333333,0.3333333333333333,0.3333333333333333,0.3333333333333333
partition,3,0,158,0.2386381112650455,0.0,0.0,0.13665754995830037,0.33486315612998296,0.0,0.41333333333333333,3.3306690738754696e-16,0.0,0.2366978197656583,0.5800000000000001,0.0,0.21361959960016155,0.21361959960016155,0.2145818500488109,0.3700000000000001,0.3700000000000001,0.3716666666666666,0.5815066637623338,0.3986610388930376,0.2950047080603592,0.26625370370370377,0.247270987654321,0.32478784722222226,0.42668617885641336,0.22546666666666668,0.1880888888888889,0.2369847291444168,0.0,0.6666666666666666,0.3333333333333333,0.3333333333333333,0.6666666666666666
partition,3,0,159,0.07962622462573603,0.0,0.0,0.20085493093046394,0.33486315612998296,0.0,0.1379166666666667,2.220446049250313e-16,0.0,0.34789094532230114,0.5800000000000001,0.0,0.08275353858384651,0.08131016291087222,0.07962622462573603,0.14333333333333353,0.14083333333333337,0.1379166666666667,0.7350658984063946,0.37829943673896493,0.13791666666666663,0.1672662615740741,0.16515281635802473,0.2561445529513889,0.3792757307881461,0.22546666666666668,0.1880888888888889,0.17161947510988004,0.0,0.3333333333333333,0.3333333333333333,0.3333333333333333,0.3333333333333333
partition,4,0,160,0.045937499999999964,0.0,0.0,0.07770043308362021,0.3018750000000001,0.006250000000000089,0.09187499999999993,0.0,0.0,0.15540086616724047,0.6037500000000002,0.012499999999999956,0.043749999999999956,0.04499999999999993,0.045937499999999964,0.08749999999999991,0.08999999999999986,0.09187499999999993,0.5617286377780646,0.3187514228246998,0.16968324759353498,0.18386476779513888,0.18333720431857636,0.1342146728515625,0.1270536109978834,0.24672226562500002,0.22394013671875002,0.18335203321993987,0.0,0.25,0.25,0.25,0.25
partition,3,0,161,0.026943012562182612,0.0,0.0,0.07141876632359707,0.3290896534380866,0.0,0.046666666666666856,0.0,0.0,0.12370093188635922,0.5699999999999998,0.0,0.026943012562182612,0.026943012562182612,0.026943012562182612,0.046666666666666856,0.046666666666666856,0.046666666666666856,0.4934867441650957,0.28429217043278693,0.03299831645537219,0.2333185185185185,0.23307654320987656,0.18929435763888888,0.1706843343835732,0.27496666666666664,0.23886666666666664,0.2325719772269328,9.614813431917819e-17,0.3333333333333333,0.3333333333333333,0.3333333333333333,0.3333333333333333
partition,3,0,162,0.14529981774605571,0.0,0.0,0.03065704658066832,0.3016655156515795,0.0,0.2516666666666665,0.0,0.0,0.05309956228772328,0.5225,0.0,0.14433756729740643,0.14433756729740643,0.14529981774605585,0.25,0.25,0.2516666666666667,0.3625660859300917,0.18128304296504585,0.2516666666666666,0.2992601851851852,0.29222283950617284,0.22343307291666667,0.21316666043539634,0.25766874999999995,0.2273347222222222,0.2758872176940585,0.0,0.6666666666666666,0.6666666666666666,0.3333333333333333,0.3333333333333333
partition,8,0,163,0.09510586206959065,0.0,0.0,0.09988884077580666,0.32593455375785685,0.0,0.269,0.0,0.0,0.2825283067097448,0.6699999999999999,0.0,0.0960486711111727,0.09575404328567835,0.09510586206959067,0.2716666666666667,0.27083333333333337,0.269,0.6136657274119192,0.4509329006300415,0.19068560512005095,0.112732625,0.111601984375,0.1034623876953125,0.100376617598277,0.09661249999999999,0.08333333333333334,0.11777431361944454,0.0,0.125,0.125,0.125,0.125
partition,4,0,164,0.16000000000000003,0.0,0.0,0.08411496239993978,0.155884572681199,0.02749999999999997,0.32000000000000006,2.220446049250313e-16,0.0,0.16822992479987953,0.27,0.05499999999999994,0.16000000000000003,0.16000000000000003,0.16000000000000003,0.32000000000000006,0.32000000000000006,0.32000000000000006,0.34438350715445126,0.20983491399519974,0.20019033911505327,0.16435,0.15794999999999998,0.15514650268554686,0.14854197885295461,0.143225,0.13715,0.15127595155709342,0.0,0.25,0.25,0.25,0.25
partition,5,0,165,0.0,0.0,0.0,0.07322764549686393,0.38682468035704914,9.614813431917819e-17,0.0,0.0,0.0,0.16374199316324423,0.6699999999999999,2.220446049250313e-16,9.614813431917819e-17,9.614813431917819e-17,9.614813431917819e-17,2.220446049250313e-16,2.220446049250313e-16,2.220446049250313e-16,0.7149541069187589,0.39363683776670394,0.0,0.15985333333333335,0.15985333333333335,0.1662182421875,0.16558632272697846,0.18978,0.15985333333333335,0.15985333333333335,0.0,0.2,0.2,0.2,0.2
partition,7,0,166,0.09827076298239913,0.0,5.374844106186573e-17,0.31996581856836953,0.5054619792823195,6.798699777552591e-17,0.2600000000000001,2.220446049250313e-16,1.1102230246251565e-16,0.8465499839731185,1.0907499999999999,2.220446049250313e-16,0.09827076298239908,0.09827076298239908,0.09827076298239908,0.26,0.26,0.26,1.0281096123468547,0.6440169490639011,0.24684678108764824,0.11537142857142858,0.11399183673469389,0.08483341703869049,0.12700419720156092,0.14364168749999998,0.10714285714285714,0.1152735747330342,0.0,0.14285714285714285,0.14285714285714285,0.14285714285714285,0.14285714285714285
partition,3,0,167,0.06158402871355998,0.0,0.0,0.011923936584302575,0.1616580753730952,0.0,0.10666666666666658,1.1102230246251565e-16,0.0,0.020652863990241244,0.28,0.0,0.06350852961085876,0.06158402871356001,0.06158402871356001,0.10999999999999988,0.10666666666666669,0.10666666666666669,0.24913182588073055,0.1547415354072861,0.08432740427115673,0.2154148148148148,0.2141506172839506,0.20789305555555557,0.20619317233459725,0.1928,0.18408888888888889,0.21527623078636668,0.0,0.3333333333333333,0.3333333333333333,0.3333333333333333,0.3333333333333333
partition,3,0,168,0.06134346610139771,0.0,0.0,0.015554390036651992,0.33486315612998296,0.0,0.10624999999999996,0.0,0.0,0.026940993824224324,0.5800000000000001,0.0,0.060621778264910664,0.060621778264910664,0.061343466101397806,0.10499999999999998,0.10499999999999998,0.10625000000000018,0.26025828517071264,0.13012914258535635,0.10624999999999996,0.24959635416666667,0.2483420138888889,0.2059250217013889,0.2024785903362436,0.2788,0.2414222222222222,0.24561552838867784,0.0,0.3333333333333333,0.3333333333333333,0.3333333333333333,0.3333333333333333
partition,3,0,169,0.16518632701814284,0.0,0.0,0.0750106236122102,0.3276462777651126,0.0,0.286111111111111,1.1102230246251565e-16,0.0,0.12992221120377367,0.5675,0.0,0.29059963549211165,0.2896373850434623,0.2896373850434623,0.5033333333333333,0.5016666666666667,0.5016666666666667,0.6075625825103671,0.35449006107156067,0.2861111111111111,0.26893648405349796,0.2598409765089163,0.21442316502700617,0.19685327791131532,0.3834520833333333,0.3476680555555555,0.2901457251434541,0.0,0.3333333333333333,0.6666666666666666,0.3333333333333333,0.3333333333333333
partition,3,0,170,0.0,0.0,0.0,0.014320128842587246,0.2886751345948128,0.0,0.0,0.0,0.0,0.024803190726293556,0.5,0.0,0.0,0.0,0.0,0.0,0.0,0.0,0.2520933193614354,0.12604665968071774,5.551115123125783e-17,0.22222222222222224,0.22222222222222224,0.20639342447916667,0.2032273772194033,0.25,0.22222222222222224,0.22222222222222224,0.0,0.3333333333333333,0.3333333333333333,0.3333333333333333,0.3333333333333333
partition,3,0,171,0.207886190676959,0.0,1.1443916996305594e-16,0.17075116257597403,0.18691714965014133,0.0,0.36006944444444433,0.0,2.220446049250313e-16,0.29574968903304055,0.32375,0.0,0.3045522669975275,0.31249083319888493,0.3092432379346933,0.5275,0.5412499999999999,0.535625,0.7156500177577492,0.3918669823549295,0.2726278246042703,0.16698210037294237,0.15257654428155007,0.12928486388406635,0.11276964657578163,0.0887296875,0.07708368055555556,0.1225068197116236,0.0,0.3333333333333333,0.3333333333333333,0.3333333333333333,0.0
partition,3,0,172,0.0,0.0,0.0,0.14293852464251544,0.2886751345948128,0.004811252243246865,0.0,0.0,0.0,0.2475767870397727,0.5,0.008333333333333304,0.0,0.0,0.0,0.0,0.0,0.0,0.9074758949966659,0.45403282062181277,0.0,0.22222222222222224,0.22222222222222224,0.2059120659722222,0.2701358033517658,0.25,0.22222222222222224,0.22222222222222224,0.0,0.3333333333333333,0.3333333333333333,0.3333333333333333,0.3333333333333333
partition,3,0,173,0.12437087048793184,0.0,0.0,0.2165281429256031,0.05223145603944045,0.0,0.2154166666666666,0.0,0.0,0.3750377448156801,0.08250000000000002,0.0,0.12220580697847079,0.12364918265144481,0.12437087048793184,0.21166666666666667,0.21416666666666662,0.2154166666666666,0.6929646455628166,0.4720818169561609,0.17143643541817144,0.1398810763888889,0.1347250385802469,0.23150904947916665,0.2693093441873431,0.14428541666666664,0.14337604166666665,0.12278873490220567,0.0,0.3333333333333333,0.0,0.3333333333333333,0.3333333333333333
partition,3,0,174,0.02617321220326297,0.0,0.0,0.022921828140095135,0.24826061575153904,0.0,0.04533333333333345,2.220446049250313e-16,0.0,0.0397017709410068,0.43000000000000016,0.0,0.013471506281091204,0.013471506281091204,0.013471506281091204,0.023333333333333206,0.023333333333333206,0.023333333333333206,0.38021874186666116,0.22301278848267758,0.04533333333333334,0.10615703703703701,0.10592869135802467,0.18197096440972219,0.1802776339453649,0.10696666666666667,0.08642222222222222,0.10972424684159376,0.0,0.0,0.0,0.3333333333333333,0.3333333333333333
partition,7,0,175,0.17184784706152867,0.0,5.979136609301385e-17,0.28676719531323497,0.5196152422706632,0.0,0.4546666666666668,0.0,1.1102230246251565e-16,0.7587146829703069,1.1600000000000001,0.0,0.1718478470615286,0.1718478470615286,0.1718478470615286,0.45466666666666655,0.45466666666666655,0.45466666666666655,0.8257314938889033,0.639373377373532,0.2508315060841529,0.12371822222222224,0.11949941043083899,0.10769790922619049,0.13524305303233206,0.1457142857142857,0.10714285714285714,0.12480326089462812,0.0,0.14285714285714285,0.14285714285714285,0.14285714285714285,0.14285714285714285
partition,5,0,176,0.11925695879998878,0.0,0.0,0.1619337813178717,0.2886751345948128,0.0057735026918962545,0.2666666666666667,0.0,0.0,0.3620949428803466,0.5,0.010000000000000009,0.11925695879998878,0.11925695879998878,0.11925695879998878,0.2666666666666666,0.2666666666666666,0.2666666666666666,0.4558634207011277,0.33138746171889594,0.18856180831641275,0.10488888888888888,0.10204444444444442,0.13139625434027777,0.11457749999818809,0.15,0.13333333333333336,0.08925619834710742,0.0,0.2,0.2,0.2,0.2
partition,4,0,177,0.0741666666666666,0.0,1.1102230246251565e-16,0.09403213285870193,0.0,0.0,0.1483333333333332,0.0,2.220446049250313e-16,0.18806426571740387,0.0,0.0,0.09291666666666665,0.0741666666666666,0.0741666666666666,0.1858333333333333,0.1483333333333332,0.1483333333333332,0.4062070490115437,0.31047367551427235,0.10492887802909381,0.07824053819444442,0.07686536458333333,0.11939241536458331,0.10748586162263847,0.09375,0.09375,0.06424069205464134,0.0,0.25,0.0,0.25,0.25
partition,4,0,178,0.19833333333333325,0.0,0.0,0.0766393454621136,0.52,3.925231146709438e-17,0.3966666666666665,0.0,0.0,0.1532786909242272,1.04,0.0,0.19374999999999998,0.19374999999999998,0.19374999999999998,0.38749999999999996,0.38749999999999996,0.38749999999999996,0.4973848275396693,0.3924451738404451,0.3070468657677159,0.26065277777777773,0.25081875,0.13560403645833333,0.13352511663498096,0.2604,0.1928,0.23004254931334406,1.1102230246251565e-16,0.5,0.25,0.25,0.25
partition,3,0,179,0.11547005383792502,0.0,0.0,0.010006544602271584,0.13639900109604916,0.0,0.19999999999999996,2.220446049250313e-16,0.0,0.017331843659338375,0.23625000000000007,0.0,0.11931905563252256,0.11643230428657446,0.11547005383792502,0.20666666666666655,0.20166666666666666,0.19999999999999996,0.22862587707139947,0.12045949085408054,0.14186383338336175,0.20580740740740744,0.20136296296296297,0.21663478732638888,0.2141699715253056,0.20597135416666668,0.19976979166666664,0.197962962962963,0.0,0.3333333333333333,0.3333333333333333,0.3333333333333333,0.3333333333333333
partition,3,0,180,0.24970399142451316,0.0,1.1443916996305594e-16,0.05585458685727146,0.5196152422706631,0.0,0.4325000000000001,0.0,2.220446049250313e-16,0.09674298227256306,0.8999999999999999,0.0,0.25018511664883797,0.2492228662001884,0.24970399142451316,0.43333333333333357,0.43166666666666664,0.4325000000000001,0.37354718577443463,0.2986948999955001,0.3188357727733825,0.16555208333333335,0.14476805555555552,0.1581646701388889,0.1508457640999786,0.16226666666666667,0.07226666666666663,0.16539169214077612,0.0,0.0,0.3333333333333333,0.3333333333333333,0.3333333333333333
partition,3,0,181,0.2818431564094023,0.0,0.0,0.050053360205017015,0.08140638795573725,0.0,0.48816666666666664,0.0,0.0,0.08669496296463564,0.14100000000000001,0.0,0.2767432290315606,0.27597342867264113,0.28184315640940233,0.4793333333333334,0.478,0.48816666666666675,0.5665096351048821,0.34660426688086865,0.30197134705869766,0.21080297222222222,0.18432445061728395,0.14216277430555554,0.14929660263187045,0.2241936666666667,0.2219846666666667,0.15547813509311081,0.0,0.3333333333333333,0.3333333333333333,0.3333333333333333,0.3333333333333333
partition,3,0,182,0.0,0.0,0.0,0.07782540472730962,0.2886751345948128,0.0,0.0,0.0,0.0,0.13479755510731128,0.5,0.0,0.0,0.0,0.0,0.0,0.0,0.0,0.6679547452235568,0.3350315122538408,5.551115123125783e-17,0.2222222222222222,0.2222222222222222,0.2259270182291667,0.2053851076482401,0.25,0.22222222222222224,0.2222222222222222,0.0,0.3333333333333333,0.3333333333333333,0.3333333333333333,0.3333333333333333
partition,5,0,183,0.05716666666666673,0.0,0.0,0.15418500040073907,0.14442414387259953,0.0,0.1143333333333334,1.1102230246251565e-16,0.0,0.3447681420068849,0.2549999999999999,0.0,0.03846036921299632,0.03846036921299632,0.03846036921299632,0.08600000000000008,0.08600000000000008,0.08600000000000008,0.527304466129389,0.3698415894851963,0.126538970720925,0.21782464444444444,0.21717103888888886,0.18741337500000002,0.17969258598323196,0.112505,0.10833333333333332,0.20698856952289751,5.295426327528139e-17,0.4,0.4,0.2,0.2
partition,5,0,184,0.00670820393249941,0.0,0.0,0.21000210870884706,0.6592419889539803,1.1484236265056458e-16,0.015000000000000013,0.0,0.0,0.4695789904912826,1.4699999999999998,2.220446049250313e-16,0.007453559924999352,0.007453559924999352,0.00670820393249941,0.01666666666666683,0.01666666666666683,0.014999999999999902,0.4983472684785179,0.30151322086453297,0.24642443060703215,0.25094500000000003,0.250936,0.172541875,0.21287946876537514,0.36618,0.25726,0.2525084387642042,0.0,0.2,0.2,0.2,0.2
partition,4,0,185,0.028281250000000036,0.0,0.0,0.10228921086720828,0.42500000000000004,0.0,0.05656250000000007,0.0,0.0,0.20457842173441665,0.8500000000000001,0.0,0.02875000000000004,0.02875000000000004,0.028281250000000036,0.057499999999999996,0.057499999999999996,0.05656250000000007,0.37806542230368895,0.19744850741799688,0.056562500000000016,0.1812295166015625,0.18102955932617187,0.1724351582845052,0.15889725476392202,0.218125,0.17296875,0.18067975363275607,1.1102230246251565e-16,0.25,0.25,0.25,0.25
partition,5,0,186,0.07408838565449306,0.0,0.0,0.12407268169978888,0.5003998401278722,0.0,0.16566666666666663,2.220446049250313e-16,0.0,0.27743495043142197,1.02,0.0,0.064398757751994,0.06708203932499375,0.06931810730249353,0.14400000000000013,0.15000000000000013,0.15500000000000003,0.5639375457934643,0.3037042941752836,0.20177242406015528,0.15488908888888892,0.15379127111111107,0.1274086527777778,0.11881465075108599,0.20007999999999998,0.15,0.1542349899257926,0.0,0.2,0.2,0.2,0.2
partition,7,0,187,0.10394023007753743,0.0,0.0,0.11851609276209879,0.05952940449895335,7.343435057440258e-17,0.2749999999999999,1.1102230246251565e-16,0.0,0.3135641078075755,0.1575000000000002,2.220446049250313e-16,0.07784268313166237,0.09296126205203135,0.10394023007753754,0.20595238095238122,0.24595238095238092,0.27500000000000013,0.5313163123879444,0.42552504812420433,0.2891655516652032,0.06874796626984127,0.0672045989229025,0.06962594068877552,0.07074844810793512,0.04853169642857143,0.04802544642857142,0.05169195779778419,4.868339524292218e-17,0.14285714285714285,0.14285714285714285,0.14285714285714285,0.14285714285714285
partition,7,0,188,0.04716681652760983,0.0,0.0,0.14156385637933427,0.34060444892132574,0.0001360827634879591,0.12479166666666675,2.220446049250313e-16,0.0,0.3745427586149831,0.7033749999999999,0.0003333333333332966,0.04724555912615339,0.047119570968483605,0.04716681652760982,0.125,0.12466666666666659,0.12479166666666663,0.6032803124722922,0.4464206703998208,0.12339261666413524,0.07395923239087303,0.07364141687925173,0.10355436430431546,0.09006752760547254,0.11183019866071428,0.09525714285714285,0.0702885369453179,1.1678846960058772e-16,0.14285714285714285,0.14285714285714285,0.14285714285714285,0.14285714285714285
partition,3,0,189,0.25903782077641213,0.0,0.0,0.08852865535100936,0.45177658564088236,3.925231146709438e-17,0.44866666666666677,0.0,0.0,0.15333612899370264,0.7825000000000002,1.1102230246251565e-16,0.2578831202380328,0.26019252131479126,0.2590378207764121,0.44666666666666655,0.45066666666666655,0.44866666666666655,0.7414196967080567,0.40886127748534057,0.3325528362364226,0.04742059259259259,0.025053728395061713,0.08495451041666663,0.08093540979921349,0.12853541666666665,0.060501388888888875,0.06331099006359475,0.0,0.0,0.0,0.0,0.0
partition,3,0,190,0.0,0.0,0.0,0.00903358595519203,0.2886751345948128,0.0,0.0,0.0,0.0,0.01564662984893328,0.5,0.0,0.0,0.0,0.0,0.0,0.0,0.0,0.210119013894507,0.10505950694725352,5.551115123125783e-17,0.22222222222222224,0.22222222222222224,0.20564201388888884,0.20422293391670557,0.25,0.22222222222222224,0.22222222222222224,0.0,0.3333333333333333,0.3333333333333333,0.3333333333333333,0.3333333333333333
partition,5,0,191,0.14087228258248674,0.0,0.0,0.12687271992154872,0.32385937663333647,0.0,0.31499999999999995,0.0,0.0,0.2836960262348748,0.6812499999999999,0.0,0.14646245252623613,0.14064867578473678,0.14087228258248674,0.3274999999999999,0.3145,0.31499999999999995,0.5483184521790234,0.3829261876674657,0.23070543990118658,0.19144500000000003,0.18747600000000003,0.16624774739583334,0.1581968794087769,0.2978103125,0.2666666666666667,0.2045926794181896,3.554447978966673e-17,0.2,0.2,0.2,0.2
partition,3,0,192,0.017962008374788424,0.0,0.0,0.019008227281218894,0.09000000000000008,8.326672684688674e-17,0.0311111111111112,2.220446049250313e-16,0.0,0.03292321541288801,0.15000000000000013,1.1102230246251565e-16,0.13471506281091267,0.13471506281091267,0.13471506281091267,0.23333333333333328,0.23333333333333328,0.23333333333333328,0.32242731739106717,0.20065934796363386,0.0606955568166563,0.22155720164609058,0.22144965706447187,0.20042083574459882,0.19652453834359362,0.2117666666666667,0.20906666666666665,0.22162837022697301,0.0,0.3333333333333333,0.3333333333333333,0.3333333333333333,0.3333333333333333
partition,3,0,193,0.11426724077711331,0.0,0.0,0.026959184055403165,0.31104745752591084,8.886119947416683e-17,0.19791666666666674,2.220446049250313e-16,0.0,0.04669467651455894,0.5387500000000001,1.1102230246251565e-16,0.10392304845413274,0.11258330249197704,0.1142672407771135,0.17999999999999994,0.19500000000000006,0.19791666666666674,0.393886880969651,0.23172247828287937,0.14017412286945904,0.20303107638888887,0.19867874228395058,0.22678153211805555,0.23405702137986162,0.23758385416666664,0.20533368055555554,0.2022654870825457,0.0,0.3333333333333333,0.3333333333333333,0.3333333333333333,0.3333333333333333
partition,6,0,194,0.14807505702033025,0.0,5.2958809290937725e-17,0.2337600347079067,0.07500000000000007,0.0,0.3627083333333332,0.0,1.1102230246251565e-16,0.5725928072896571,0.15000000000000013,0.0,0.15071166056290936,0.14577866038647103,0.14807505702033025,0.36916666666666653,0.3570833333333332,0.3627083333333332,0.6449525580097603,0.4295432669774741,0.30540565293920513,0.19365307436342594,0.18999870394483023,0.11151351182725695,0.16667794235496203,0.22855,0.2276125,0.2331126293497149,4.2397342071896675e-17,0.16666666666666666,0.16666666666666666,0.16666666666666666,0.16666666666666666
partition,3,0,195,0.015396007178390023,0.0,0.0,0.041417010738504345,0.2886751345948128,0.0,0.026666666666666616,0.0,1.1102230246251565e-16,0.07173636689671525,0.5,0.0,0.015396007178390023,0.015396007178390023,0.015396007178390023,0.026666666666666616,0.026666666666666616,0.026666666666666616,0.538803651620885,0.27929585676045715,0.026666666666666616,0.23431111111111114,0.23423209876543208,0.16287311197916668,0.16652750993035054,0.25,0.22222222222222224,0.23456558453743667,0.0,0.3333333333333333,0.3333333333333333,0.3333333333333333,0.3333333333333333
partition,3,0,196,0.1501110699893028,0.0,0.0,0.04327265513473293,0.2886751345948128,8.326672684688674e-17,0.26000000000000023,2.220446049250313e-16,0.0,0.07495043727176387,0.5,1.1102230246251565e-16,0.2078460969082652,0.2078460969082652,0.2078460969082652,0.3599999999999999,0.3599999999999999,0.3599999999999999,0.4386389935546846,0.26916760064600836,0.15790292376436013,0.24386666666666668,0.23635555555555557,0.24592508680555558,0.2627473443767617,0.25,0.22222222222222224,0.2333081380700428,9.614813431917819e-17,0.3333333333333333,0.3333333333333333,0.3333333333333333,0.3333333333333333
partition,8,0,197,0.21011904761904754,0.0,0.0,0.24944965760875065,0.6425000000000001,3.1031676915590914e-17,0.4202380952380951,0.0,0.0,0.7055501778392403,1.2850000000000001,1.1102230246251565e-16,0.2074999999999999,0.2036904761904761,0.21011904761904765,0.4149999999999998,0.4073809523809522,0.4202380952380953,0.7849662564782793,0.5060291126077826,0.29899842255326764,0.19268611819727893,0.160902485473356,0.13721734095982144,0.12237619986297443,0.291678125,0.15976484375,0.1585565491351127,0.0,0.125,0.125,0.125,0.125
partition,3,0,198,0.03464101615137758,0.0,0.0,0.012015445460363395,0.20784609690826536,0.0,0.05999999999999994,0.0,0.0,0.020811362012922108,0.3599999999999999,0.0,0.03464101615137758,0.03464101615137758,0.03464101615137758,0.06000000000000005,0.06000000000000005,0.06000000000000005,0.26545558322752727,0.1381273318283803,0.06,0.3444888888888889,0.3440888888888889,0.24910138888888889,0.25480815563318965,0.3682666666666667,0.3538666666666666,0.3528997535335245,8.326672684688674e-17,0.3333333333333333,0.3333333333333333,0.3333333333333333,0.3333333333333333
partition,5,0,199,0.0448678099573667,0.0,0.0,0.14181029584771013,0.3187892132742261,0.0,0.08783333333333343,0.0,0.0,0.31709746142483597,0.63625,0.0,0.051800185899852406,0.04519382127549604,0.0448678099573667,0.1013333333333335,0.08433333333333337,0.08783333333333343,0.6174655860855729,0.425959012906672,0.24374762107101228,0.29129794722222224,0.28665087870370376,0.16067973267431976,0.18415931180459483,0.3162953125,0.28647,0.2767344184551758,0.0,0.4,0.4,0.2,0.2
partition,4,0,200,0.19333333333333336,0.0,0.0,0.2676625048098379,0.5750072463311512,0.024999999999999994,0.3866666666666667,0.0,0.0,0.5353250096196757,1.13,0.04999999999999982,0.1726509001810686,0.1726509001810686,0.1726509001810686,0.31499999999999995,0.31499999999999995,0.31499999999999995,0.9830882462932816,0.5431048859316209,0.3187388342270901,0.2745652777777777,0.26522083333333324,0.16525462239583333,0.2492441467963301,0.354925,0.27226666666666666,0.2334497214774408,4.8074067159589095e-17,0.5,0.5,0.25,0.25
neg,2,0,201,0.3442726140902003,0.0,5.551115123125783e-17,0.14176957943353133,0.34383067235195874,0.0,0.48687499999999995,0.0,0.0,0.2004924619668298,0.48624999999999996,0.0,0.3464823227814083,0.3455984393049251,0.3442726140902004,0.49,0.48875,0.48687500000000006,0.6885452281804006,0.3513436819020659,0.45785889270057867,0.1250861328125,0.06582431640625001,0.13747873535156255,0.0890512625038453,0.12509453125,0.06598476562499998,nan,nan,0.5,0.0,0.0,0.0
neg,2,0,202,0.17324116139070422,0.0,0.0,0.056349310111827325,0.0,0.0,0.2450000000000001,0.0,0.0,0.07968995859051353,0.0,0.0,0.17324116139070408,0.17324116139070408,0.17324116139070408,0.2450000000000001,0.2450000000000001,0.2450000000000001,0.7495331880577407,0.3747665940288703,0.24500000000000005,0.15751249999999997,0.14250624999999997,0.2601,0.26298352200275055,0.25,0.25,nan,nan,0.0,0.0,1.0,1.0
neg,2,0,203,5.551115123125783e-17,0.0,1.2412670766236366e-16,0.05851686773911774,0.12727922061357855,0.004040610178208812,0.0,0.0,0.0,0.08275534798425288,0.17999999999999994,0.005714285714285672,1.2412670766236366e-16,1.2412670766236366e-16,1.2412670766236366e-16,0.0,0.0,0.0,0.7316029803919386,0.38230064842365546,0.0,0.16810000000000008,0.1681000000000001,0.1462721002072705,0.1379586511339684,0.1762,0.16810000000000003,nan,nan,0.0,0.0,0.0,0.0
neg,2,0,204,0.0,0.0,1.5700924586837752e-16,0.019349999747779532,0.07954951288348659,0.017677669529663705,0.0,0.0,0.0,0.02736503207522578,0.11250000000000004,0.02499999999999991,0.0,0.0,0.0,0.0,0.0,0.0,0.41365746699413025,0.2259795421542007,0.0,0.043056250000000004,0.043056250000000004,0.10664306640625006,0.10418296576254339,0.0462203125,0.043056250000000004,nan,nan,0.0,0.0,0.0,0.0
neg,2,0,205,0.0,0.0,5.551115123125783e-17,0.12247912530238374,0.14142135623730948,1.5700924586837752e-16,0.0,0.0,0.0,0.17321164011022483,0.19999999999999996,0.0,1.5700924586837752e-16,1.5700924586837752e-16,1.5700924586837752e-16,0.0,0.0,0.0,0.804333963599698,0.4151306061216023,0.0,0.3600000000000001,0.3600000000000001,0.15528525390624998,0.11611162065701945,0.37,0.36,nan,nan,1.0,1.0,0.0,0.0
neg,2,0,206,0.0,0.0,5.551115123125783e-17,0.007859785632569019,0.0,0.0,0.0,0.0,0.0,0.011115415438924359,0.0,0.0,0.0,0.0,0.0,0.0,0.0,0.0,0.2377646551739767,0.11888232758698836,0.0,0.25,0.25,0.2937978759765625,0.29499699760410175,0.25,0.25,nan,nan,0.5,0.5,1.0,1.0
neg,2,0,207,0.16617009357883858,0.0,0.0,0.014355263377072528,0.1767766952966369,0.0,0.23499999999999988,0.0,0.0,0.02030140815929382,0.25,0.0,0.16617009357883866,0.16617009357883866,0.16617009357883866,0.235,0.235,0.235,0.33234018715767716,0.18974031961839022,0.1680029761641143,0.3951124999999999,0.3813062499999999,0.34076406249999996,0.3438404387943178,0.40625,0.390625,nan,nan,0.5,1.0,1.0,1.0
neg,2,0,208,0.014142135623731003,0.0,0.0,0.126746622607996,0.1979898987322333,0.00530330085889915,0.020000000000000018,0.0,0.0,0.17924679267721233,0.28,0.007500000000000062,0.014142135623730925,0.014142135623730925,0.014142135623730925,0.020000000000000018,0.020000000000000018,0.020000000000000018,1.0338490396598312,0.521638565037826,0.020000000000000018,0.4226000000000002,0.42250000000000015,0.34582975531684035,0.34289219144464206,0.4292,0.4096,nan,nan,1.0,1.0,1.0,1.0
neg,2,0,209,0.04242640687119289,0.0,5.551115123125783e-17,0.005341765800230573,0.0,5.551115123125783e-17,0.06000000000000005,0.0,0.0,0.007554397641706845,0.0,0.0,0.042426406871192854,0.042426406871192854,0.042426406871192854,0.06000000000000005,0.06000000000000005,0.06000000000000005,0.2262741699796951,0.12698459278808408,0.06000000000000005,0.2218,0.22089999999999999,0.17248447265624997,0.1719899201716099,0.25,0.25,nan,nan,0.5,0.0,0.0,0.0
neg,2,0,210,0.2594198003478148,0.0,1.2412670766236366e-16,0.025807781262756763,0.23953242212694303,0.0,0.3668750000000003,0.0,0.0,0.0364977142765488,0.3387500000000001,0.0,0.21920310216782976,0.27842329509220304,0.25941980034781464,0.31000000000000005,0.3937499999999998,0.36687500000000006,0.5188396006956296,0.26531235685770266,0.2615287089881341,0.2607611328125001,0.22711181640625,0.24456115722656255,0.24301182454350634,0.13800078124999998,0.10931289062499996,nan,nan,0.5,0.0,0.0,0.0
neg,2,0,211,0.0,0.0,5.551115123125783e-17,0.0872213470360848,0.182079996155536,0.0,0.0,0.0,0.0,0.12334961190688154,0.25750000000000006,0.0,5.551115123125783e-17,1.2412670766236366e-16,0.0,0.0,0.0,0.0,0.636396103067893,0.33322407063416065,0.0,0.19031406250000002,0.19031406250000002,0.13805869140625002,0.11116868407646087,0.20689062499999997,0.19031406250000002,nan,nan,0.0,0.0,0.0,0.0
neg,2,0,212,0.1131370849898477,0.0,1.2412670766236366e-16,0.027508175763632382,0.0,0.04242640687119281,0.16000000000000014,0.0,0.0,0.03890243524107184,0.0,0.06000000000000005,0.11313708498984758,0.11313708498984758,0.11313708498984758,0.16000000000000014,0.16000000000000014,0.16000000000000014,0.4896714459716841,0.26487041511946086,0.1600000000000001,0.18279999999999996,0.17639999999999995,0.09746103515624992,0.0931336542557551,0.25,0.25,nan,nan,0.0,0.0,0.0,0.0
neg,2,0,213,0.0,0.0,5.551115123125783e-17,0.02636642659405806,0.0,0.0,0.0,0.0,0.0,0.03728775808063167,0.0,0.0,0.0,0.0,0.0,0.0,0.0,0.0,0.41188970004116393,0.20594485002058197,0.0,0.25,0.25,0.18248916015625005,0.17686970017806844,0.25,0.25,nan,nan,0.5,0.5,0.0,0.0
neg,2,0,214,0.16617009357883858,0.0,1.5700924586837752e-16,0.01614249881425985,0.1767766952966369,0.0,0.23499999999999988,0.0,0.0,0.022828940753717886,0.25,0.0,0.16617009357883866,0.16617009357883866,0.16617009357883866,0.235,0.235,0.235,0.33234018715767716,0.16617009357883858,0.23499999999999988,0.16011250000000005,0.14630625000000005,0.19470156250000012,0.19187226984547923,0.15625,0.140625,nan,nan,0.5,0.0,0.0,0.0
neg,2,0,215,0.11313708498984766,0.0,5.551115123125783e-17,0.011360577202050005,0.2262741699796952,0.0,0.16000000000000014,0.0,0.0,0.016066282355525763,0.32000000000000006,0.0,0.11313708498984763,0.11313708498984763,0.11313708498984763,0.16000000000000003,0.16000000000000003,0.16000000000000003,0.33941125496954305,0.18620478571245766,0.11401754250991386,0.18279999999999996,0.17639999999999995,0.2139062499999999,0.21326268407822727,0.1412,0.11559999999999998,nan,nan,0.5,0.0,0.0,0.0
neg,2,0,216,0.0,0.0,0.0,0.13184621298737545,0.0,0.0017677669529664096,0.0,0.0,0.0,0.1864587025542781,0.0,0.0025000000000000577,0.0,0.0,0.0,0.0,0.0,0.0,0.6797063934155686,0.3398531967077843,0.0,0.25,0.25,0.14428127441406252,0.09926807633240209,0.25,0.25,nan,nan,0.5,0.5,0.0,0.0
neg,2,0,217,0.07071067811865482,0.0,0.0,0.018902378986149385,0.14142135623730953,0.0,0.10000000000000009,0.0,0.0,0.026732000723328708,0.19999999999999996,0.0,0.07071067811865474,0.07071067811865474,0.07071067811865474,0.09999999999999998,0.09999999999999998,0.09999999999999998,0.3765343609818364,0.2118374065304698,0.10000000000000009,0.20499999999999996,0.20249999999999996,0.16682119140625,0.1635199790539937,0.16999999999999998,0.16000000000000003,nan,nan,0.5,0.0,0.0,0.0
neg,2,0,218,0.22273863607376243,0.0,0.0,0.060494710239902424,0.24748737341529164,1.2412670766236366e-16,0.31499999999999995,0.0,0.0,0.08555243967310056,0.35,0.0,0.2227386360737625,0.2227386360737625,0.2227386360737625,0.31500000000000006,0.31500000000000006,0.31500000000000006,0.7636753236814714,0.3818376618407357,0.31499999999999995,0.1421125,0.11730625000000001,0.22800625000000002,0.2215547931825785,0.13625,0.10562499999999997,nan,nan,0.5,0.0,0.0,0.0
neg,2,0,219,0.20903844218827297,0.0,1.5700924586837752e-16,0.10735929963844748,0.15821514229049002,0.0,0.2956249999999998,0.0,0.0,0.15182897759556935,0.2237499999999999,0.0,0.20152543263816608,0.20417708306761564,0.20903844218827305,0.28500000000000014,0.28875000000000006,0.2956249999999998,0.6752869760331529,0.40732296874600077,0.2956249999999998,0.4415095703124998,0.41966103515624986,0.4806388916015626,0.5475259884780365,0.38690703125,0.37439101562499993,nan,nan,1.0,1.0,1.0,1.0
neg,2,0,220,0.04596194077712555,0.0,5.551115123125783e-17,0.02042799625593633,0.09192388155425117,0.012374368670764553,0.06499999999999995,0.0,0.0,0.028889549357251965,0.1299999999999999,0.01750000000000007,0.04596194077712555,0.04596194077712555,0.04596194077712555,0.06499999999999995,0.06499999999999995,0.06499999999999995,0.43045125304731063,0.24233138646913965,0.06499999999999995,0.28461249999999993,0.28355624999999995,0.18288986816406255,0.18042601872853034,0.32345,0.3192249999999999,nan,nan,1.0,1.0,0.0,0.0
neg,2,0,221,0.3124528089368057,0.0,1.2412670766236366e-16,0.07478329665911089,0.3190819350104296,1.2412670766236366e-16,0.441875,0.0,0.0,0.10575955237428514,0.45125000000000004,0.0,0.30935921676911454,0.3093592167691145,0.31245280893680566,0.4375,0.4375,0.441875,0.6249056178736114,0.3631287949218416,0.3125656181108216,0.1266892578125,0.07787587890625,0.11274904785156258,0.0939791576809701,0.12618828125,0.07528164062500002,nan,nan,0.5,0.0,0.0,0.0
neg,2,0,222,0.2505809655829829,0.0,1.2412670766236366e-16,0.0403999303131159,0.2536745577506738,0.0,0.3543750000000001,0.0,0.0,0.05713412936773654,0.3587499999999999,0.0,0.2598617420860562,0.253674557750674,0.2505809655829827,0.36750000000000016,0.3587500000000001,0.3543750000000001,0.5011619311659656,0.30597099677592904,0.26358184805672796,0.1356033203125,0.10420791015624997,0.12436643066406244,0.1169446632268451,0.13497578125,0.10280039062500003,nan,nan,0.0,0.0,0.0,0.0
neg,2,0,223,0.009590135719842614,0.0,5.551115123125783e-17,0.16640900237847644,0.01078337841309488,0.0,0.013562500000000144,0.0,0.0,0.23533786806461798,0.015249999999999986,0.0,0.008131727983645304,0.010783378413094917,0.009590135719842574,0.011500000000000066,0.015249999999999986,0.013562500000000033,0.7024221987611868,0.465084753934177,0.013562500000000088,0.00014786914062499918,0.00010188378906249801,0.06504890844726557,0.03197311241793563,0.00013253124999999978,7.439062499999845e-05,nan,nan,0.0,0.0,0.0,0.0
neg,2,0,224,0.16793786053180507,0.0,5.551115123125783e-17,0.22203757099506785,0.3358757210636101,0.06540737725975566,0.23750000000000004,0.0,0.0,0.3140085442576038,0.475,0.09250000000000003,0.16793786053180507,0.16793786053180507,0.16793786053180507,0.23750000000000004,0.23750000000000004,0.23750000000000004,0.7662461871611703,0.43910238042452027,0.23750000000000004,0.396953125,0.3828515625,0.45413038554575097,0.6369634213861392,0.6003125,0.54390625,nan,nan,0.5,1.0,1.0,1.0
neg,2,0,225,0.30184620721900757,0.0,5.551115123125783e-17,0.1512853094296189,0.10960155108391488,0.03712310601229366,0.4268750000000001,0.0,0.0,0.21394973638317738,0.15500000000000003,0.05249999999999977,0.26870057685088805,0.3031720324337322,0.30184620721900746,0.3799999999999999,0.42874999999999996,0.4268749999999999,0.943103669407558,0.5281203771987028,0.30417472877443325,0.2696986328125001,0.22414306640625006,0.13448264160156248,0.09768519073069146,0.3395125,0.33350625,nan,nan,0.5,0.0,0.0,0.0
neg,2,0,226,0.340295138446026,0.0,5.551115123125783e-17,0.16100789024412435,0.340295138446026,0.0,0.48124999999999996,0.0,0.0,0.22769954203231935,0.48124999999999996,0.0,0.34117902192250915,0.34117902192250915,0.340295138446026,0.48249999999999993,0.48249999999999993,0.48124999999999996,0.7001064240528007,0.46348492484174236,0.48124999999999996,0.12517578125,0.06727539062500001,0.06549760562499998,0.033582068692521075,0.12517578125,0.06727539062500001,nan,nan,0.0,0.0,0.0,0.0
neg,2,0,227,0.04419417382415922,0.0,0.0,0.022495550334263946,0.017677669529663705,0.0,0.0625,0.0,0.0,0.03181351237576269,0.025000000000000022,0.0,0.00530330085889915,0.05568465901844053,0.04419417382415922,0.007500000000000062,0.07874999999999988,0.0625,0.4419417382415922,0.2209708691207961,0.0625,0.220703125,0.2197265625,0.299072265625,0.30368976368273004,0.2628125,0.26265625,nan,nan,0.0,0.0,1.0,1.0
neg,2,0,228,0.16440232662587226,0.0,0.0,0.015764990003241563,0.15202795795510773,0.007071067811865521,0.23249999999999993,0.0,0.0,0.022295062673260535,0.21499999999999986,0.010000000000000009,0.16617009357883872,0.16617009357883872,0.16440232662587226,0.23499999999999988,0.23499999999999988,0.23249999999999993,0.3288046532517445,0.16440232662587226,0.23249999999999993,0.16077812500000002,0.14726406250000001,0.195253515625,0.1925173273079123,0.1656125,0.15405625000000003,nan,nan,0.0,0.0,0.0,0.0
neg,2,0,229,0.041100581656468065,0.0,0.0,0.012354464672974175,0.05214912511250787,0.0,0.05812499999999998,0.0,0.0,0.01747185149637942,0.07374999999999998,0.0,0.06187184335382284,0.06187184335382284,0.041100581656468065,0.08749999999999991,0.08749999999999991,0.05812499999999998,0.3509017401638244,0.18252193789377769,0.05812499999999998,0.1952705078125,0.19442587890625,0.26057834472656255,0.26160864886415447,0.28959453125,0.288234765625,nan,nan,0.0,0.0,1.0,1.0
neg,2,0,230,0.03358757210636092,0.0,0.0,0.07842244548380274,0.067175144212722,0.0,0.047499999999999876,0.0,0.0,0.1109060859976585,0.09499999999999997,0.0,0.033587572106361,0.033587572106361,0.033587572106361,0.047499999999999876,0.047499999999999876,0.047499999999999876,0.6408155204503087,0.40879610787347276,0.047499999999999876,0.274878125,0.27431406249999996,0.10031076660156246,0.08634123155423139,0.3020125,0.29975625,nan,nan,1.0,1.0,0.0,0.0
neg,2,0,231,0.0,0.0,1.1102230246251565e-16,0.05162908508504389,0.3252691193458119,5.551115123125783e-17,0.0,0.0,0.0,0.0730145523401835,0.45999999999999996,0.0,0.0,0.0,0.0,0.0,0.0,0.0,0.3664580893499283,0.2104526557506462,0.0,0.0729,0.0729,0.027753477539062495,0.018586133121735925,0.1258,0.0729,nan,nan,0.0,0.0,0.0,0.0
neg,2,0,232,0.20461902480585714,0.0,5.551115123125783e-17,0.02294214542706385,0.25367455775067393,0.012374368670764553,0.28937499999999994,0.0,0.0,0.032445093212889575,0.35875,0.01749999999999996,0.20152543263816608,0.20152543263816608,0.20461902480585714,0.28500000000000003,0.28500000000000003,0.28937499999999994,0.4092380496117143,0.23231404040233028,0.20820006153937604,0.14718144531250002,0.12624697265625,0.15862795410156244,0.1544049793957406,0.13497578125,0.10280039062499996,nan,nan,0.5,0.0,0.0,0.0
neg,2,0,233,0.38360542879370196,0.0,5.551115123125783e-17,0.14153926255120328,0.15202795795510773,0.10960155108391481,0.5425,0.0,0.0,0.20016674470819806,0.21500000000000008,0.1549999999999998,0.4083541661352312,0.37123106012293744,0.383605428793702,0.5775,0.525,0.5425,1.050937453538506,0.5785017353582441,0.38914168370916,0.3719656249999999,0.2983890624999999,0.17365451660156253,0.16197749289377336,0.3806125000000001,0.36905625000000003,nan,nan,0.5,1.0,0.0,0.0
neg,2,0,234,0.0,0.0,5.551115123125783e-17,0.21758255455997294,0.0,0.0,0.0,0.0,0.0,0.3077081995944977,0.0,0.0,0.0,0.0,0.0,0.0,0.0,0.0,1.0915960934567326,0.5457980467283662,0.0,0.25,0.25,0.20067600097656252,0.1325835461364357,0.25,0.25,nan,nan,0.5,0.5,0.0,0.0
neg,2,0,235,0.16572815184059708,0.0,5.551115123125783e-17,0.09325282123838319,0.2934493141924172,5.551115123125783e-17,0.234375,0.0,0.0,0.13187940452487534,0.41500000000000004,0.0,0.1573312588140069,0.16528621010235553,0.1657281518405971,0.22250000000000014,0.23375000000000012,0.234375,0.8617863895711048,0.4638915112409246,0.234375,0.05090957031250002,0.03717666015625002,0.14451877441406247,0.127808245244373,0.1286125,0.08555624999999999,nan,nan,0.0,0.0,0.0,0.0
neg,2,0,236,0.2722361107568208,0.0,1.5700924586837752e-16,0.046032059839984464,0.24748737341529164,0.0,0.385,0.0,0.0,0.06509916332967591,0.35,0.0,0.2722361107568208,0.2722361107568208,0.2722361107568208,0.385,0.385,0.385,0.5444722215136416,0.3098011585073561,0.2733587386567329,0.1316125,0.09455625,0.12680275878906241,0.1162799672060406,0.13625,0.10562499999999997,nan,nan,0.5,0.0,0.0,0.0
neg,2,0,237,0.2991945567895579,0.0,5.551115123125783e-17,0.0647673634360618,0.29698484809835,0.0,0.423125,0.0,0.0,0.0915948837704259,0.41999999999999993,0.0,0.28991378028648446,0.29610096462186675,0.2991945567895579,0.4099999999999999,0.41874999999999996,0.423125,0.5983891135791158,0.3575308662374481,0.30348046168575665,0.1279548828125,0.08319619140625001,0.11045236816406245,0.09593405184914655,0.1282,0.08410000000000002,nan,nan,0.0,0.0,0.0,0.0
neg,2,0,238,0.0,0.0,0.0,0.020265455328497214,0.31112698372208086,0.0,0.0,0.0,0.0,0.028659681773226864,0.43999999999999995,0.0,0.0,0.0,0.0,0.0,0.0,0.0,0.3429467888754755,0.22273863607376243,0.0,0.07840000000000001,0.07840000000000001,0.14726406250000001,0.14461457557362567,0.1268,0.07840000000000001,nan,nan,0.0,0.0,0.0,0.0
neg,2,0,239,0.0,0.0,5.551115123125783e-17,0.03128342499278985,0.0,0.0,0.0,0.0,0.0,0.044241443902284905,0.0,0.0,0.0,0.0,0.0,0.0,0.0,0.0,0.44547727214752486,0.2250956586777176,0.0,0.25,0.25,0.17535156249999997,0.16819551015955514,0.25,0.25,nan,nan,0.5,0.5,0.0,0.0
neg,2,0,240,0.3106850419838394,0.0,1.5700924586837752e-16,0.07683559140593428,0.3128947506750473,1.5700924586837752e-16,0.43937500000000007,0.0,0.0,0.10866193543922986,0.4425,0.0,0.31466251762801367,0.3058236828631818,0.3106850419838394,0.44500000000000006,0.4325,0.43937500000000007,0.6213700839676788,0.38537319574666845,0.3397293270016588,0.1268376953125,0.07857509765624998,0.09668212890625005,0.08057566663001993,0.126653125,0.07770156250000003,nan,nan,0.5,0.0,0.0,0.0
neg,2,0,241,0.0,0.0,1.2412670766236366e-16,0.11263587207645383,0.012374368670764592,0.001767766952966331,0.0,0.0,0.0,0.15929117790024194,0.01750000000000007,0.0024999999999999467,1.5700924586837752e-16,1.5700924586837752e-16,0.0,0.0,0.0,0.0,0.8670896904300042,0.4874617372804763,0.0,0.0735765625,0.0735765625,0.13655334472656255,0.11166050238096997,0.07365312500000001,0.0735765625,nan,nan,0.0,0.0,0.0,0.0
neg,2,0,242,0.05303300858899107,0.0,5.551115123125783e-17,0.016474957587705556,0.1449568901432422,0.0,0.07499999999999996,0.0,0.0,0.023299108460054674,0.20499999999999996,0.0,0.033587572106361,0.03977475644174331,0.05303300858899111,0.04749999999999999,0.05625000000000002,0.07500000000000007,0.37299882707590376,0.2189084743423353,0.07499999999999996,0.10703125000000002,0.10562500000000004,0.18089072265624997,0.17921300614097577,0.1685125,0.15800624999999996,nan,nan,0.0,0.0,0.0,0.0
neg,2,0,243,0.0,0.0,0.0,0.0011162980323815594,0.0,0.0,0.0,0.0,0.0,0.0015786838170444017,0.0,0.0,0.0,0.0,0.0,0.0,0.0,0.0,0.08573669721886878,0.05480077554195741,0.0,0.25,0.25,0.22296103515625,0.22291817490976723,0.25,0.25,nan,nan,0.5,0.5,0.0,0.0
neg,2,0,244,0.1131370849898477,0.0,0.0,0.04333943175095378,0.0,1.5700924586837752e-16,0.16000000000000014,0.0,0.0,0.061291212167742026,0.0,0.0,0.11313708498984758,0.11313708498984758,0.11313708498984758,0.16000000000000014,0.16000000000000014,0.16000000000000014,0.6434671708797584,0.3217335854398791,0.1600000000000001,0.18279999999999996,0.17639999999999995,0.28488906249999996,0.2921406906179583,0.25,0.25,nan,nan,0.0,0.0,1.0,1.0
neg,2,0,245,0.003093592167691158,0.0,1.5700924586837752e-16,5.0755804968497355e-06,0.167937860531805,0.0,0.004375000000000018,0.0,0.0,7.177954775561268e-06,0.23750000000000004,0.0,0.005303300858899111,0.0026516504294494966,0.003093592167691158,0.00749999999999984,0.00374999999999992,0.004375000000000018,0.006187184335382316,0.0030935921676911574,0.004375000000000018,0.24782207031249998,0.24781728515624998,0.2489074462890626,0.24890742801023602,0.159453125,0.14535156249999998,nan,nan,0.5,0.0,0.0,0.0
neg,2,0,246,0.05303300858899119,0.0,1.2412670766236366e-16,0.005286783573266731,0.2262741699796952,1.5700924586837752e-16,0.07500000000000018,0.0,0.0,0.007476641030645048,0.32000000000000006,0.0,0.05303300858899111,0.05303300858899111,0.05303300858899111,0.07500000000000007,0.07500000000000007,0.07500000000000007,0.24218407255639274,0.12109203627819637,0.07500000000000018,0.2903125000000001,0.2889062500000001,0.24471572265624997,0.24459670331592676,0.46120000000000005,0.43560000000000004,nan,nan,0.5,1.0,0.0,0.0
neg,2,0,247,0.10562407543974056,0.0,0.0,0.006140342100286281,0.05568465901844065,0.0,0.14937500000000004,0.0,0.0,0.008683755075835409,0.0787500000000001,0.0,0.06540737725975566,0.06540737725975566,0.10562407543974056,0.09250000000000003,0.09250000000000003,0.14937500000000004,0.21124815087948112,0.10562407543974056,0.14937500000000004,0.1864689453125,0.18089072265624997,0.21405080566406248,0.21334377875989702,0.21372578124999997,0.21217539062499996,nan,nan,0.5,0.0,0.0,0.0
neg,2,0,248,0.0,0.0,1.5700924586837752e-16,0.013449353918045344,0.0,0.05303300858899111,0.0,0.0,0.0,0.019020258716055505,0.0,0.07500000000000007,0.0,0.0,0.0,0.0,0.0,0.0,0.3058236828631819,0.15291184143159095,0.0,0.25,0.25,0.30698525390625014,0.309712405947764,0.25,0.25,nan,nan,0.5,0.5,1.0,1.0
neg,2,0,249,0.29875261505131623,0.0,5.551115123125783e-17,0.11251517071719094,0.31466251762801367,0.0,0.4224999999999999,0.0,0.0,0.1591204804009756,0.44499999999999995,0.0,0.2952170811453836,0.2952170811453836,0.2987526150513163,0.4175,0.4175,0.4225,0.9369164850721753,0.4684582425360877,0.4224999999999999,0.5505031249999999,0.5058765624999999,0.297706640625,0.3299423570368923,0.5715125,0.52200625,nan,nan,0.5,1.0,1.0,1.0
neg,2,0,250,0.0,0.0,5.551115123125783e-17,0.026961921134830355,0.0,1.5700924586837752e-16,0.0,0.0,0.0,0.038129914536510934,0.0,0.0,0.0,0.0,0.0,0.0,0.0,0.0,0.5250267850310116,0.2625133925155058,0.0,0.25,0.25,0.2733329101562499,0.2762156403389392,0.25,0.25,nan,nan,0.5,0.5,1.0,1.0
neg,2,0,251,0.0989949493661167,0.0,1.5700924586837752e-16,0.04047462646338121,0.1979898987322333,0.0,0.14000000000000012,0.0,0.0,0.05723976567649869,0.28,0.0,0.09899494936611666,0.09899494936611666,0.09899494936611666,0.14,0.14,0.14,0.6151828996322964,0.3075914498161482,0.14000000000000007,0.18979999999999997,0.18489999999999995,0.29025156249999984,0.2979114057340768,0.1492,0.1296,nan,nan,0.5,0.0,1.0,1.0
neg,2,0,252,0.12374368670764585,0.0,0.0,0.07952902172309587,0.24748737341529162,0.005303300858899033,0.17500000000000004,0.0,0.0,0.11247102112306662,0.3500000000000001,0.00749999999999984,0.12374368670764585,0.12374368670764585,0.12374368670764585,0.17500000000000004,0.17500000000000004,0.17500000000000004,0.8069856140291476,0.44120516867785636,0.17500000000000004,0.35281250000000003,0.34515625000000005,0.16389846191406246,0.14980933737850963,0.48624999999999996,0.45562500000000006,nan,nan,1.0,1.0,0.0,0.0
neg,2,0,253,0.0035355339059327017,0.0,0.0,0.028083229544913303,0.007071067811865462,1.2412670766236366e-16,0.004999999999999893,0.0,0.0,0.03971568409765325,0.010000000000000009,0.0,0.0035355339059327407,0.0035355339059327407,0.0035355339059327407,0.0050000000000000044,0.0050000000000000044,0.0050000000000000044,0.3623922253581054,0.1965167596047612,0.004999999999999893,0.1105625,0.11055625000000001,0.06359853515625001,0.05713013288508438,0.027250000000000007,0.027225000000000003,nan,nan,0.0,0.0,0.0,0.0
neg,2,0,254,0.1025304832720494,0.0,5.551115123125783e-17,0.03148118752575035,0.0,0.0,0.14500000000000002,0.0,0.0,0.0445211223585269,0.0,0.0,0.1025304832720494,0.1025304832720494,0.1025304832720494,0.14500000000000002,0.14500000000000002,0.14500000000000002,0.540936687607709,0.28785138550802375,0.10254572150996843,0.33301250000000004,0.32775625,0.24533447265625005,0.24178574769017058,0.25,0.25,nan,nan,1.0,1.0,0.0,0.0
neg,2,0,255,0.0,0.0,1.5700924586837752e-16,0.047819850367507806,0.0,0.0,0.0,0.0,0.0,0.06762748094038162,0.0,0.0,0.0,0.0,0.0,0.0,0.0,0.0,0.6814741603685353,0.3407370801842677,0.0,0.25,0.25,0.27875100097656236,0.28549869719845455,0.25,0.25,nan,nan,0.5,0.5,1.0,1.0
neg,2,0,256,0.0,0.0,5.551115123125783e-17,0.05217899808156992,0.0,1.2412670766236366e-16,0.0,0.0,0.0,0.0737922467579959,0.0,0.0,0.0,0.0,0.0,0.0,0.0,0.0,0.5594982406138557,0.3304251062919638,0.0,0.25,0.25,0.12064768066406255,0.10926759426208998,0.25,0.25,nan,nan,0.5,0.5,0.0,0.0
neg,2,0,257,0.0,0.0,1.5700924586837752e-16,0.05741141742154328,0.08485281374238571,0.0,0.0,0.0,0.0,0.08119200515260949,0.12,0.0,0.0,0.0,0.0,0.0,0.0,0.0,0.7539526054401564,0.39111843834380916,0.0,0.19359999999999997,0.19359999999999997,0.22726076660156236,0.22612878343378268,0.1972,0.19359999999999997,nan,nan,0.0,0.0,0.0,0.0
neg,2,0,258,0.0,0.0,5.551115123125783e-17,0.04951893338160149,0.0,1.2412670766236366e-16,0.0,0.0,0.0,0.07003034718251056,0.0,0.0,0.0,0.0,0.0,0.0,0.0,0.0,0.5444722215136416,0.3293939089027334,0.0,0.25,0.25,0.11773476562499993,0.10780935030819287,0.25,0.25,nan,nan,0.5,0.5,0.0,0.0
neg,2,0,259,0.157478572726754,0.0,1.5700924586837752e-16,0.0233785021655196,0.25367455775067393,0.0029462782549439376,0.22270833333333329,0.0,0.0,0.03306219483044659,0.35875,0.004166666666666652,0.15733125881400684,0.16057216489444515,0.157478572726754,0.22250000000000003,0.2270833333333333,0.22270833333333329,0.4092380496117143,0.22033250883222485,0.22270833333333329,0.1160703342013889,0.10367058376736113,0.16891243760850705,0.16417849085143257,0.13497578125,0.10280039062499996,nan,nan,0.0,0.0,0.0,0.0
neg,2,0,260,0.2165514517383801,0.0,5.551115123125783e-17,0.06300852634392246,0.2722361107568208,1.5700924586837752e-16,0.3062499999999999,0.0,0.0,0.08910751250071758,0.385,0.0,0.22450640302672883,0.21920310216782968,0.2165514517383802,0.3175,0.30999999999999994,0.30625,0.7371588193869758,0.41807688437654617,0.23100662869277144,0.14376953125000003,0.12032226562500004,0.1803594726562501,0.1772599557194776,0.1316125,0.09455625,nan,nan,0.5,0.0,0.0,0.0
neg,2,0,261,0.0,0.0,0.0,0.005981413965651312,0.0,0.0,0.0,0.0,0.0,0.008458996752391812,0.0,0.0,0.0,0.0,0.0,0.0,0.0,0.0,0.20859650045003147,0.10429825022501575,0.0,0.25,0.25,0.288234765625,0.2890249227366346,0.25,0.25,nan,nan,0.5,0.5,1.0,1.0
neg,2,0,262,0.12462757018412901,0.0,0.0,0.047432035929373645,0.1608667927199396,0.0,0.17625000000000002,0.0,0.0,0.0670790285022882,0.22750000000000004,0.0,0.12551145366061217,0.12462757018412901,0.12462757018412901,0.1775,0.17625000000000002,0.17625000000000002,0.6885452281804005,0.3616556557943696,0.17625000000000002,0.44584453125,0.438078515625,0.2721904541015625,0.2717799269506796,0.38962812500000005,0.3766890625,nan,nan,1.0,1.0,1.0,1.0
neg,2,0,263,0.15291184143159095,0.0,5.551115123125783e-17,0.036353905000159906,0.15026019100214136,0.0,0.21625000000000005,0.0,0.0,0.051412185496449214,0.21250000000000002,0.0,0.16617009357883866,0.15733125881400678,0.15291184143159095,0.235,0.22249999999999992,0.21625000000000005,0.6169506665852628,0.3084753332926314,0.21625000000000005,0.38150703125,0.36981601562500005,0.24906337890624997,0.24890286755479554,0.378828125,0.36753906249999996,nan,nan,0.5,1.0,0.0,0.0
neg,2,0,264,0.0,0.0,1.5700924586837752e-16,0.06568947311044897,0.0,0.0,0.0,0.0,0.0,0.09289894377793972,0.0,0.0,0.0,0.0,0.0,0.0,0.0,0.0,0.7495331880577402,0.42426406871192834,0.0,0.25,0.25,0.34809999999999985,0.3574248585924973,0.25,0.25,nan,nan,0.5,0.5,1.0,1.0
neg,2,0,265,0.0,0.0,1.2412670766236366e-16,0.06449116963341357,0.056568542494923775,0.0,0.0,0.0,0.0,0.09120428674887737,0.08000000000000007,0.0,0.0,0.0,0.0,0.0,0.0,0.0,0.7645592071579544,0.41999196524225973,0.0,0.2916,0.2916,0.24025314941406253,0.24440193631978546,0.2932,0.2916,nan,nan,1.0,1.0,0.0,0.0
neg,2,0,266,0.2274526812816728,0.0,5.551115123125783e-17,0.04647935467013195,0.4054078878802873,1.2412670766236366e-16,0.32166666666666677,0.0,0.0,0.06573173374484986,0.5733333333333334,0.0,0.2315774708385943,0.22745268128167268,0.22745268128167279,0.3275,0.32166666666666655,0.32166666666666666,0.6611448404094219,0.36749910766667515,0.2275289969310384,0.36711805555555566,0.3412506944444445,0.2565000434027779,0.2575822782348606,0.5768555555555556,0.4946777777777778,nan,nan,0.5,1.0,1.0,1.0
neg,2,0,267,0.0,0.0,5.551115123125783e-17,0.013792391569556745,0.0,0.0,0.0,0.0,0.0,0.019505387215227543,0.0,0.0,0.0,0.0,0.0,0.0,0.0,0.0,0.32703688629877814,0.1835531352830079,0.0,0.25,0.25,0.33531337890625,0.33827442592949125,0.25,0.25,nan,nan,0.5,0.5,1.0,1.0
neg,2,0,268,0.09545941546018392,0.0,1.5700924586837752e-16,0.026355529599488583,0.19091883092036782,0.005303300858899072,0.135,0.0,0.0,0.03727234740312224,0.27,0.007499999999999951,0.09545941546018392,0.09545941546018392,0.09545941546018392,0.135,0.135,0.135,0.517955717219146,0.25897785860957295,0.135,0.1916125,0.18705625,0.27464150390624986,0.27760571128771866,0.15145,0.13322499999999998,nan,nan,0.5,0.0,1.0,1.0
neg,2,0,269,0.20152543263816614,0.0,1.5700924586837752e-16,0.03802562946567215,0.15556349186104043,1.2412670766236366e-16,0.28500000000000014,0.0,0.0,0.05377636090812754,0.21999999999999997,0.0,0.20152543263816608,0.20152543263816608,0.20152543263816608,0.28500000000000014,0.28500000000000014,0.28500000000000014,0.6010407640085658,0.3005203820042829,0.28500000000000014,0.14811249999999998,0.12780624999999995,0.2150640625000001,0.20935494235702565,0.1642,0.1521,nan,nan,0.0,0.0,0.0,0.0
neg,2,0,270,0.0,0.0,5.551115123125783e-17,0.001405674800885323,0.0,0.0,0.0,0.0,0.0,0.001987924367698124,0.0,0.0,0.0,0.0,0.0,0.0,0.0,0.0,0.1025304832720494,0.0512652416360247,0.0,0.25,0.25,0.23220351562500005,0.23212230066868952,0.25,0.25,nan,nan,0.5,0.5,0.0,0.0
neg,2,0,271,0.049497474683058366,0.0,5.551115123125783e-17,0.0013096423121081212,0.09899494936611666,0.0,0.07000000000000006,0.0,0.0,0.0018521139196410186,0.14,0.0,0.049497474683058366,0.049497474683058366,0.049497474683058366,0.07000000000000006,0.07000000000000006,0.07000000000000006,0.09899494936611673,0.049497474683058366,0.07000000000000006,0.28745000000000004,0.286225,0.2678062500000001,0.26788470806171566,0.3298,0.3249000000000001,nan,nan,0.5,1.0,1.0,1.0
neg,2,0,272,0.21213203435596428,0.0,5.551115123125783e-17,0.0226364247337453,0.15556349186104043,0.03535533905932741,0.30000000000000004,0.0,0.0,0.03201273886210032,0.21999999999999997,0.050000000000000044,0.21213203435596428,0.2032931995911324,0.21213203435596428,0.30000000000000004,0.2875000000000001,0.30000000000000004,0.42426406871192857,0.21213203435596428,0.26305892875931813,0.39459999999999995,0.3721,0.30802499999999994,0.313297182416653,0.3842,0.3721,nan,nan,0.5,1.0,1.0,1.0
neg,2,0,273,0.2859363046423101,0.0,0.0,0.0632860313250722,0.2934493141924172,0.0,0.40437499999999993,0.0,0.0,0.08949996380868563,0.41500000000000004,0.0,0.2598617420860563,0.27842329509220315,0.2859363046423102,0.36750000000000005,0.39375000000000004,0.40437500000000004,0.5718726092846202,0.2859363046423101,0.40437499999999993,0.1295720703125,0.08869228515625002,0.15912619628906252,0.14092619720234276,0.1286125,0.08555624999999999,nan,nan,0.5,0.0,0.0,0.0
neg,2,0,274,0.29786873157483323,0.0,0.0,0.03521757878101072,0.10606601717798214,1.5700924586837752e-16,0.4212500000000001,0.0,0.0,0.049805177546048296,0.15000000000000002,0.0,0.29168154723945083,0.29168154723945083,0.2978687315748331,0.4125,0.4125,0.4212499999999999,0.5957374631496665,0.31849267935944087,0.30180964613477823,0.3299195312500001,0.285556640625,0.29058837890625,0.29249372064300616,0.18625,0.18062500000000004,nan,nan,0.5,1.0,1.0,1.0
neg,2,0,275,0.0,0.0,1.2412670766236366e-16,0.12523677026008947,0.0,0.0,0.0,0.0,0.0,0.17711153900962195,0.0,0.0,0.0,0.0,0.0,0.0,0.0,0.0,0.6788225099390857,0.35001785668734103,0.0,0.25,0.25,0.13597656249999995,0.09421959576620849,0.25,0.25,nan,nan,0.5,0.5,0.0,0.0
neg,2,0,276,0.060104076400856514,0.0,5.551115123125783e-17,0.06949609665091148,0.2262741699796952,0.010606601717798184,0.08499999999999996,0.0,0.0,0.09828232241571044,0.32000000000000006,0.015000000000000013,0.06010407640085659,0.06010407640085659,0.06010407640085659,0.08500000000000008,0.08500000000000008,0.08500000000000008,0.6920807620863333,0.4048480950118478,0.08499999999999996,0.2961125,0.29430625,0.12800742285156247,0.11455496815264896,0.46120000000000005,0.43560000000000004,nan,nan,0.5,1.0,0.0,0.0
neg,2,0,277,0.0,0.0,0.0,0.07172547041016501,0.0,0.0,0.0,0.0,0.0,0.10143513302164553,0.0,0.0,0.0,0.0,0.0,0.0,0.0,0.0,0.5939696961966998,0.2969848480983499,0.0,0.25,0.25,0.15602500000000002,0.13464887706383555,0.25,0.25,nan,nan,0.5,0.5,0.0,0.0
neg,2,0,278,0.20461902480585714,0.0,5.551115123125783e-17,0.03311447188205279,0.25367455775067393,1.2412670766236366e-16,0.28937499999999994,0.0,0.0,0.04683093524642157,0.35875,0.0,0.20152543263816608,0.20152543263816608,0.20461902480585714,0.28500000000000003,0.28500000000000003,0.28937499999999994,0.5365172702252927,0.26825863511264636,0.28937499999999994,0.14718144531250002,0.12624697265625,0.20264064941406254,0.19646827194632915,0.13497578125,0.10280039062499996,nan,nan,0.5,0.0,0.0,0.0
neg,2,0,279,0.0,0.0,5.551115123125783e-17,0.0975822298948907,0.0,0.0,0.0,0.0,0.0,0.1380021129639637,0.0,0.0,0.0,0.0,0.0,0.0,0.0,0.0,0.8441087200414412,0.42205436002072055,0.0,0.25,0.25,0.19209045410156247,0.16634309715482726,0.25,0.25,nan,nan,0.5,0.5,0.0,0.0
neg,2,0,280,0.17324116139070417,0.0,0.0,0.05411486815866543,0.0,0.007071067811865481,0.2450000000000001,0.0,0.0,0.07652998047601667,0.0,0.010000000000000009,0.17324116139070414,0.17324116139070414,0.17324116139070414,0.245,0.245,0.245,0.7371588193869761,0.368579409693488,0.24500000000000005,0.4025125000000001,0.38750625000000005,0.24224853515625,0.24018266554759396,0.25,0.25,nan,nan,0.5,1.0,0.0,0.0
neg,2,0,281,0.0,0.0,0.0,0.0005847024876759909,0.10606601717798214,0.0,0.0,0.0,0.0,0.0008268941880247294,0.15000000000000002,0.0,0.0,0.0,0.0,0.0,0.0,0.0,0.06629126073623882,0.03314563036811941,0.0,0.25,0.25,0.2618560791015625,0.2618792433289788,0.33625000000000005,0.33062499999999995,nan,nan,0.5,0.5,1.0,1.0
neg,2,0,282,0.04419417382415922,0.0,5.551115123125783e-17,0.07115726329998068,0.08838834764831845,0.0,0.0625,0.0,0.0,0.10063156682018604,0.125,0.0,0.04419417382415922,0.04419417382415922,0.04419417382415922,0.0625,0.0625,0.0625,0.6045762979144981,0.3170195402319688,0.0625,0.220703125,0.2197265625,0.14250624999999997,0.12160998135245206,0.1953125,0.19140625,nan,nan,0.0,0.0,0.0,0.0
neg,2,0,283,0.024748737341529263,0.0,0.0,0.05036144462963973,0.29698484809834996,0.0,0.03500000000000014,0.0,0.0,0.07122183801593818,0.42000000000000004,0.0,0.024748737341529145,0.024748737341529145,0.024748737341529145,0.03500000000000014,0.03500000000000014,0.03500000000000014,0.6434671708797584,0.37123106012293744,0.03500000000000009,0.5295625000000002,0.5292562500000001,0.31500156250000005,0.3156925222432388,0.5482,0.5041,nan,nan,1.0,1.0,1.0,1.0
neg,2,0,284,0.0,0.0,5.551115123125783e-17,0.0036235638550140624,0.0,1.2412670766236366e-16,0.0,0.0,0.0,0.005124493147885767,0.0,0.0,0.0,0.0,0.0,0.0,0.0,0.0,0.16351844314938893,0.08175922157469447,0.0,0.25,0.25,0.2219293212890626,0.22160174321314155,0.25,0.25,nan,nan,0.5,0.5,0.0,0.0
neg,2,0,285,0.13390834668720245,0.0,5.551115123125783e-17,0.017668773964905116,0.11225320151336442,0.0,0.18937500000000007,0.0,0.0,0.024987419771673403,0.15874999999999995,0.0,0.13081475451951124,0.13700193885489356,0.13390834668720242,0.18499999999999994,0.19374999999999998,0.18937499999999996,0.43045125304731086,0.21522562652365543,0.18937500000000002,0.17324394531249998,0.16427822265624997,0.23175197753906254,0.23037460435877408,0.18322578125,0.176925390625,nan,nan,0.5,0.0,0.0,0.0
neg,2,0,286,0.09899494936611673,0.0,0.0,0.004972953827112177,0.19798989873223333,1.2412670766236366e-16,0.14000000000000012,0.0,0.0,0.007032818747357172,0.28,0.0,0.09899494936611662,0.09899494936611662,0.09899494936611662,0.14000000000000012,0.14000000000000012,0.14000000000000012,0.19798989873223344,0.11681993280852761,0.09931405363794193,0.18979999999999997,0.18489999999999995,0.19899963378906246,0.1985536269688816,0.1492,0.1296,nan,nan,0.0,0.0,0.0,0.0
neg,2,0,287,0.021213203435596444,0.0,5.551115123125783e-17,0.016566442888991263,0.06363961030678926,0.0,0.030000000000000027,0.0,0.0,0.023428488213890764,0.08999999999999986,0.0,0.03535533905932737,0.021213203435596486,0.021213203435596486,0.050000000000000044,0.030000000000000027,0.030000000000000027,0.3464823227814084,0.1803122292025697,0.030000000000000027,0.23545,0.235225,0.18597656249999991,0.1829814169959173,0.29905,0.29702499999999993,nan,nan,0.5,0.0,0.0,0.0
neg,2,0,288,0.261187567300781,0.0,5.551115123125783e-17,0.07848839634280509,0.22539028650321202,0.005303300858899072,0.369375,0.0,0.0,0.11099935459690968,0.3187500000000001,0.00749999999999984,0.2616295090390225,0.26339727599198887,0.26118756730078097,0.3699999999999999,0.37249999999999983,0.3693749999999998,0.6213700839676787,0.32718420021152544,0.36937499999999995,0.09428769531249998,0.06017822265624997,0.13887268066406244,0.11534741231203993,0.06565078125,0.04025039062499998,nan,nan,0.0,0.0,0.0,0.0
neg,2,0,289,0.0,0.0,1.2412670766236366e-16,0.11066700072085049,0.0,0.0,0.0,0.0,0.0,0.15650677332657992,0.0,0.0,0.0,0.0,0.0,0.0,0.0,0.0,0.8582508556651721,0.429125427832586,0.0,0.25,0.25,0.18557248535156243,0.15349538313372452,0.25,0.25,nan,nan,0.5,0.5,0.0,0.0
neg,2,0,290,0.10474019196325728,0.0,1.2412670766236366e-16,0.05237085588144528,0.0804333963599698,1.2412670766236366e-16,0.14812499999999984,0.0,0.0,0.07406357466062674,0.11375000000000002,0.0,0.1042982502250157,0.10164659979556616,0.10474019196325732,0.14749999999999996,0.14374999999999982,0.14812499999999984,0.5559627067079229,0.33572840715086283,0.14812499999999984,0.03822363281249999,0.03273837890624999,0.11591896972656243,0.10519259010209558,0.007707031250000003,0.004472265625000003,nan,nan,0.0,0.0,0.0,0.0
neg,2,0,291,0.20152543263816614,0.0,0.0,0.04920315108338582,0.15556349186104043,0.0,0.28500000000000014,0.0,0.0,0.06958376357361673,0.21999999999999997,0.0,0.20152543263816608,0.20152543263816608,0.20152543263816608,0.28500000000000014,0.28500000000000014,0.28500000000000014,0.7000357133746822,0.3500178566873411,0.28500000000000014,0.4331125000000001,0.4128062500000001,0.26910156250000006,0.2737606489505319,0.3842,0.3721,nan,nan,1.0,1.0,1.0,1.0
neg,2,0,292,0.029610096462186753,0.0,5.551115123125783e-17,0.0014116735987655968,0.10871766760743172,0.017677669529663705,0.04187500000000011,0.0,0.0,0.0019964079490182307,0.15375000000000005,0.025000000000000022,0.0,0.008838834764831853,0.029610096462186635,0.0,0.012500000000000178,0.04187500000000011,0.10606601717798207,0.06290304074305328,0.04187500000000005,0.27181425781250007,0.27137587890625003,0.2800724853515626,0.280151606987504,0.18494453125,0.17903476562499998,nan,nan,1.0,1.0,1.0,1.0
neg,2,0,293,0.20859650045003147,0.0,1.5700924586837752e-16,0.036550034588912345,0.056568542494923775,0.0,0.29499999999999993,0.0,0.0,0.05168955462084557,0.08000000000000007,0.0,0.20859650045003147,0.20859650045003147,0.20859650045003147,0.29499999999999993,0.29499999999999993,0.29499999999999993,0.6010407640085651,0.3252691193458117,0.21708293346092403,0.31606249999999997,0.29430625,0.2139062499999999,0.2132347942131169,0.2132,0.21159999999999995,nan,nan,0.5,1.0,0.0,0.0
neg,2,0,294,0.17500892834367054,0.0,1.2412670766236366e-16,0.016998635405016557,0.07071067811865474,5.551115123125783e-17,0.24750000000000005,0.0,0.0,0.02403970073160988,0.10000000000000009,0.0,0.16617009357883866,0.16617009357883866,0.17500892834367038,0.23499999999999988,0.23499999999999988,0.24749999999999983,0.35001785668734103,0.21389980130893063,0.2093591411904434,0.15687812499999998,0.14156406249999998,0.14203476562500003,0.13973146870918357,0.1114,0.10889999999999997,nan,nan,0.0,0.0,0.0,0.0
neg,2,0,295,0.0,0.0,0.0,0.133679233151271,0.0,0.0,0.0,0.0,0.0,0.18905098453016245,0.0,0.0,0.0,0.0,0.0,0.0,0.0,0.0,0.6810322186302935,0.34051610931514675,0.0,0.25,0.25,0.14410327758789065,0.09836431456068816,0.25,0.25,nan,nan,0.5,0.5,0.0,0.0
neg,2,0,296,0.10650795891622368,0.0,5.551115123125783e-17,0.03521271105136284,0.07778174593052029,0.030052038200428295,0.150625,0.0,0.0,0.04979829353676224,0.10999999999999999,0.04249999999999998,0.13081475451951124,0.10960155108391496,0.10650795891622365,0.18500000000000005,0.15500000000000025,0.1506249999999998,0.5453561049901247,0.2832846542128605,0.15062499999999995,0.04165332031250003,0.035981347656250044,0.08841330566406251,0.08219900274006484,0.010250000000000002,0.007224999999999999,nan,nan,0.0,0.0,0.0,0.0
neg,2,0,297,0.11313708498984766,0.0,0.0,0.04839444723326697,0.05656854249492382,0.0,0.16000000000000014,0.0,0.0,0.0684400836208352,0.08000000000000007,0.0,0.11313708498984763,0.11313708498984763,0.11313708498984763,0.16000000000000003,0.16000000000000003,0.16000000000000003,0.5957374631496665,0.3143678898025193,0.1600000000000001,0.18279999999999996,0.17639999999999995,0.08832041015624996,0.07807409140919569,0.2132,0.21159999999999995,nan,nan,0.5,0.0,0.0,0.0
neg,2,0,298,0.0,0.0,1.5700924586837752e-16,0.10679115864675987,0.26870057685088805,0.0,0.0,0.0,0.0,0.1510255048997846,0.38,0.0,0.0,0.0,0.0,0.0,0.0,0.0,0.8776962921478021,0.43884814607390094,0.0,0.4760999999999999,0.4760999999999999,0.1934625244140626,0.1650482922572111,0.5122,0.4760999999999999,nan,nan,1.0,1.0,0.0,0.0
neg,2,0,299,0.17324116139070422,0.0,5.551115123125783e-17,0.057505880527625314,0.3464823227814083,0.0,0.2450000000000001,0.0,0.0,0.08132559615837454,0.49,0.0,0.17324116139070414,0.17324116139070414,0.17324116139070414,0.245,0.245,0.245,0.7557203723931227,0.37786018619656137,0.2450000000000001,0.4025125000000001,0.38750625000000005,0.2390293212890626,0.23590969963972983,0.61505,0.555025,nan,nan,0.5,1.0,0.0,0.0
neg,2,0,300,0.0,0.0,0.0,0.13532804559221664,0.33941125496954283,0.00530330085889915,0.0,0.0,0.0,0.19138275744595734,0.48,0.007500000000000062,0.0,0.0,0.0,0.0,0.0,0.0,0.9758073580374355,0.48790367901871784,0.0,0.5476,0.5476,0.20025625,0.16468615423352007,0.6052,0.5476,nan,nan,1.0,1.0,0.0,0.0
neg,2,0,301,0.0,0.0,0.0,0.044633688491710365,0.2262741699796952,0.0,0.0,0.0,0.0,0.06312156760371268,0.32000000000000006,0.0,1.5700924586837752e-16,1.5700924586837752e-16,1.5700924586837752e-16,0.0,0.0,0.0,0.6425832874032753,0.35664698276096507,0.0,0.4356000000000002,0.4356000000000002,0.18396057128906254,0.1798849028191829,0.46120000000000005,0.43560000000000004,nan,nan,1.0,1.0,0.0,0.0
neg,2,0,302,0.0,0.0,5.551115123125783e-17,0.15742091374832834,0.0,0.0,0.0,0.0,0.0,0.22262679122405116,0.0,0.0,0.0,0.0,0.0,0.0,0.0,0.0,0.7185972663808289,0.35929863319041444,0.0,0.25,0.25,0.38188537597656247,0.4885662080128085,0.25,0.25,nan,nan,0.5,0.5,1.0,1.0
neg,2,0,303,0.17320580605164482,0.0,1.5700924586837752e-16,0.015749646410518403,0.34641161210328963,0.0,0.24495,0.0,0.0,0.022273363556335912,0.4899,0.0,0.17320580605164482,0.17320580605164482,0.17320580605164482,0.24495,0.24495,0.24495,0.34641161210328963,0.19824917121866836,0.17471906736243759,0.40247525125,0.387475125625,0.3455088400000001,0.34905079491505747,0.614951005,0.5549505025,nan,nan,1.0,1.0,1.0,1.0
neg,2,0,304,0.0,0.0,0.0,0.0727337951200315,0.26870057685088805,0.017677669529663705,0.0,0.0,0.0,0.10286111950161458,0.38,0.02499999999999991,0.0,0.0,0.0,0.0,0.0,0.0,0.7636753236814714,0.44312024954356977,0.0,0.09610000000000003,0.09610000000000003,0.35105625,0.3625998711416621,0.1322,0.09610000000000003,nan,nan,0.0,0.0,1.0,1.0
neg,2,0,305,0.008838834764831813,0.0,5.551115123125783e-17,0.006764304478986532,0.19445436482630057,1.2412670766236366e-16,0.012499999999999956,0.0,0.0,0.009566171134203882,0.275,0.0,0.0,0.0,0.008838834764831813,0.0,0.0,0.012499999999999956,0.22627416997969538,0.11608336324479163,0.012499999999999956,0.243828125,0.24378906250000001,0.20873476562499993,0.20790095841338382,0.15031250000000002,0.13140625000000003,nan,nan,0.5,0.0,0.0,0.0
neg,2,0,306,0.0,0.0,1.5700924586837752e-16,0.003629502059906935,0.16970562748477142,1.5700924586837752e-16,0.0,0.0,0.0,0.005132891037781473,0.24,0.0,1.5700924586837752e-16,1.5700924586837752e-16,1.5700924586837752e-16,0.0,0.0,0.0,0.16970562748477155,0.1001734606680943,0.0,0.14439999999999992,0.14439999999999992,0.2058890624999999,0.20560637672629162,0.1588,0.1444,nan,nan,0.0,0.0,0.0,0.0
neg,2,0,307,0.0,0.0,1.5700924586837752e-16,0.039047979167070396,0.0,0.0,0.0,0.0,0.0,0.055222181721332975,0.0,0.0,0.0,0.0,0.0,0.0,0.0,0.0,0.48260037815981877,0.24130018907990938,0.0,0.25,0.25,0.3425907226562501,0.3564869179116473,0.25,0.25,nan,nan,0.5,0.5,1.0,1.0
neg,2,0,308,0.00662912607362382,0.0,5.551115123125783e-17,0.04586729415108398,0.007071067811865469,0.012374368670764514,0.009374999999999911,0.0,0.0,0.0648661494578191,0.010000000000000009,0.01750000000000007,0.14318912319027585,0.0008838834764831263,0.0066291260736239385,0.2025,0.0012499999999999734,0.009375000000000022,0.5860147449083511,0.35075442625107695,0.009374999999999911,0.06267832031249997,0.06265634765624997,0.1723547119140624,0.16941544055784444,0.0002500000000000001,0.0002250000000000004,nan,nan,0.0,0.0,0.0,0.0
neg,2,0,309,0.16351844314938907,0.0,5.551115123125783e-17,0.021720571375426607,0.15556349186104043,1.2412670766236366e-16,0.23124999999999996,0.0,0.0,0.030717526621621083,0.21999999999999997,0.0,0.16617009357883872,0.16617009357883872,0.16351844314938907,0.23499999999999988,0.23499999999999988,0.23124999999999996,0.3464823227814084,0.22774730910716723,0.23124999999999996,0.16111328125000002,0.14774414062500002,0.14511337890624995,0.14224157100367055,0.1642,0.1521,nan,nan,0.0,0.0,0.0,0.0
neg,2,0,310,0.1590990257669732,0.0,5.551115123125783e-17,0.028746441923605915,0.31819805153394637,0.0,0.2250000000000001,0.0,0.0,0.040653608038333955,0.44999999999999996,0.0,0.15909902576697318,0.15909902576697318,0.15909902576697318,0.22499999999999998,0.22499999999999998,0.22499999999999998,0.44370950519455854,0.27488776118627034,0.22500000000000003,0.1628125,0.15015624999999996,0.14846572265624997,0.1446603075192294,0.12625,0.07562500000000001,nan,nan,0.5,0.0,0.0,0.0
neg,2,0,311,0.01016465997955664,0.0,5.551115123125783e-17,0.020690588709001756,0.15556349186104043,0.0,0.014375000000000027,0.0,0.0,0.02926091116575391,0.21999999999999997,0.0,0.008838834764831853,0.011490485194281428,0.01016465997955664,0.012500000000000067,0.016249999999999987,0.014375000000000027,0.33941125496954283,0.22288594998650968,0.014375000000000027,0.07144082031250001,0.07138916015625,0.14714416503906247,0.14445252226252212,0.1642,0.1521,nan,nan,0.0,0.0,0.0,0.0
neg,2,0,312,0.0,0.0,5.551115123125783e-17,0.0018398627730389688,0.09722718241315034,0.0,0.0,0.0,0.0,0.002601958886537137,0.13750000000000007,0.0,0.0,0.0,0.0,0.0,0.0,0.0,0.12020815280171303,0.0618718433538229,0.0,0.24255624999999995,0.24255624999999995,0.22740976562499995,0.22728495495982837,0.2472828125,0.24255624999999995,nan,nan,0.0,0.0,0.0,0.0
neg,2,0,313,0.0,0.0,5.551115123125783e-17,0.033147881926392384,0.0,0.0,0.0,0.0,0.0,0.04687818418424605,0.0,0.0,0.0,0.0,0.0,0.0,0.0,0.0,0.45254833995939053,0.22627416997969527,0.0,0.25,0.25,0.17639999999999995,0.16870523370270593,0.25,0.25,nan,nan,0.5,0.5,0.0,0.0
neg,2,0,314,0.21389980130893063,0.0,5.551115123125783e-17,0.052436035016608325,0.24748737341529164,0.0,0.3025,0.0,0.0,0.07415575187755807,0.35,0.0,0.21213203435596428,0.22097086912079614,0.21389980130893066,0.30000000000000004,0.3125,0.3025,0.7177133829043458,0.3682847818679935,0.2655301301170923,0.144503125,0.12162656250000001,0.21680664062499996,0.21169911940326872,0.13625,0.10562499999999997,nan,nan,0.5,0.0,0.0,0.0
neg,2,0,315,0.0,0.0,1.5700924586837752e-16,0.052628024705455065,0.0,0.0,0.0,0.0,0.0,0.0744272662993608,0.0,0.0,0.0,0.0,0.0,0.0,0.0,0.0,0.6434671708797584,0.37712361663282534,0.0,0.25,0.25,0.15015625000000013,0.14320511641926403,0.25,0.25,nan,nan,0.5,0.5,0.0,0.0
neg,2,0,316,5.551115123125783e-17,0.0,5.551115123125783e-17,0.09886866768048834,0.002651650429449548,0.001767766952966331,0.0,0.0,0.0,0.1398214107275051,0.00374999999999992,0.0024999999999999467,1.2412670766236366e-16,1.2412670766236366e-16,1.2412670766236366e-16,0.0,0.0,0.0,0.6903129951333672,0.3544667368523065,0.0,0.00014101562499999726,0.0001410156249999966,0.06921832128906245,0.04580602980099493,0.00014453125000000013,0.00014101562499999927,nan,nan,0.0,0.0,0.0,0.0
neg,2,0,317,0.3496643032967477,0.0,1.2412670766236366e-16,0.14658887380758415,0.35284628381208716,5.551115123125783e-17,0.49449999999999994,0.0,0.0,0.20730797343168372,0.4990000000000001,0.0,0.3496643032967477,0.3496643032967477,0.3496643032967477,0.49449999999999994,0.49449999999999994,0.49449999999999994,0.6993286065934954,0.4507216474413251,0.43376217562161873,0.125015125,0.06388256250000002,0.07246191015625006,0.041266777647526426,0.1250005,0.06275024999999998,nan,nan,0.0,0.0,0.0,0.0
neg,2,0,318,0.0,0.0,5.551115123125783e-17,0.0029967952337752075,0.15556349186104043,1.5700924586837752e-16,0.0,0.0,0.0,0.004238108463259893,0.21999999999999997,0.0,1.5700924586837752e-16,1.5700924586837752e-16,1.5700924586837752e-16,0.0,0.0,0.0,0.15556349186104027,0.08220116331293607,0.0,0.1521000000000001,0.1521000000000001,0.21884853515624997,0.21859156244307815,0.1642,0.1521,nan,nan,0.0,0.0,0.0,0.0
neg,2,0,319,0.0,0.0,5.551115123125783e-17,0.015089168347651189,0.0,0.0,0.0,0.0,0.0,0.02133930652217908,0.0,0.0,0.0,0.0,0.0,0.0,0.0,0.0,0.33941125496954283,0.18502627441047992,0.0,0.25,0.25,0.3320640624999999,0.3355505837909287,0.25,0.25,nan,nan,0.5,0.5,1.0,1.0
neg,2,0,320,0.0,0.0,5.551115123125783e-17,0.026501104762320916,0.06452349378327246,0.0,0.0,0.0,0.0,0.0374782217727444,0.09125000000000005,0.0,0.0,0.0,5.551115123125783e-17,0.0,0.0,0.0,0.412773583517647,0.2063867917588235,0.0,0.04331601562500005,0.04331601562500005,0.18235568847656247,0.17669652196988933,0.04539765625,0.04331601562500004,nan,nan,0.0,0.0,0.0,0.0
neg,2,0,321,0.16970562748477142,0.0,5.551115123125783e-17,0.018950238352193925,0.0,0.0,0.24,0.0,0.0,0.026799684087875364,0.0,0.0,0.16970562748477142,0.16970562748477142,0.16970562748477142,0.24,0.24,0.24,0.33941125496954283,0.21772996304035774,0.2069495711520079,0.1588,0.1444,0.15136962890625008,0.14892971172689995,0.25,0.25,nan,nan,0.0,0.0,0.0,0.0
neg,2,0,322,0.13081475451951133,0.0,0.0,0.006131929751022202,0.02032931995911328,0.15026019100214127,0.18500000000000005,0.0,0.0,0.008671858217414563,0.028750000000000053,0.2124999999999999,0.038890872965260226,0.11402096846633078,0.13081475451951133,0.05500000000000016,0.1612499999999999,0.18500000000000005,0.26162950903902266,0.13081475451951133,0.13086252328302403,0.2610625,0.25250624999999993,0.25125156249999997,0.2512847294402544,0.11201328124999999,0.11180664062499991,nan,nan,0.5,1.0,1.0,1.0
neg,2,0,323,0.0,0.0,0.0,0.014643772906740158,0.24395183950935886,0.0,0.0,0.0,0.0,0.020709422249023612,0.345,0.0,1.5700924586837752e-16,1.5700924586837752e-16,1.5700924586837752e-16,0.0,0.0,0.0,0.33234018715767716,0.17736595094762556,0.0,0.2047562500000001,0.2047562500000001,0.18436289062500005,0.18186639967319787,0.2345125,0.20475625,nan,nan,0.0,0.0,0.0,0.0
neg,2,0,324,0.017483215164837307,0.0,1.1102230246251565e-16,0.15844207551101844,0.35316448186362115,0.0,0.024724999999999886,0.0,0.0,0.22407093203822437,0.49944999999999995,0.0,0.017483215164837345,0.017483215164837345,0.017483215164837345,0.024724999999999997,0.024724999999999997,0.024724999999999997,0.9842926394116744,0.4979740580941163,0.024724999999999886,0.06913128781249998,0.06897845640624999,0.0959876578515625,0.06584077333612713,0.12500015125,0.06263757562500001,nan,nan,0.0,0.0,0.0,0.0
neg,2,0,325,0.36769552621700474,0.0,5.551115123125783e-17,0.12206002011086901,0.5444722215136416,0.0,0.52,0.0,0.0,0.17261893586432375,0.77,0.0,0.36769552621700474,0.36769552621700474,0.36769552621700474,0.52,0.52,0.52,0.9607813389372215,0.508601283759699,0.52,0.3701000000000001,0.30250000000000005,0.12266411743164062,0.1261509652962119,0.36444999999999994,0.21622500000000008,nan,nan,0.5,1.0,0.0,0.0
neg,2,0,326,0.21389980130893063,0.0,0.0,0.04548488833431254,0.1891510639674014,0.030052038200428295,0.3025,0.0,0.0,0.06432534596541051,0.26750000000000007,0.04249999999999998,0.21213203435596428,0.2006415491616828,0.21389980130893063,0.30000000000000004,0.28374999999999995,0.3025,0.6540737725975563,0.3569416105864593,0.21665965533527456,0.447003125,0.42412656249999997,0.32187893066406253,0.3282606051643447,0.419528125,0.40163906250000003,nan,nan,1.0,1.0,1.0,1.0
neg,2,0,327,0.3455984393049251,0.0,0.0,0.15020107283395967,0.3447145558284419,5.551115123125783e-17,0.48875,0.0,0.0,0.21241639428477477,0.48750000000000004,0.0,0.3464823227814083,0.3464823227814083,0.3455984393049251,0.49,0.49,0.48875,0.8502959043768232,0.49821565291102154,0.3578429299287608,0.12506328125,0.06534414062499999,0.10787119140624996,0.07084240344432895,0.125078125,0.0656640625,nan,nan,0.5,0.0,0.0,0.0
neg,2,0,328,0.0,0.0,0.0,0.09464212487372022,0.021213203435596444,1.5700924586837752e-16,0.0,0.0,0.0,0.13384417656822323,0.030000000000000027,0.0,1.5700924586837752e-16,1.5700924586837752e-16,1.5700924586837752e-16,0.0,0.0,0.0,0.8909545442950497,0.44547727214752486,0.0,0.07022500000000007,0.07022500000000007,0.2916,0.31402843516541135,0.07045000000000001,0.07022500000000001,nan,nan,0.0,0.0,1.0,1.0
neg,2,0,329,0.03270368862987791,0.0,0.0,0.005503932750621266,0.15556349186104043,0.0,0.046250000000000124,0.0,0.0,0.007783736342318104,0.21999999999999997,0.0,0.0,0.0,0.03270368862987783,0.0,0.0,0.046250000000000124,0.21213203435596414,0.11696724672127472,0.046250000000000124,0.22794453124999994,0.22740976562499995,0.20334462890625,0.2027460926862518,0.1642,0.1521,nan,nan,0.0,0.0,0.0,0.0
neg,2,0,330,0.2895248715568318,0.0,5.551115123125783e-17,0.16169715461817466,0.2262034593015765,5.551115123125783e-17,0.40944999999999987,0.0,0.0,0.22867430905816188,0.31989999999999996,0.0,0.2895248715568318,0.2895248715568318,0.2895248715568318,0.40944999999999987,0.40944999999999987,0.40944999999999987,0.7063289637272422,0.4455303051561139,0.39226890808474735,0.08405015124999997,0.04213782562499999,0.05390232847656252,0.023148543745603514,0.05120000499999998,0.0256160025,nan,nan,0.0,0.0,0.0,0.0
neg,2,0,331,0.24748737341529153,0.0,5.551115123125783e-17,0.07529959886850861,0.12020815280171307,0.002651650429449575,0.34999999999999987,0.0,0.0,0.10648971396109852,0.16999999999999993,0.003750000000000142,0.24748737341529156,0.24748737341529156,0.24748737341529156,0.35,0.35,0.35,0.7751658088757524,0.3914130661693034,0.33414536507334625,0.21984999999999993,0.18922499999999995,0.09122287597656248,0.07920071741727067,0.3494499999999999,0.34222499999999995,nan,nan,0.5,0.0,0.0,0.0
neg,2,0,332,0.28284271247461895,0.0,5.551115123125783e-17,0.06390353782004793,0.29963649852779956,0.007071067811865403,0.3999999999999999,0.0,0.0,0.09037324986873374,0.42375000000000007,0.009999999999999787,0.28461047942758533,0.28461047942758533,0.28284271247461906,0.40249999999999986,0.40249999999999986,0.3999999999999999,0.6774082963767123,0.3764165098516387,0.28844410203711907,0.13,0.09000000000000002,0.1442100625,0.12971941918152258,0.12790703125,0.08301601562499998,nan,nan,0.0,0.0,0.0,0.0
neg,2,0,333,0.0,0.0,5.551115123125783e-17,0.0637545350957627,0.30405591591021547,0.0,0.0,0.0,0.0,0.09016252819521897,0.43000000000000016,0.0,5.551115123125783e-17,5.551115123125783e-17,5.551115123125783e-17,0.0,0.0,0.0,0.5975052301026326,0.34942860103635226,0.0,0.08122499999999995,0.08122499999999995,0.11602539062499997,0.10091970711255965,0.12745,0.08122499999999996,nan,nan,0.0,0.0,0.0,0.0
neg,2,0,334,0.16970562748477142,0.0,5.551115123125783e-17,0.07796427435651197,0.0,0.05126524163602467,0.24,0.0,0.0,0.11025813417555619,0.0,0.0724999999999999,0.16970562748477142,0.16970562748477142,0.16970562748477142,0.24,0.24,0.24,0.7389265863399421,0.4260318356648949,0.24,0.3988,0.3844,0.40600791015625004,0.43458969633522515,0.25,0.25,nan,nan,0.5,1.0,1.0,1.0
and,3,0,335,0.0,0.0,0.0,0.0,0.0,0.0,0.0,0.0,0.0,0.0,0.0,0.0,0.0,0.0,0.0,0.0,0.0,0.0,0.7936791306945145,0.5332530827031293,0.0,0.25,0.25,0.19136305338541668,0.13152368927062183,0.25,0.25,nan,nan,0.0,0.0,0.3333333333333333,0.3333333333333333
and,3,0,336,0.0,0.0,0.0,0.0,0.0,0.001767766952966368,0.0,0.0,0.0,0.0,0.0,0.0024999999999999988,0.0,0.0,0.0,0.0,0.0,0.0,0.8009774302375816,0.4004887151187908,0.0,0.25,0.25,0.14794926757812502,0.0907909361508266,0.25,0.25,nan,nan,0.3333333333333333,0.3333333333333333,0.0,0.0
and,3,0,337,0.0,0.0,0.0,0.0,0.0,0.0,0.0,0.0,0.0,0.0,0.0,0.0,0.0,0.0,0.0,0.0,0.0,0.0,0.3187720580603011,0.15938602903015056,0.0,0.25,0.25,0.2623947699652778,0.25618220816209797,0.25,0.25,nan,nan,0.0,0.0,0.6666666666666666,0.6666666666666666
and,3,0,338,0.0,0.0,0.0,0.0,0.0,0.0,0.0,0.0,0.0,0.0,0.0,0.0,0.0,0.0,0.0,0.0,0.0,0.0,0.603048678245242,0.40037542286796807,0.23624999999999996,0.1898546875,0.1898546875,0.15062801649305554,0.1296792813091248,0.25,0.25,nan,nan,0.3333333333333333,0.3333333333333333,0.0,0.0
and,3,0,339,0.0,0.0,0.0,0.0,0.0,0.0,0.0,0.0,0.0,0.0,0.0,0.0,0.0,0.0,0.0,0.0,0.0,0.0,0.7670234676983488,0.47687383786694676,0.011249999999999982,0.08966718750000001,0.08966718750000001,0.20972415364583333,0.16763783249949793,0.09674166666666666,0.09674166666666666,nan,nan,0.0,0.0,0.3333333333333333,0.0
and,3,0,340,0.0,0.0,0.0,0.0,0.030405591591021547,0.0,0.0,0.0,0.0,0.0,0.043000000000000003,0.0,0.0,0.0,0.0,0.0,0.0,0.0,0.7718254336312066,0.6070135026709701,0.45499999999999996,0.18061649999999996,0.18061649999999996,0.10807780635416668,0.08684552692340791,0.31448299999999996,0.3141748333333333,nan,nan,0.3333333333333333,0.3333333333333333,0.0,0.0
and,3,0,341,0.0,0.0,0.0,0.0,0.0,0.0,0.0,0.0,0.0,0.0,0.0,0.0,0.0,0.0,0.0,0.0,0.0,0.0,0.4581348054885156,0.2855436315294932,0.0,0.25,0.25,0.3211830729166667,0.3427575661982442,0.25,0.25,nan,nan,1.0,1.0,0.6666666666666666,0.6666666666666666
and,3,0,342,0.0,0.0,0.0,0.0,0.002227386360737625,0.0,0.0,0.0,0.0,0.0,0.0031500000000000005,0.0,0.0,0.0,0.0,0.0,0.0,0.0,0.859393299805159,0.5707696747348092,0.0,1.894791666666667e-05,1.894791666666667e-05,0.06264897330729167,0.0029658884648295606,2.0601666666666666e-05,1.894791666666667e-05,nan,nan,0.0,0.0,0.0,0.0
and,3,0,343,0.0,0.0,0.0,0.0,0.0,0.0,0.0,0.0,0.0,0.0,0.0,0.0,0.014142135623730925,0.007071067811865481,0.0,0.019999999999999962,0.010000000000000009,0.0,1.0557867401255805,0.7075854451333031,0.20750000000000002,0.33351875000000003,0.33351875000000003,0.21321277006510417,0.14287224758080921,0.33351875000000003,0.33351875000000003,nan,nan,0.3333333333333333,0.3333333333333333,0.3333333333333333,0.3333333333333333
and,3,0,344,0.0,0.0,0.0,0.0,0.0,0.0,0.0,0.0,0.0,0.0,0.0,0.0,0.0,0.0,0.0,0.0,0.0,0.0,0.4389083403741606,0.3001120602960245,0.10831475802288236,0.16852503703703703,0.16852503703703703,0.20329084440104173,0.21254042288683236,0.16671979687499996,0.16671979687499996,nan,nan,0.6666666666666666,0.6666666666666666,0.3333333333333333,0.3333333333333333
and,3,0,345,0.0,0.0,0.0,0.0,0.1440730066667591,0.045225771086520684,0.0,0.0,0.0,0.0,0.20375000000000004,0.07833333333333345,0.0,0.0,0.0,0.0,0.0,0.0,0.6828198655209147,0.4957780232342585,0.0691666666666666,0.4575350405092593,0.4575350405092593,0.31040090603298615,0.28328289210052043,0.5410989583333333,0.46626328125000005,nan,nan,0.6666666666666666,0.6666666666666666,0.6666666666666666,0.6666666666666666
and,3,0,346,0.0,0.0,0.0,0.0,0.0,0.0,0.0,0.0,0.0,0.0,0.0,0.0,0.0,0.0,0.0,0.0,0.0,0.0,0.8500979722949585,0.42504898614747927,0.0,0.25,0.25,0.14236805338541667,0.030405136105591816,0.25,0.25,nan,nan,0.0,0.0,0.0,0.0
and,3,0,347,0.0,0.0,0.0,0.0,0.0,0.0,0.0,0.0,0.0,0.0,0.0,0.0,0.0,0.0,0.0,0.0,0.0,0.0,0.46193884876680363,0.28730271222268594,0.1958333333333333,0.1504724537037037,0.1504724537037037,0.23257682291666668,0.23619151011620357,0.14576666666666668,0.14576666666666668,nan,nan,0.0,0.0,0.6666666666666666,0.6666666666666666
and,3,0,348,0.0,0.0,0.0,0.0,0.0,0.0,0.0,0.0,0.0,0.0,0.0,0.0,0.0,0.0,0.0,0.0,0.0,0.0,0.5939749573845685,0.4322917718445443,0.0,0.25,0.25,0.159885546875,0.12117211747149365,0.25,0.25,nan,nan,0.0,0.0,0.0,0.0
and,3,0,349,0.1764231419060436,0.0,0.0,0.0,0.3528462838120872,0.0,0.2495,0.0,0.0,0.0,0.499,0.0,0.1764231419060436,0.1764231419060436,0.1764231419060436,0.2495,0.2495,0.2495,0.7645270188162091,0.4298952513808183,0.17765204755363787,0.18758341666666667,0.17720837499999997,0.11277335026041668,0.0661501745608046,0.16666699999999998,0.12516683333333334,nan,nan,0.0,0.0,0.0,0.0
and,3,0,350,0.0,0.0,0.0,0.0,0.0,0.0,0.0,0.0,0.0,0.0,0.0,0.0,0.0,0.0,0.0,0.0,0.0,0.0,0.687388374776427,0.35136802369081965,0.385,0.171075,0.171075,0.17502436342592595,0.1358212857938544,0.171075,0.171075,nan,nan,0.0,0.0,0.0,0.0
and,3,0,351,0.0,0.0,0.0,0.0,0.0,0.0,0.0,0.0,0.0,0.0,0.0,0.0,0.0,0.0,0.0,0.0,0.0,0.0,0.5145416649796205,0.359366503967045,0.21999999999999997,0.1928,0.1928,0.13827662760416667,0.12528823851326246,0.1928,0.1928,nan,nan,0.0,0.0,0.0,0.0
and,3,0,352,0.12383207505529412,0.0,0.0,0.0,0.12613017209415042,0.0,0.175125,1.3877787807814457e-17,0.0,0.0,0.178375,0.0,0.12621856044179872,0.124627570184129,0.12383207505529412,0.1785,0.17625,0.175125,0.8223588594707301,0.5264220728353689,0.46545174629063324,0.09414125520833333,0.08902979427083335,0.1082224839734377,0.0658905315253717,0.09413421354166666,0.08883127343750001,nan,nan,0.3333333333333333,0.3333333333333333,0.0,0.0
and,3,0,353,0.0,0.0,0.0,0.0,0.0,0.0,0.0,0.0,0.0,0.0,0.0,0.0,0.0,0.0,0.0,0.0,0.0,0.0,0.48322161065084823,0.31626828403130997,0.10887205793958338,0.05457500000000001,0.05457500000000001,0.12582037760416667,0.13025306671582101,0.028675000000000006,0.028675000000000006,nan,nan,0.0,0.0,0.3333333333333333,0.3333333333333333
and,3,0,354,0.2262741699796952,0.0,0.0,0.0,0.2262741699796952,0.0,0.32,0.0,0.0,0.0,0.32,0.0,0.2262741699796952,0.2262741699796952,0.2262741699796952,0.32,0.32,0.32,0.5320009398487938,0.3944710456047707,0.388329756778952,0.12026666666666667,0.1032,0.15262164713541668,0.14159506483202197,0.12026666666666667,0.1032,nan,nan,0.0,0.0,0.0,0.0
and,3,0,355,0.0,0.0,0.0,0.0,0.018042195912175787,0.0,0.0,0.0,0.0,0.0,0.031249999999999972,0.0,0.0,0.0,0.0,0.0,0.0,0.0,0.2986724097290094,0.16462436672462677,0.13291666666666657,0.1514850115740741,0.1514850115740741,0.22670262586805556,0.22275927938613438,0.12134218750000002,0.12123368055555554,nan,nan,0.0,0.0,0.3333333333333333,0.3333333333333333
and,3,0,356,0.0,0.0,0.0,0.0,0.0,0.0,0.0,0.0,0.0,0.0,0.0,0.0,0.0,0.0,0.0,0.0,0.0,0.0,0.8376098279976981,0.5806318412674413,0.08333333333333331,0.10202184429327286,0.10202184429327286,0.11959315234153557,0.06085869568781802,0.14529591836734693,0.14529591836734693,nan,nan,0.0,0.0,0.0,0.0
and,3,0,357,0.0,0.0,0.0,0.0,0.0,0.0,0.0,0.0,0.0,0.0,0.0,0.0,0.0,0.0,0.0,0.0,0.0,0.0,1.0895877947646073,0.5808613161459765,0.35875,0.08360000000000001,0.08360000000000001,0.24326253255208333,0.17400742191094812,0.08360000000000001,0.08360000000000001,nan,nan,0.3333333333333333,0.3333333333333333,0.3333333333333333,0.3333333333333333
and,3,0,358,0.0,0.0,0.0,0.0,0.0,0.0,0.0,0.0,0.0,0.0,0.0,0.0,0.0,0.0,0.0,0.0,0.0,0.0,1.0483936298571257,0.5694219262471661,0.06,0.2312,0.2312,0.16182946256510417,0.03304615039925035,0.2312,0.2312,nan,nan,0.0,0.0,0.0,0.0
and,3,0,359,0.2200869856443129,0.0,0.0,0.0,0.2854943629040685,0.0,0.31124999999999997,0.0,0.0,0.0,0.40374999999999994,0.0,0.21389980130893063,0.18561553006146872,0.2200869856443129,0.3025,0.2625,0.31124999999999997,0.7674450306047984,0.4573853197007316,0.25648160265406955,0.41058593750000005,0.39443984375,0.31594474826388885,0.360227238945557,0.3809088541666667,0.3537398437500001,nan,nan,1.0,1.0,0.3333333333333333,0.6666666666666666
and,3,0,360,0.1691222643902925,0.0,0.0,0.0,0.1691222643902925,0.0,0.239175,1.3877787807814457e-17,0.0,0.0,0.239175,0.0,0.16917529739888149,0.16924600807700016,0.1691222643902925,0.23925,0.23934999999999998,0.239175,0.8611130562678838,0.4985377925045494,0.239956125,0.7320356435416667,0.7225015301041666,0.4507280269932295,0.69948341637238,0.7320356435416667,0.7225015301041666,nan,nan,1.0,1.0,1.0,1.0
and,3,0,361,0.00048112522432460707,0.0,0.0,0.0,0.02958920129596818,0.0,0.0008333333333332971,1.3183898417423734e-16,0.0,0.0,0.05124999999999985,0.0,0.0,0.0,0.00048112522432460707,0.0,0.0,0.0008333333333332971,1.1132298149931052,0.6576866240855374,0.5238495993868638,0.27961724537037036,0.27943198302469135,0.16515664835394964,0.07190670716167553,0.3107005208333333,0.2990197916666667,nan,nan,0.3333333333333333,0.3333333333333333,0.0,0.0
and,3,0,362,0.0,0.0,0.0,0.0,0.02309401076758505,0.0,0.0,0.0,0.0,0.0,0.039999999999999925,0.0,0.0,0.0,0.0,0.0,0.0,0.0,0.9155624998016705,0.5129092660598848,0.08143248737451153,0.33296875,0.33296875,0.21585426439673094,0.19282690175981163,0.4136,0.4134222222222223,nan,nan,0.6666666666666666,0.6666666666666666,0.3333333333333333,0.3333333333333333
and,3,0,363,0.0,0.0,0.0,0.0,0.0,0.0,0.0,0.0,0.0,0.0,0.0,0.0,0.0,0.0,0.0,0.0,0.0,0.0,0.25731941483300474,0.12865970741650237,0.13346640494896084,0.33946666666666664,0.33946666666666664,0.26971277669270827,0.26709933252485835,0.33946666666666664,0.33946666666666664,nan,nan,0.6666666666666666,0.6666666666666666,0.6666666666666666,0.6666666666666666
and,3,0,364,0.0,0.0,0.0,0.0,0.0,0.015396007178389959,0.0,0.0,0.0,0.0,0.0,0.026666666666666616,0.0,0.0,0.0,0.0,0.0,0.0,0.45590226474541656,0.2833064378961363,0.235,0.190075,0.190075,0.20230878906250002,0.19227088310709925,0.25,0.25,nan,nan,0.3333333333333333,0.3333333333333333,0.0,0.0
and,3,0,365,0.0,0.0,0.0,0.0,0.0,0.0,0.0,0.0,0.0,0.0,0.0,0.0,0.0,0.0,0.0,0.0,0.0,0.0,0.8999869790724754,0.5861200213056553,0.26162950903902266,0.38000000000000006,0.38000000000000006,0.16440784505208336,0.12249686226229939,0.38000000000000006,0.38000000000000006,nan,nan,0.6666666666666666,0.6666666666666666,0.0,0.0
and,3,0,366,0.0,0.0,0.0,0.0,0.0,0.0,0.0,0.0,0.0,0.0,0.0,0.0,0.0,0.0,0.0,0.0,0.0,0.0,0.288676938808766,0.22637960203396482,0.1131370849898477,0.19096666666666665,0.19096666666666665,0.20818248697916666,0.2149852526502646,0.19096666666666665,0.19096666666666665,nan,nan,0.6666666666666666,0.6666666666666666,0.3333333333333333,0.3333333333333333
and,3,0,367,0.0,0.0,0.0,0.0,0.0,0.0,0.0,0.0,0.0,0.0,0.0,0.0,0.0,0.0,0.0,0.0,0.0,0.0,0.5905188396655945,0.29525941983279724,0.0,0.25,0.25,0.2755981770833333,0.28281539017139956,0.25,0.25,nan,nan,0.3333333333333333,0.3333333333333333,0.6666666666666666,0.6666666666666666
and,3,0,368,0.0,0.0,0.0,0.0,0.0,0.0,0.0,0.0,0.0,0.0,0.0,0.0,0.0,0.0,0.0,0.0,0.0,0.0,0.6771447408050955,0.3385723704025477,0.0,0.25,0.25,0.3558026041666667,0.45945855554936,0.25,0.25,nan,nan,1.0,1.0,1.0,1.0
and,3,0,369,0.0,0.0,0.0,0.0,0.0,0.0,0.0,0.0,0.0,0.0,0.0,0.0,0.0,0.0,0.0,0.0,0.0,0.0,0.5950713367599813,0.2975979717408063,0.0,0.25,0.25,0.18166374782986158,0.1534166507667168,0.25,0.25,nan,nan,0.0,0.0,0.0,0.0
and,3,0,370,0.0,0.0,0.0,0.0,8.838834764831852e-05,0.0,0.0,0.0,0.0,0.0,0.0001250000000000001,0.0,0.0,0.0,0.0,0.0,0.0,0.0,1.3775103104196715,0.7956645687347773,0.7512662695825628,0.32505283593750006,0.32505283593750006,0.1810274710742187,0.20120505910703257,0.32670075520833336,0.3267007526041667,nan,nan,0.3333333333333333,0.3333333333333333,0.3333333333333333,0.3333333333333333
and,3,0,371,0.0,0.0,0.0,0.0,0.0,0.0,0.0,0.0,0.0,0.0,0.0,0.0,0.0,0.0,0.0,0.0,0.0,0.0,0.6952084894116297,0.3476042447058149,0.0,0.25,0.25,0.22173572591145832,0.20663522023032002,0.25,0.25,nan,nan,0.3333333333333333,0.3333333333333333,0.3333333333333333,0.3333333333333333
and,3,0,372,0.3528462838120872,0.0,0.0,0.0,0.3528462838120872,0.0,0.499,0.0,0.0,0.0,0.499,0.0,0.3528462838120872,0.3528462838120872,0.3528462838120872,0.499,0.499,0.499,0.8773868395696394,0.6256319340472478,0.499,0.16666699999999998,0.12516683333333334,0.13080564408854167,0.015268556609549691,0.16666699999999998,0.12516683333333334,nan,nan,0.0,0.0,0.0,0.0
and,3,0,373,0.0,0.0,0.0,0.0,0.0,0.0,0.0,0.0,0.0,0.0,0.0,0.0,0.0,0.0,0.0,0.0,0.0,0.0,0.8446390131292776,0.5929192686309984,0.4800000416666649,0.166667,0.166667,0.09135456046874997,0.018539037833601675,0.166667,0.166667,nan,nan,0.0,0.0,0.0,0.0
and,3,0,374,0.0,0.0,0.0,0.0,0.0,0.0,0.0,0.0,0.0,0.0,0.0,0.0,0.0,0.0,0.0,0.0,0.0,0.0,0.3790984370846178,0.21660343546330915,0.0,0.25,0.25,0.2607020616319444,0.25340521842960334,0.25,0.25,nan,nan,0.0,0.0,0.6666666666666666,0.6666666666666666
and,3,0,375,0.0,0.0,0.0,0.0,0.0,0.0,0.0,0.0,0.0,0.0,0.0,0.0,0.0,0.0,0.0,0.0,0.0,0.0,0.5695783802515682,0.2847891901257841,0.0,0.25,0.25,0.17602957356770832,0.15333315524459754,0.25,0.25,nan,nan,0.3333333333333333,0.3333333333333333,0.0,0.0
and,3,0,376,0.09015611460128481,0.0,0.0,0.0,0.348263549628854,0.0,0.1275,0.0,0.0,0.0,0.47,0.0,0.08131727983645298,0.09899494936611666,0.09015611460128481,0.11500000000000002,0.14,0.1275,0.6050878035458986,0.37997728289717214,0.18062391868188446,0.05311875000000001,0.050409375000000006,0.14164856770833334,0.11161271262754154,0.08993541666666667,0.04950625000000001,nan,nan,0.0,0.0,0.0,0.0
and,3,0,377,0.0,0.0,0.0,0.0,0.0,0.0,0.0,0.0,0.0,0.0,0.0,0.0,0.0,0.0,0.0,0.0,0.0,0.0,0.5578642307945545,0.417712121675682,0.0,0.25,0.25,0.18066744791666664,0.14930559790553982,0.25,0.25,nan,nan,0.0,0.0,0.3333333333333333,0.3333333333333333
and,3,0,378,0.0,0.0,0.0,0.0,0.0,0.0,0.0,0.0,0.0,0.0,0.0,0.0,0.0,0.0,0.0,0.0,0.0,0.0,0.4840486804031181,0.32048397483097996,0.2149491218870177,0.117134375,0.117134375,0.20613131510416668,0.197800169189404,0.117134375,0.117134375,nan,nan,0.3333333333333333,0.3333333333333333,0.3333333333333333,0.3333333333333333
and,3,0,379,0.0,0.0,0.0,0.0,0.33941125496954283,0.0,0.0,0.0,0.0,0.0,0.48,0.0,0.0,0.0,0.0,0.0,0.0,0.0,0.8488558475972231,0.5075728478876601,0.21999999999999997,0.21786666666666665,0.21786666666666665,0.19392825520833332,0.14929711185782893,0.25626666666666664,0.21786666666666665,nan,nan,0.3333333333333333,0.3333333333333333,0.3333333333333333,0.3333333333333333
and,3,0,380,0.0,0.0,0.0,0.0,0.0,0.0014142135623730952,0.0,0.0,0.0,0.0,0.0,0.002,0.0,0.0,0.0,0.0,0.0,0.0,1.1284020227737985,0.5974595271625841,0.0,0.25,0.25,0.23230669010416663,0.11186728494867214,0.25,0.25,nan,nan,0.0,0.0,0.3333333333333333,0.3333333333333333
and,3,0,381,0.0,0.0,0.0,0.0,0.0,0.0,0.0,0.0,0.0,0.0,0.0,0.0,0.0,0.0,0.0,0.0,0.0,0.0,0.8692103546466758,0.5333117506343222,0.4275,0.16841874999999998,0.16841874999999998,0.14927284667968752,0.10087472001565445,0.16841874999999998,0.16841874999999998,nan,nan,0.0,0.0,0.0,0.3333333333333333
and,3,0,382,0.11313708498984763,0.0,0.0,0.0,0.2262741699796952,0.0,0.16000000000000003,0.0,0.0,0.0,0.32,0.0,0.11313708498984763,0.11313708498984763,0.11313708498984763,0.16000000000000003,0.16000000000000003,0.16000000000000003,0.8873027949916533,0.6145796380569369,0.16000000000000003,0.20519999999999997,0.20093333333333332,0.15601940104166667,0.10033672687954485,0.17746666666666666,0.1604,nan,nan,0.0,0.0,0.3333333333333333,0.0
and,3,0,383,0.0,0.0,0.0,0.0,0.0,0.0,0.0,0.0,0.0,0.0,0.0,0.0,0.0,0.0,0.0,0.0,0.0,0.0,0.42526462349929844,0.22772256160531165,0.0,0.25,0.25,0.220371875,0.22630099081682253,0.25,0.25,nan,nan,0.3333333333333333,0.3333333333333333,0.3333333333333333,0.3333333333333333
and,3,0,384,0.0,0.0,0.0,0.0,0.0,0.0,0.0,0.0,0.0,0.0,0.0,0.0,0.0,0.0,0.0,0.0,0.0,0.0,0.7414403001928072,0.534710547084211,0.2879236009777594,0.167075,0.167075,0.12680921809895834,0.06392350781696644,0.167075,0.167075,nan,nan,0.0,0.0,0.0,0.0
and,3,0,385,0.19091883092039993,0.0,0.0,0.0,0.2262741699796952,0.0,0.2700000000000454,5.551115123125783e-17,0.0,0.0,0.32,0.0,0.19091883092039993,0.19091883092039993,0.19091883092039993,0.2700000000000454,0.2700000000000454,0.2700000000000454,0.5708573595916935,0.3770276134461877,0.2700000000000454,0.18429999999999302,0.17214999999998892,0.12572662760416745,0.0995949027369798,0.17746666666666666,0.1604,nan,nan,0.0,0.0,0.0,0.0
and,3,0,386,0.23069358736211118,0.0,0.0,0.0,0.23069358736211118,0.0,0.32625000000000004,0.0,0.0,0.0,0.32625000000000004,0.0,0.2262741699796952,0.2315774708385943,0.23069358736211118,0.32,0.3275,0.32625000000000004,0.5810671755485763,0.39232410716230043,0.38,0.4836963541666666,0.3572065104166666,0.23408831380208328,0.22808004661604,0.4836963541666666,0.3572065104166666,nan,nan,0.6666666666666666,0.6666666666666666,0.3333333333333333,0.3333333333333333
and,3,0,387,0.04617647452978635,0.0,0.0,0.0,0.04617647452978635,0.0,0.07998000000000006,0.0,0.0,0.0,0.07998000000000006,0.0,0.04617647452978635,0.04617647452978635,0.04617647452978635,0.07998000000000006,0.07998000000000006,0.07998000000000006,0.8106186295046518,0.4317064783587941,0.07999999999999996,0.19546666680000002,0.17698257786666663,0.15227981256041664,0.10343819048678919,0.19546666680000002,0.17698257786666663,nan,nan,0.3333333333333333,0.3333333333333333,0.3333333333333333,0.3333333333333333
and,3,0,388,0.0,0.0,0.0,0.0,0.0,0.0,0.0,0.0,0.0,0.0,0.0,0.0,0.0,0.0,0.0,0.0,0.0,0.0,0.3822616359685253,0.22418339475987134,0.2117162835547191,0.3762389467592593,0.3762389467592593,0.2501511935763889,0.24658784408517953,0.4511046875,0.4511046875,nan,nan,0.6666666666666666,0.6666666666666666,0.3333333333333333,0.3333333333333333
and,3,0,389,0.0,0.0,0.0,0.0,0.0,0.0,0.0,0.0,0.0,0.0,0.0,0.0,0.0,0.0,0.0,0.0,0.0,0.0,0.39,0.2751282904035129,0.0,0.25,0.25,0.20923993055555554,0.19789235180828177,0.25,0.25,nan,nan,0.3333333333333333,0.3333333333333333,0.3333333333333333,0.3333333333333333
and,3,0,390,0.0,0.0,0.0,0.0,0.0,0.0,0.0,0.0,0.0,0.0,0.0,0.0,0.0,0.0,0.0,0.0,0.0,0.0,0.4469698325949974,0.2716085313602216,0.0,0.30750000000000005,0.30750000000000005,0.25082749023437506,0.2598009046988618,0.30750000000000005,0.30750000000000005,nan,nan,1.0,1.0,0.6666666666666666,0.6666666666666666
and,3,0,391,0.033587572106361034,0.0,0.0,0.0,0.23864853865045982,0.0,0.04750000000000004,0.0,0.0,0.0,0.3375,0.0,0.014142135623730963,0.03535533905932737,0.033587572106361034,0.020000000000000018,0.04999999999999999,0.04750000000000004,0.8947834933658534,0.5661095024390925,0.04750000000000004,0.04147708333333333,0.041101041666666664,0.17603307291666662,0.2047751200668486,0.09281041666666666,0.07382604166666666,nan,nan,0.0,0.0,0.3333333333333333,0.3333333333333333
and,3,0,392,0.0,0.0,0.0,0.0,0.0,0.0,0.0,0.0,0.0,0.0,0.0,0.0,0.0,0.0,0.0,0.0,0.0,0.0,0.5650566896338809,0.35991246211354705,0.0,0.2948,0.2948,0.20056982421875,0.17650934643384672,0.2948,0.2948,nan,nan,0.3333333333333333,0.3333333333333333,0.3333333333333333,0.3333333333333333
and,3,0,393,0.0,0.0,0.0,0.0,0.0,0.0,0.0,0.0,0.0,0.0,0.0,0.0,0.0,0.0,0.0,0.0,0.0,0.0,0.7947905400166763,0.5713622042201895,0.0,0.25,0.25,0.18556266671875002,0.2250078623429824,0.25,0.25,nan,nan,0.3333333333333333,0.3333333333333333,0.3333333333333333,0.3333333333333333
and,3,0,394,0.0,0.0,0.0,0.0,0.0,0.0,0.0,0.0,0.0,0.0,0.0,0.0,0.0,0.0,0.0,0.0,0.0,0.0,0.8308903780358152,0.49831069933440414,0.1789375,0.16666704296875,0.16666704296875,0.19990830875651042,0.12033127635523459,0.16666708854166667,0.16666708854166667,nan,nan,0.0,0.0,0.3333333333333333,0.3333333333333333
and,3,0,395,0.0,0.0,0.0,0.0,0.0,0.0,0.0,0.0,0.0,0.0,0.0,0.0,0.0,0.0,0.0,0.0,0.0,0.0,0.80526086611731,0.5148503730204139,0.0765,0.16667075,0.16667075,0.19356052213541666,0.13087910586667167,0.16667075,0.16667075,nan,nan,0.0,0.0,0.3333333333333333,0.3333333333333333
and,3,0,396,0.0,0.0,0.0,0.0530127832910199,0.0,0.0,0.0,0.0,0.0,0.09182083411068494,0.0,0.0,0.0,0.0,0.0,0.0,0.0,0.0,0.8653748551928233,0.5161911676604228,0.0,0.1828,0.1828,0.2009662008333333,0.1447435783991479,0.1828,0.1828,nan,nan,0.0,0.0,0.3333333333333333,0.3333333333333333
and,3,0,397,0.0,0.0,0.0,0.0,0.0,0.0,0.0,0.0,0.0,0.0,0.0,0.0,0.0,0.0,0.0,0.0,0.0,0.0,0.4900960081679076,0.2846966696376128,0.18973162698343057,0.2509912615740479,0.2509912615740479,0.2182239510994978,0.21707965099837803,0.31407500000000005,0.31407500000000005,nan,nan,0.6666666666666666,0.6666666666666666,0.0,0.3333333333333333
and,3,0,398,0.0,0.0,0.0,0.0,0.0,0.0,0.0,0.0,0.0,0.0,0.0,0.0,0.0,0.0,0.0,0.0,0.0,0.0,0.7222104090914226,0.49129476256917837,0.0,0.25,0.25,0.17340589322916666,0.12129268477730189,0.25,0.25,nan,nan,0.0,0.0,0.3333333333333333,0.3333333333333333
and,3,0,399,0.0,0.0,0.0,0.0,0.0,0.0,0.0,0.0,0.0,0.0,0.0,0.0,0.0,0.0,0.0,0.0,0.0,0.0,0.36147268223200485,0.2467267211507336,0.1456427325875052,0.2538446759259259,0.2538446759259259,0.20478810763888888,0.197459198616435,0.2902666666666667,0.2902666666666667,nan,nan,0.6666666666666666,0.6666666666666666,0.0,0.0
and,3,0,400,0.19091883092036782,0.0,0.0,0.0,0.31591137997873514,0.0,0.26999999999999996,0.0,0.0,0.0,0.43,0.0,0.18031222920256962,0.1697056274847714,0.19091883092036782,0.255,0.23999999999999996,0.26999999999999996,0.9374466651495432,0.574887269845112,0.45431954613465614,0.07869999999999999,0.06654999999999998,0.15695846354166665,0.06819967251700575,0.09576666666666667,0.06249999999999998,nan,nan,0.0,0.0,0.0,0.0
and,3,0,401,0.0,0.0,0.0,0.0,0.0,0.0,0.0,0.0,0.0,0.0,0.0,0.0,0.0,0.0,0.0,0.0,0.0,0.0,0.5282045058497703,0.3511422070388887,0.11401754250991379,0.30683333333333335,0.30683333333333335,0.22876874999999997,0.2057411271178042,0.33946666666666664,0.33946666666666664,nan,nan,0.3333333333333333,0.3333333333333333,0.3333333333333333,0.3333333333333333
and,3,0,402,0.0,0.0,0.0,0.0,0.0,0.0,0.0,0.0,0.0,0.0,0.0,0.0,0.0,0.0,0.0,0.0,0.0,0.0,0.5416641025580335,0.4905976126077425,0.0,0.25,0.25,0.1442354166666844,0.14212565616189302,0.25,0.25,nan,nan,0.3333333333333333,0.3333333333333333,0.3333333333333333,0.3333333333333333
and,3,0,403,0.0,0.0,0.0,0.0,0.0,0.0,0.0,0.0,0.0,0.0,0.0,0.0,0.0,0.0,0.0,0.0,0.0,0.0,0.3257235535440035,0.16286177677200175,0.14992822356788663,0.18148356481481484,0.18148356481481484,0.24568255208333334,0.23750175857841438,0.169075,0.169075,nan,nan,0.0,0.0,0.6666666666666666,0.6666666666666666
and,3,0,404,0.16351844314938913,0.0,0.0,0.0,0.16351844314938913,0.0,0.23125,0.0,0.0,0.0,0.23125,0.0,0.1308147545195113,0.14318912319027588,0.16351844314938913,0.185,0.2025,0.23125,0.5948017001488817,0.4068821455488956,0.23125,0.34490885416666667,0.33599609374999995,0.40270914713541667,0.4640390756223873,0.34490885416666667,0.33599609374999995,nan,nan,1.0,1.0,1.0,1.0
and,3,0,405,0.0,0.0,0.0,0.0,0.0,0.0,0.0,0.0,0.0,0.0,0.0,0.0,0.0,0.0,0.0,0.0,0.0,0.0,0.5562682581273176,0.3848382496227978,0.12624999999999997,0.29739635416666665,0.29739635416666665,0.27442884114583327,0.23766747133718888,0.33946666666666664,0.33946666666666664,nan,nan,0.3333333333333333,0.3333333333333333,0.6666666666666666,0.6666666666666666
and,3,0,406,0.0,0.0,0.0,0.0,0.0,0.0,0.0,0.0,0.0,0.0,0.0,0.0,0.0,0.0,0.0,0.0,0.0,0.0,0.3032686515286405,0.15163432576432026,0.18211431849253368,0.18876875,0.18876875,0.23212441406250006,0.22739987580270382,0.17615885416666666,0.17615885416666666,nan,nan,0.3333333333333333,0.3333333333333333,0.3333333333333333,0.3333333333333333
and,3,0,407,0.14307127205996667,0.0,0.0,0.0,0.3528462838120872,0.0,0.2023333333331757,0.0,0.0,0.0,0.499,0.0,0.14307127205996667,0.14307127205996667,0.14307127205996667,0.2023333333331757,0.2023333333331757,0.2023333333331757,0.7877194932207784,0.48236548396826356,0.35909593271034135,0.09711514814812677,0.09029201851850777,0.09859059722222126,0.033860248580101816,0.16666699999999998,0.12516683333333334,nan,nan,0.0,0.0,0.0,0.0
and,3,0,408,0.0,0.0,0.0,0.0,0.0,0.0,0.0,0.0,0.0,0.0,0.0,0.0,0.0,0.0,0.0,0.0,0.0,0.0,0.9373162375456258,0.46918819530336187,0.499,0.166667,0.166667,0.17043614713541622,0.07012216867887701,0.166667,0.166667,nan,nan,0.0,0.0,0.0,0.0
and,3,0,409,0.15556349186104043,0.0,0.0,0.0,0.15556349186104043,0.0,0.21999999999999997,0.0,0.0,0.0,0.21999999999999997,0.0,0.15556349186104043,0.15556349186104043,0.15556349186104043,0.21999999999999997,0.21999999999999997,0.21999999999999997,0.49876879663828205,0.24938439831914103,0.3274236552236261,0.13156875,0.12350208333333335,0.18528688151041672,0.1952275780276539,0.13156875,0.12350208333333335,nan,nan,0.3333333333333333,0.0,0.0,0.0
and,3,0,410,0.0,0.0,0.0,0.0,0.0,0.0,0.0,0.0,0.0,0.0,0.0,0.0,0.0,0.0,0.0,0.0,0.0,0.0,1.0483757278126324,0.7705062345853245,0.03973840239617089,0.017687213541666667,0.017687213541666667,0.18384012098524305,0.10179361089430529,0.017687213541666667,0.017687213541666667,nan,nan,0.0,0.0,0.3333333333333333,0.3333333333333333
and,3,0,411,0.0,0.0,0.0,0.0,0.0,0.0,0.0,0.0,0.0,0.0,0.0,0.0,0.0,0.0,0.0,0.0,0.0,0.0,0.7693872968148097,0.5103515446365332,0.20999999999999996,0.1947,0.1947,0.15704274609375002,0.11394867171620371,0.25,0.25,nan,nan,0.0,0.0,0.3333333333333333,0.3333333333333333
and,3,0,412,0.007216878364870297,0.0,0.0,0.0,0.007216878364870297,0.0,0.012499999999999983,2.7755575615628914e-17,0.0,0.0,0.012499999999999983,0.0,0.0,0.0028867513459480514,0.007216878364870297,0.0,0.004999999999999949,0.012499999999999983,0.46122798050421876,0.30709180626901894,0.14500000000000002,0.12381875000000002,0.12380138888888888,0.20090898437500002,0.20193417063720318,0.12381875000000002,0.12380138888888888,nan,nan,0.0,0.0,0.0,0.3333333333333333
and,3,0,413,0.0,0.0,0.0,0.0,0.0,0.0,0.0,0.0,0.0,0.0,0.0,0.0,0.0,0.0,0.0,0.0,0.0,0.0,0.533599217578137,0.40573371332372393,0.21999999999999997,0.33946666666666664,0.33946666666666664,0.18914069010416665,0.15799563614593656,0.33946666666666664,0.33946666666666664,nan,nan,0.3333333333333333,0.3333333333333333,0.3333333333333333,0.3333333333333333
and,3,0,414,0.0,0.0,0.0,0.0,0.2262741699796952,0.0,0.0,0.0,0.0,0.0,0.32,0.0,0.0,0.0,0.0,0.0,0.0,0.0,0.32808154474154744,0.22968046861949165,0.1875,0.23461874999999996,0.23461874999999996,0.20357578125,0.19586297808522035,0.26216666666666666,0.24509999999999996,nan,nan,0.3333333333333333,0.3333333333333333,0.3333333333333333,0.3333333333333333
and,3,0,415,0.0,0.0,0.0,0.0,0.0,0.0,0.0,0.0,0.0,0.0,0.0,0.0,0.0,0.0,0.0,0.0,0.0,0.0,0.7715919420263537,0.491431422471732,0.00098,0.00878437513333333,0.00878437513333333,0.11078698211249999,0.06346233349086651,0.00878437513333333,0.00878437513333333,nan,nan,0.0,0.0,0.0,0.0
and,3,0,416,0.0,0.0,0.0,0.0,0.0,0.0,0.0,0.0,0.0,0.0,0.0,0.0,0.0,0.0,0.0,0.0,0.0,0.0,0.4372141923588483,0.25660655039951524,0.09899494936611658,0.35541875000000006,0.35541875000000006,0.250057421875,0.25062451802530045,0.35541875000000006,0.35541875000000006,nan,nan,0.6666666666666666,0.6666666666666666,0.3333333333333333,0.3333333333333333
and,3,0,417,0.0,0.0,0.0,0.0,0.0,0.0,0.0,0.0,0.0,0.0,0.0,0.0,0.0,0.0,0.0,0.0,0.0,0.0,0.5052629266035654,0.3171294499511969,0.0,0.1828,0.1828,0.1684789713541667,0.17797463332506566,0.1828,0.1828,nan,nan,0.6666666666666666,0.6666666666666666,0.0,0.0
and,3,0,418,0.0,0.0,0.0,0.0,0.0,0.0,0.0,0.0,0.0,0.0,0.0,0.0,0.0,0.0,0.0,0.0,0.0,0.0,0.5311735239072068,0.283182800190733,0.34375,0.1545463541666667,0.1545463541666667,0.17564469401041669,0.15718905254423543,0.1545463541666667,0.1545463541666667,nan,nan,0.0,0.0,0.0,0.0
and,3,0,419,0.0,0.0,0.0,0.0,0.0,0.0,0.0,0.0,0.0,0.0,0.0,0.0,0.0,0.0,0.0,0.0,0.0,0.0,0.9257640425616023,0.5248359709304347,0.040072590382953785,0.17373252083333332,0.17373252083333332,0.19832989583333335,0.22499664225912572,0.17373252083333332,0.17373252083333332,nan,nan,0.3333333333333333,0.3333333333333333,0.3333333333333333,0.3333333333333333
and,3,0,420,0.0,0.0,0.0,0.0,0.03623922253581057,0.0,0.0,0.0,0.0,0.0,0.05125000000000002,0.0,0.0,0.0,0.0,0.0,0.0,0.0,0.5419705077308175,0.27668273351511274,0.28,0.10302734375,0.10302734375,0.178129779296875,0.1630270099107557,0.10346510416666667,0.10302734375,nan,nan,0.3333333333333333,0.3333333333333333,0.0,0.0
and,3,0,421,0.011490485194281428,0.0,0.0,0.0,0.1272792206135786,0.0,0.016250000000000042,0.0,0.0,0.0,0.18000000000000005,0.0,0.05480077554195744,0.024748737341529183,0.011490485194281428,0.07750000000000001,0.03500000000000003,0.016250000000000042,0.7747580267412529,0.45633234062271116,0.016250000000000042,0.1692177083333333,0.16917369791666662,0.18631442057291667,0.20165448988310133,0.12534635416666665,0.11994635416666664,nan,nan,0.0,0.0,0.0,0.0
and,3,0,422,0.0,0.0,0.0,0.0,0.0,0.0,0.0,0.0,0.0,0.0,0.0,0.0,0.0,0.0,0.0,0.0,0.0,0.0,0.29303370113350447,0.2237319649278391,0.1375,0.32332083333333334,0.32332083333333334,0.2793396417942176,0.2717382895046029,0.32332083333333334,0.32332083333333334,nan,nan,0.6666666666666666,0.6666666666666666,0.6666666666666666,0.6666666666666666
and,3,0,423,0.0,0.0,0.0,0.0,0.0,0.0,0.0,0.0,0.0,0.0,0.0,0.0,0.0,0.0,0.0,0.0,0.0,0.0,0.6188901356460612,0.3889814686268273,0.31626729201736936,0.16767500000000002,0.16767500000000002,0.19799218750000003,0.19410174767505575,0.16767500000000002,0.16767500000000002,nan,nan,0.3333333333333333,0.3333333333333333,0.3333333333333333,0.3333333333333333
and,3,0,424,0.34957591494909945,0.0,0.0,0.0,0.34957591494909945,0.0,0.494375,0.0,0.0,0.0,0.494375,0.0,0.346128769390815,0.3494875266014511,0.34957591494909945,0.4895,0.49425,0.494375,0.7360758389086005,0.36803791945430026,0.494375,0.16667721354166667,0.12594277343750002,0.16017307584635418,0.0807505763905541,0.16667721354166667,0.12594277343750002,nan,nan,0.3333333333333333,0.3333333333333333,0.0,0.0
and,3,0,425,0.0,0.0,0.0,0.0,0.06540737725975566,0.0,0.0,0.0,0.0,0.0,0.09250000000000003,0.0,0.0,0.0,0.0,0.0,0.0,0.0,0.36355306811156657,0.23226359441004318,0.16458069618140386,0.11206226851851853,0.11206226851851853,0.21188133680555557,0.2064103291908916,0.06168541666666668,0.060259375000000004,nan,nan,0.0,0.0,0.3333333333333333,0.0
and,3,0,426,0.3382622064501147,0.0,0.0,0.0,0.35240434207384563,0.0,0.478375,0.0,0.0,0.0,0.498375,0.0,0.33835059479776297,0.3385273714930596,0.3382622064501147,0.4785,0.47875,0.478375,0.8539414713193537,0.5193014426804374,0.478375,0.16013421354166665,0.1219937734375,0.08466368036157818,0.01398592414635668,0.166667546875,0.1252712734375,nan,nan,0.0,0.0,0.0,0.0
and,3,0,427,0.34683587617200157,0.0,0.0,0.0,0.34683587617200157,0.0,0.4905,0.0,0.0,0.0,0.4905,0.0,0.33941125496954283,0.34595199269551835,0.34683587617200157,0.48,0.48925,0.4905,0.8380082506306248,0.5026524904257831,0.4905,0.16669674999999998,0.126598375,0.12572828808593753,0.07392039561593046,0.16669674999999998,0.126598375,nan,nan,0.3333333333333333,0.3333333333333333,0.0,0.0
and,3,0,428,0.0,0.0,0.0,0.0,0.0,1.9229626863835638e-16,0.0,0.0,0.0,0.0,0.0,3.3306690738754696e-16,0.0,0.0,0.0,0.0,0.0,0.0,0.7692549154864077,0.3988412087047844,0.0,0.25,0.25,0.3113865234375,0.285970722237118,0.25,0.25,nan,nan,0.0,0.0,1.0,1.0
and,3,0,429,0.17994083389743326,0.0,0.0,0.0,0.2193931022920577,0.0,0.3116666666666666,1.1102230246251565e-16,0.0,0.0,0.37999999999999995,0.0,0.21169509870286263,0.1982235924217715,0.17994083389743326,0.36666666666666653,0.3433333333333333,0.3116666666666666,0.44,0.31210289106120065,0.2628080203410001,0.19088935185185185,0.18009645061728397,0.21080703124999997,0.19268176277002932,0.20013333333333336,0.18408888888888889,nan,nan,0.3333333333333333,0.3333333333333333,0.3333333333333333,0.3333333333333333
and,3,0,430,0.0,0.0,0.0,0.0,0.0,0.0,0.0,0.0,0.0,0.0,0.0,0.0,0.0,0.0,0.0,0.0,0.0,0.0,0.8541683455268054,0.5185018924435325,0.3419946088756371,0.04216916666666667,0.04216916666666667,0.08729737109375,0.01594522206810729,9e-06,9e-06,nan,nan,0.0,0.0,0.0,0.0
and,3,0,431,0.0,0.0,0.0,0.0,0.0006363961030678928,0.0,0.0,0.0,0.0,0.0,0.0009,0.0,0.0,0.0,0.0,0.0,0.0,0.0,0.8075198139983935,0.5225721029524607,0.4691602631297754,0.10417533416666665,0.10417533416666665,0.2369351928125,0.16607980098349093,0.08333366999999998,0.083333535,nan,nan,0.0,0.0,0.3333333333333333,0.3333333333333333
and,3,0,432,0.3818376618407035,0.0,0.0,0.0,0.4737615433949869,0.0,0.5399999999999545,0.0,0.0,0.0,0.67,0.0,0.3818376618407035,0.3818376618407035,0.3818376618407035,0.5399999999999545,0.5399999999999545,0.5399999999999545,0.9248282272941278,0.6336731961621697,0.4925444142409854,0.18419999999998335,0.1355999999999915,0.09901641541666857,0.020474644702100496,0.23750000000000004,0.16268333333333337,nan,nan,0.3333333333333333,0.0,0.0,0.0
and,3,0,433,0.34939913825380287,0.0,0.0,0.0,0.34939913825380287,0.0,0.494125,0.0,0.0,0.0,0.494125,0.0,0.346128769390815,0.346128769390815,0.34939913825380287,0.4895,0.4895,0.494125,0.8595374664608868,0.569789208670206,0.494125,0.166678171875,0.12598491927083333,0.11527093471354168,0.016880942262064682,0.166678171875,0.12598491927083333,nan,nan,0.0,0.0,0.0,0.0
and,3,0,434,0.01924500897298746,0.0,0.0,0.0,0.05773502691896263,0.0,0.03333333333333316,0.0,0.0,0.0,0.09999999999999998,0.0,0.01924500897298746,0.01924500897298746,0.01924500897298746,0.03333333333333316,0.03333333333333316,0.03333333333333316,0.8097893437493482,0.515028385405821,0.03333333333333338,0.4124074074074074,0.4048765432098766,0.24980565169270832,0.15845202435089165,0.425,0.4016666666666666,nan,nan,0.3333333333333333,0.3333333333333333,0.3333333333333333,0.3333333333333333
and,3,0,435,0.0,0.0,0.0,0.0,0.0,0.0,0.0,0.0,0.0,0.0,0.0,0.0,0.0,0.0,0.0,0.0,0.0,0.0,0.47,0.3064419111590718,0.0,0.25,0.25,0.20396373697916667,0.18367545932338766,0.25,0.25,nan,nan,0.3333333333333333,0.3333333333333333,0.3333333333333333,0.3333333333333333
and,3,0,436,0.0,0.0,0.0,0.0,0.0,0.0,0.0,0.0,0.0,0.0,0.0,0.0,0.0,0.0,0.0,0.0,0.0,0.0,0.7765164699637735,0.5149102964863315,0.2345857736050388,0.028892593600960748,0.028892593600960748,0.08660064211597389,0.04400553166145251,0.012300001008333334,0.012300001008333334,nan,nan,0.0,0.0,0.0,0.0
and,3,0,437,0.017677669529663705,0.0,0.0,0.0,0.03535533905932737,0.0,0.025000000000000022,0.0,0.0,0.0,0.04999999999999999,0.0,0.017677669529663705,0.017677669529663705,0.017677669529663705,0.025000000000000022,0.025000000000000022,0.025000000000000022,0.36585516259853434,0.265712066811611,0.08381527307120101,0.23400833333333335,0.23390416666666666,0.18669403211805558,0.19300476534709884,0.2429666666666667,0.24255000000000002,nan,nan,0.6666666666666666,0.6666666666666666,0.3333333333333333,0.3333333333333333
and,3,0,438,0.0,0.0,0.0,0.0,0.0,0.0,0.0,0.0,0.0,0.0,0.0,0.0,0.0,0.0,0.0,0.0,0.0,0.0,0.6962719027075557,0.4457331332828103,0.33699999999999997,0.40018966666666667,0.40018966666666667,0.19212697005208335,0.17877065845844953,0.4993336666666666,0.4993336666666666,nan,nan,0.6666666666666666,0.6666666666666666,0.0,0.3333333333333333
and,3,0,439,0.20506096654409875,0.0,0.0,0.0,0.31819805153394637,0.0,0.29,0.0,0.0,0.0,0.45,0.0,0.20506096654409875,0.20506096654409875,0.20506096654409875,0.29,0.29,0.29,0.8530038192323643,0.5429415964504295,0.29,0.12269999999999999,0.10868333333333331,0.055108666992187506,0.007133359769417611,0.16749999999999998,0.13375,nan,nan,0.0,0.0,0.0,0.0
and,3,0,440,0.12993087104302808,0.0,0.0,0.0,0.12993087104302808,0.0,0.18374999999999997,0.0,0.0,0.0,0.18374999999999997,0.0,0.08131727983645295,0.12904698756654492,0.12993087104302808,0.11499999999999999,0.1825,0.18374999999999997,0.4466209942445608,0.22331049712228043,0.18374999999999997,0.2000046875,0.19437734375000001,0.1919681315104167,0.18123056950034214,0.2000046875,0.19437734375000001,nan,nan,0.3333333333333333,0.3333333333333333,0.0,0.0
and,3,0,441,0.0,0.0,0.0,0.0,0.0,0.0,0.0,0.0,0.0,0.0,0.0,0.0,0.0,0.0,0.0,0.0,0.0,0.0,0.6894200461257273,0.5003104023748525,0.0,0.25,0.25,0.10879270833333334,0.09335769359137054,0.25,0.25,nan,nan,0.3333333333333333,0.3333333333333333,0.0,0.0
and,3,0,442,0.3438306723519587,0.0,0.0,0.0,0.3438306723519587,0.0,0.48625,5.551115123125783e-17,0.0,0.0,0.48625,0.0,0.3464823227814083,0.3447145558284419,0.3438306723519587,0.49,0.4875,0.48625,0.8193240449449778,0.4096620224724889,0.48625,0.16672968750000003,0.12732317708333332,0.21782899772135414,0.13149998423465944,0.16672968750000003,0.12732317708333332,nan,nan,0.0,0.0,0.3333333333333333,0.3333333333333333
and,3,0,443,0.0,0.0,0.0,0.0,0.0,0.0,0.0,0.0,0.0,0.0,0.0,0.0,0.0,0.0,0.0,0.0,0.0,0.0,0.28887713651308566,0.14443856825654283,0.0,0.25,0.25,0.2670163194444444,0.26193687305106156,0.25,0.25,nan,nan,0.0,0.0,0.6666666666666666,0.6666666666666666
and,3,0,444,0.016228100628231244,0.0,0.0,0.0,0.0,0.016358257627039418,0.02294999999999997,0.0,0.0,0.0,0.0,0.02833333333333323,0.004737615433949838,0.02771858582251263,0.016228100628231244,0.006699999999999956,0.03919999999999996,0.02294999999999997,0.7020973045098521,0.4398430887593932,0.3769885707816618,0.0974813175,0.09739353375,0.2232539757291667,0.18472525761036154,0.089296355,0.089296355,nan,nan,0.0,0.0,0.3333333333333333,0.3333333333333333
and,3,0,445,0.0,0.0,0.0,0.0,0.0,0.0,0.0,0.0,0.0,0.0,0.0,0.0,0.0,0.0,0.0,0.0,0.0,0.0,0.56283045848639,0.3566643658477912,0.0,0.36946666666666667,0.36946666666666667,0.3000127387152778,0.29464735948271475,0.36946666666666667,0.36946666666666667,nan,nan,0.6666666666666666,0.6666666666666666,0.6666666666666666,0.6666666666666666
and,3,0,446,0.0,0.0,0.0,0.0,0.0,0.0,0.0,0.0,0.0,0.0,0.0,0.0,0.0,0.0,0.0,0.0,0.0,0.0,0.47,0.34227010321768686,0.22375,0.1921046875,0.1921046875,0.16980289713541666,0.17959452423424963,0.1921046875,0.1921046875,nan,nan,0.6666666666666666,0.6666666666666666,0.0,0.0
and,3,0,447,0.15011106998930257,0.0,0.0,0.0,0.15011106998930257,0.0,0.25999999999999984,1.1102230246251565e-16,0.0,0.0,0.25999999999999984,0.0,0.15011106998930257,0.15011106998930257,0.15011106998930257,0.25999999999999984,0.25999999999999984,0.25999999999999984,0.8833631759575193,0.5584619886797235,0.206155281280883,0.21753333333333333,0.21002222222222222,0.22908117858471513,0.27077447684856837,0.21753333333333333,0.21002222222222222,nan,nan,0.3333333333333333,0.6666666666666666,0.3333333333333333,0.3333333333333333
and,3,0,448,0.0,0.0,0.0,0.0,0.0,0.0,0.0,0.0,0.0,0.0,0.0,0.0,0.0,0.0,0.0,0.0,0.0,0.0,0.7548157887855818,0.4812177202408774,0.24624999999999997,0.08901927083333333,0.08901927083333333,0.16840722656250004,0.1506515446249855,0.08901927083333333,0.08901927083333333,nan,nan,0.3333333333333333,0.3333333333333333,0.3333333333333333,0.3333333333333333
and,3,0,449,0.0,0.0,0.0,0.0,0.0,0.0,0.0,0.0,0.0,0.0,0.0,0.0,0.0,0.0,0.0,0.0,0.0,0.0,0.5937868409623103,0.3320372880468718,0.27625,0.1303671875,0.1303671875,0.19342281901041666,0.1666495657106759,0.09675885416666667,0.09675885416666667,nan,nan,0.0,0.0,0.3333333333333333,0.3333333333333333
and,3,0,450,0.0,0.0,0.0,0.0,0.0,0.0,0.0,0.0,0.0,0.0,0.0,0.0,0.0,0.0,0.0,0.0,0.0,0.0,0.8520782772873629,0.4260391386436814,0.499,0.166667,0.166667,0.14215702897135418,0.027239978597980895,0.166667,0.166667,nan,nan,0.0,0.0,0.0,0.0
and,3,0,451,0.15379572490807408,0.0,0.0,0.0,0.15379572490807408,0.0,0.21749999999999997,0.0,0.0,0.0,0.21749999999999997,0.0,0.16734860488081627,0.15909902576697318,0.15379572490807408,0.2366666666666667,0.22499999999999998,0.21749999999999997,0.5396946474628037,0.4170831151248499,0.21749999999999997,0.33826874999999995,0.330384375,0.3207056315104167,0.3949670587749851,0.33826874999999995,0.330384375,nan,nan,1.0,1.0,0.6666666666666666,0.6666666666666666
and,3,0,452,0.0,0.0,0.0,0.0,0.0,0.0035355339059327407,0.0,0.0,0.0,0.0,0.0,0.0050000000000000044,0.0,0.0,0.0,0.0,0.0,0.0,0.6694027188471825,0.40660293029066635,0.0,0.1667,0.1667,0.19073637152777775,0.2017843921847282,0.1667,0.1667,nan,nan,0.0,0.0,0.3333333333333333,0.3333333333333333
and,3,0,453,0.0,0.0,0.0,0.0,0.0,0.0,0.0,0.0,0.0,0.0,0.0,0.0,0.0,0.0,0.0,0.0,0.0,0.0,0.7593272207191047,0.45860349826835195,0.07050000000000001,0.18758341666666667,0.18758341666666667,0.16281293131510416,0.13609186152763494,0.25,0.25,nan,nan,0.3333333333333333,0.3333333333333333,0.3333333333333333,0.3333333333333333
and,3,0,454,0.0,0.0,0.0,0.0,0.0,0.0,0.0,0.0,0.0,0.0,0.0,0.0,0.0,0.0,0.0,0.0,0.0,0.0,0.45225995013929765,0.2695723584787437,0.0,0.25,0.25,0.16773076171875,0.15539386583093998,0.25,0.25,nan,nan,0.0,0.0,0.0,0.0
and,3,0,455,0.0,0.0,0.0,0.0,0.0,0.0,0.0,0.0,0.0,0.0,0.0,0.0,0.0,0.0,0.0,0.0,0.0,0.0,0.5440588203494178,0.3661147809981607,0.0,0.25,0.25,0.1948981119791667,0.19736478329651805,0.25,0.25,nan,nan,0.3333333333333333,0.3333333333333333,0.3333333333333333,0.3333333333333333
and,3,0,456,0.0,0.0,0.0,0.0,0.009369164850721754,0.0,0.0,0.0,0.0,0.0,0.01325,0.0,0.0,0.0,0.0,0.0,0.0,0.0,0.8156985120128637,0.5528404603018934,0.0,0.030854729166666664,0.030854729166666664,0.08258726822916665,0.024765399456576794,0.030883989583333327,0.030854729166666664,nan,nan,0.0,0.0,0.0,0.0
and,3,0,457,0.022980970388562776,0.0,0.0,0.0,0.022980970388562776,0.0,0.03249999999999997,0.0,0.0,0.0,0.03249999999999997,0.0,0.0636396103067893,0.06834776295818971,0.022980970388562776,0.09000000000000002,0.09665833333333335,0.03249999999999997,0.8103088627955393,0.5314609833750602,0.03249999999999997,0.23951875,0.23934270833333335,0.18973899362304691,0.12814965513050927,0.23951875,0.23934270833333335,nan,nan,0.0,0.0,0.3333333333333333,0.3333333333333333
and,3,0,458,0.0340295138446026,0.0,0.0,0.0,0.045519999038884,0.0,0.048125,0.0,0.0,0.0,0.064375,0.0,0.05161879502661795,0.06399316369738255,0.0340295138446026,0.073,0.0905,0.048125,0.780099152351802,0.5268226206007611,0.04812500000000001,0.00630846354166666,0.005922460937499993,0.10905980631510415,0.07743210153064212,0.006193359374999993,0.005502669270833326,nan,nan,0.0,0.0,0.0,0.0
and,3,0,459,0.0,0.0,0.0,0.0,0.0,0.0,0.0,0.0,0.0,0.0,0.0,0.0,0.0,0.0,0.0,0.0,0.0,0.0,0.965023101245509,0.67282788496308,0.2875,0.16691875,0.16691875,0.09816301047092015,0.13546768236005527,0.16691875,0.16691875,nan,nan,0.0,0.0,0.0,0.3333333333333333
and,3,0,460,0.0,0.0,0.0,0.0,0.0,0.0,0.0,0.0,0.0,0.0,0.0,0.0,0.0,0.0,0.0,0.0,0.0,0.0,1.0452452972891586,0.6675080385409431,0.09080357142857143,0.17075914381377552,0.17075914381377552,0.14101378272480866,0.13653608737317535,0.17169795918367348,0.17169795918367348,nan,nan,0.3333333333333333,0.3333333333333333,0.0,0.3333333333333333
and,3,0,461,0.11490485194281395,0.0,0.0,0.0,0.1361180553784104,0.0,0.16249999999999998,0.0,0.0,0.0,0.1925,0.0,0.134350288425444,0.11490485194281395,0.11490485194281395,0.18999999999999995,0.16249999999999998,0.16249999999999998,0.8248604011020593,0.4875925081568883,0.1925,0.17878541666666667,0.174384375,0.12310006263138018,0.045809148985442284,0.17938541666666666,0.173209375,nan,nan,0.0,0.0,0.0,0.0
and,3,0,462,0.0,0.0,0.0,0.0,0.0,0.03173141680574632,0.0,0.0,0.0,0.0,0.0,0.044875,0.0,0.0,0.0,0.0,0.0,0.0,0.7123156614609143,0.46209620791192935,0.0,0.2092666666666667,0.2092666666666667,0.1872327768554687,0.23049860144165488,0.2092666666666667,0.2092666666666667,nan,nan,0.3333333333333333,0.3333333333333333,0.3333333333333333,0.3333333333333333
and,3,0,463,0.09899494936611666,0.0,0.0,0.0,0.19798989873223333,0.0,0.14,0.0,0.0,0.0,0.28,0.0,0.09899494936611666,0.09899494936611666,0.09899494936611666,0.14,0.14,0.14,0.3735959827585589,0.28272446628091924,0.14606885743070327,0.4235342592592593,0.4202675925925927,0.3065841796875,0.29407558851936016,0.5629255208333334,0.5498588541666668,nan,nan,0.6666666666666666,1.0,0.6666666666666666,0.6666666666666666
and,3,0,464,0.11313708498984763,0.0,0.0,0.0,0.2262741699796952,0.0,0.16000000000000003,0.0,0.0,0.0,0.32,0.0,0.11313708498984763,0.11313708498984763,0.11313708498984763,0.16000000000000003,0.16000000000000003,0.16000000000000003,0.5161788691916785,0.29614434165236575,0.1672619577190223,0.2222421875,0.2179755208333333,0.1783341796875,0.15912698029571806,0.19450885416666663,0.1774421875,nan,nan,0.3333333333333333,0.3333333333333333,0.3333333333333333,0.3333333333333333
and,3,0,465,0.3245620125646253,0.0,0.0,0.0,0.3528462838120872,0.0,0.45899999999999996,0.0,0.0,0.0,0.499,0.0,0.3245620125646253,0.3245620125646253,0.3245620125646253,0.45899999999999996,0.45899999999999996,0.45899999999999996,0.7811702759322068,0.5347489957870138,0.5006006392325124,0.15386699999999998,0.1187535,0.10165762958541665,0.03129272069548918,0.16666699999999998,0.12516683333333334,nan,nan,0.0,0.0,0.0,0.0
and,3,0,466,0.05751892768059004,0.0,0.0,0.0,0.014273455454522743,0.0,0.08134404761904766,0.0,0.0,0.0,0.020185714285714293,0.0,0.021213203435596427,5.892556509890682e-05,0.05751892768058998,0.03,8.333333333337273e-05,0.08134404761904758,0.5020604207293433,0.3366471611797104,0.09380948861644255,0.008217086281651551,0.0071142772678099014,0.02672374467988237,0.017002550306240052,0.004108678163265304,0.004040767653061223,nan,nan,0.0,0.0,0.0,0.0
and,3,0,467,0.0,0.0,0.0,0.0,0.0,0.0,0.0,0.0,0.0,0.0,0.0,0.0,0.0,0.0,0.0,0.0,0.0,0.0,0.6276051953656853,0.45038944856779284,0.010000000000000009,0.1634,0.1634,0.17881095377604164,0.1386811766574851,0.16016666666666665,0.16016666666666665,nan,nan,0.0,0.0,0.3333333333333333,0.3333333333333333
and,3,0,468,0.3529887273931737,0.0,0.0,0.0,0.35717788518704624,0.0,0.48,2.7755575615628914e-17,0.0,0.0,0.48,0.0,0.3594671983181385,0.35749708623524606,0.3529887273931737,0.48,0.48,0.48,0.8444935797565307,0.5258641002164824,0.378686050706986,0.0901171875000214,0.048583506944477856,0.08320037174479171,0.018974977506133996,0.08857135416666667,0.04604600694444445,nan,nan,0.0,0.0,0.0,0.0
or,3,0,469,0.33410795411064376,0.0,0.0,0.0,0.33410795411064376,0.001767766952966331,0.4725,0.0,0.0,0.0,0.4725,0.0024999999999999467,0.32880465325174457,0.33410795411064376,0.33410795411064376,0.46499999999999997,0.4725,0.4725,0.8442656974036669,0.5923832952092377,0.4804020425643505,0.0835854575,0.046376082500000006,0.13434728005859375,0.040781068192510074,0.0835854575,0.046376082500000006,nan,nan,0.0,0.0,0.0,0.0
or,3,0,470,0.2517006611054606,0.0,0.0,0.0,0.26146750315925177,0.0,0.43595833333333334,0.0,0.0,0.0,0.4528749999999999,0.0,0.24999266655910793,0.25244640520316375,0.2517006611054606,0.43299999999999994,0.4372499999999999,0.43595833333333334,0.9087283678459909,0.5062687742299583,0.43595833333333334,0.38201771122685185,0.36089997029320986,0.25566225745080473,0.19953710301089958,0.387343171875,0.3645547534722222,nan,nan,0.3333333333333333,0.6666666666666666,0.6666666666666666,0.6666666666666666
or,3,0,471,0.11549410759369773,0.0,0.0,0.0,0.4000833246547677,0.0,0.16333333333318478,0.0,0.0,0.0,0.49,0.0,0.11549410759369773,0.11549410759369773,0.11549410759369773,0.16333333333318478,0.16333333333318478,0.16333333333318478,0.6592668276198947,0.4563778039529934,0.16333333333318478,0.15889629629626298,0.15444999999997475,0.20567144618055141,0.16122721167286588,0.1667,0.11334444444444446,nan,nan,0.0,0.0,0.6666666666666666,0.0
or,3,0,472,0.39191835884548676,0.0,0.0,0.0,0.39191835884548676,0.0,0.48,0.0,0.0,0.0,0.48,0.0,0.39191835884548676,0.39191835884548676,0.39191835884548676,0.48,0.48,0.48,0.8355911455370981,0.4177955727685491,0.48,0.16679999999999998,0.1156,0.14394192838541667,0.04664059951889277,0.16679999999999998,0.1156,nan,nan,0.0,0.0,0.0,0.0
or,3,0,473,0.03859624513976575,0.0,0.0,0.0,0.0,0.0,0.05458333333333337,0.0,0.0,0.0,0.0,0.0,0.0,0.034766083408338644,0.03859624513976575,0.0,0.04916666666666675,0.05458333333333337,0.3959784821594898,0.2684204766956138,0.2783214817836062,0.1666542824074074,0.1661577256944444,0.18469025607638886,0.17216167281709363,0.18183541666666667,0.18183541666666667,nan,nan,0.0,0.0,0.0,0.0
or,3,0,474,0.18620478571225596,0.0,0.0,0.0,0.2616295090390226,0.0,0.2633333333330483,0.0,0.0,0.0,0.37,0.0,0.18620478571225596,0.18620478571225596,0.18620478571225596,0.2633333333330483,0.2633333333330483,0.2633333333330483,1.2992204019248552,0.6496257214353766,0.2633333333330483,0.36089259259244755,0.3493351851850652,0.19727634924768508,0.04532628912376808,0.41896666666666665,0.39615,nan,nan,0.3333333333333333,0.6666666666666666,0.0,0.0
or,3,0,475,0.0,0.0,0.0,0.0,0.0,0.0,0.0,0.0,0.0,0.0,0.0,0.0,0.0,0.0,0.0,0.0,0.0,0.0,0.5078524022784572,0.36079900130914505,0.0,0.19096666666666665,0.19096666666666665,0.23826070963541665,0.21910541126073194,0.19096666666666665,0.19096666666666665,nan,nan,0.0,0.0,0.3333333333333333,0.3333333333333333
or,3,0,476,0.0,0.0,0.0,0.0,0.15003124674553786,0.007071067811865481,0.0,0.0,0.0,0.0,0.18374999999999997,0.010000000000000009,0.0,0.0,0.0,0.0,0.0,0.0,0.24758047933954724,0.12379023966977361,0.018124999999999947,0.25615117187499997,0.25615117187499997,0.233777001953125,0.22902647079908198,0.2000046875,0.19250156250000003,nan,nan,0.3333333333333333,0.3333333333333333,0.6666666666666666,0.6666666666666666
or,3,0,477,0.0,0.0,0.0,0.0,0.0,0.0,0.0,0.0,0.0,0.0,0.0,0.0,0.0,0.0,0.0,0.0,0.0,0.0,0.5796887634757121,0.41486353875243265,0.12250000000000005,0.5392020833333334,0.5392020833333334,0.28731539713541665,0.25472244146261636,0.6944713541666667,0.6944713541666667,nan,nan,0.6666666666666666,0.6666666666666666,0.6666666666666666,0.6666666666666666
or,3,0,478,0.3089172750308731,0.0,0.0,0.0,0.3199658184869128,0.0,0.4368750000000001,0.0,0.0,0.0,0.4525,0.0,0.3058236828631819,0.30935921676911454,0.3089172750308731,0.4325000000000001,0.4375,0.4368750000000001,0.9990857507603886,0.5399497009655368,0.4368750000000001,0.167994921875,0.2818099609375,0.22388684929049743,0.22741152986036073,0.16741875000000003,0.28412604166666666,nan,nan,0.0,0.3333333333333333,0.3333333333333333,0.6666666666666666
or,3,0,479,0.5002485849069329,0.0,0.0,0.0,0.6655642577918378,0.0,0.7074583333333333,0.0,0.0,0.0,0.94125,0.0,0.5027529214236353,0.5022815169028442,0.5002485849069329,0.711,0.7103333333333334,0.7074583333333333,1.1236529945153588,0.5995826497780105,0.7083656389691853,0.1830939594907407,0.09967774392361112,0.1949485028211805,0.06114892035455204,0.3207510416666666,0.17309244791666664,nan,nan,0.3333333333333333,0.0,0.0,0.0
or,3,0,480,0.0,0.0,0.0,0.0,0.00883883476483189,0.0,0.0,0.0,0.0,0.0,0.012500000000000067,0.0,0.0,0.0,0.0,0.0,0.0,0.0,0.8149893500071029,0.40749467500355147,0.497875,0.38877604166666674,0.38877604166666674,0.22234807584635416,0.17726089628265182,0.3846354166666666,0.38877604166666674,nan,nan,0.3333333333333333,0.3333333333333333,0.3333333333333333,0.3333333333333333
or,3,0,481,0.0,0.0,0.0,0.0,0.0,0.08838834764831845,0.0,0.0,0.0,0.0,0.0,0.125,0.0,0.0,0.0,0.0,0.0,0.0,0.5458107501689574,0.3836044929336588,0.339375,0.401516796875,0.401516796875,0.2436668131510417,0.24008663964920707,0.372075,0.372075,nan,nan,1.0,1.0,0.3333333333333333,0.3333333333333333
or,3,0,482,0.0,0.0,0.0,0.015340643062867258,0.19268659787333423,0.0,0.0,0.0,0.0,0.026570773205665144,0.2725,0.0,0.0,0.0,0.0,0.0,0.0,0.0,0.6650741969885766,0.41845432362200413,0.1184403858487467,0.2546760416666667,0.2546760416666667,0.30562528515625004,0.40451356407464106,0.17621875,0.2546760416666667,nan,nan,0.3333333333333333,0.3333333333333333,0.6666666666666666,0.6666666666666666
or,3,0,483,0.10665527282897092,0.0,0.0,0.0,0.043310290347676014,0.0,0.15083333333333332,0.0,0.0,0.0,0.06124999999999997,0.0,0.2474873734152916,0.2474873734152916,0.10665527282897092,0.35,0.35,0.15083333333333332,0.6609644153306086,0.46034884417868954,0.30094440470329764,0.1431058449074074,0.13931406249999997,0.18619388802083336,0.14885708029122235,0.15500052083333335,0.15437526041666663,nan,nan,0.0,0.0,0.3333333333333333,0.0
or,3,0,484,0.0,0.0,0.0,0.0,0.021213203435596444,0.0,0.0,0.0,0.0,0.0,0.030000000000000027,0.0,0.0,0.0,0.0,0.0,0.0,0.0,0.4590351634134361,0.30406772574233115,0.026666666666569694,0.15298148148151208,0.15298148148151208,0.1601647732204848,0.14540974981516014,0.1371,0.13695000000000002,nan,nan,0.0,0.0,0.0,0.0
or,3,0,485,0.1484924240489371,0.0,0.0,0.0,0.4202380277891911,0.0,0.20999999999966357,0.0,0.0,0.0,0.5499999999999999,0.0,0.1484924240489371,0.1484924240489371,0.1484924240489371,0.20999999999966357,0.20999999999966357,0.20999999999966357,0.5901133718757785,0.3464519903691923,0.21000000000009106,0.28508888888878764,0.2777388888888111,0.22789167621524128,0.22117902994417682,0.19576666666666667,0.22356666666658787,nan,nan,0.6666666666666666,0.3333333333333333,0.3333333333333333,0.3333333333333333
or,3,0,486,0.056568542494923775,0.0,0.0,0.024256114993779332,0.056568542494923775,0.0,0.07999999999999996,0.0,0.0,0.042012823563459034,0.07999999999999996,0.0,0.056568542494923775,0.056568542494923775,0.056568542494923775,0.07999999999999996,0.07999999999999996,0.07999999999999996,0.6992632730238304,0.41201103162836245,0.22999999999999998,0.21016666666666664,0.20909999999999998,0.2276539401041667,0.1684460204261036,0.21016666666666664,0.20909999999999998,nan,nan,0.3333333333333333,0.6666666666666666,0.3333333333333333,0.3333333333333333
or,3,0,487,0.04242640687119289,0.0,0.0,0.0,0.23151673805606846,0.0,0.06000000000000005,0.0,0.0,0.0,0.31999999999999995,0.0,0.04242640687119289,0.04242640687119289,0.04242640687119289,0.06000000000000005,0.06000000000000005,0.06000000000000005,0.38105117766515295,0.241741202956788,0.08485281374238578,0.3565333333333333,0.35593333333333327,0.2753583333333333,0.2717230221414317,0.2669333333333333,0.34240000000019394,nan,nan,0.6666666666666666,0.6666666666666666,0.6666666666666666,0.6666666666666666
or,3,0,488,0.015026019100214128,0.0,0.0,0.0,0.3416199155006499,0.017677669529663664,0.02124999999999999,0.0,0.0,0.0,0.4825,0.024999999999999967,0.028284271247461888,0.019445436482630033,0.015026019100214128,0.03999999999999998,0.02749999999999997,0.02124999999999999,0.3555321715400731,0.20301796504099812,0.030052038200428257,0.25030104166666667,0.25022578125,0.23027506510416665,0.21958583389022,0.12826875000000001,0.2454784722221867,nan,nan,0.3333333333333333,0.3333333333333333,0.3333333333333333,0.3333333333333333
or,3,0,489,0.028578899072956368,0.0,0.0,0.0,0.0309359216769115,0.0,0.04041666666666677,0.0,0.0,0.0,0.04375000000000007,0.0,0.05421151989096872,0.025337992992517988,0.028578899072956368,0.07666666666666677,0.035833333333333384,0.04041666666666677,0.38778618464303244,0.22122258362030534,0.2333333333333334,0.16911956018518515,0.18231953125,0.24291586371527776,0.23717630469537218,0.17283437499999998,0.18709869791666667,nan,nan,0.3333333333333333,0.3333333333333333,0.6666666666666666,0.6666666666666666
or,3,0,490,0.0,0.0,0.0,0.0,0.0,0.0,0.0,0.0,0.0,0.0,0.0,0.0,0.0,0.0,0.0,0.0,0.0,0.0,0.6788501307357906,0.33942506536789524,0.4175,0.16893541666666667,0.16893541666666667,0.16210078125000002,0.11557167542644986,0.16879999999999998,0.16879999999999998,nan,nan,0.0,0.0,0.0,0.0
or,3,0,491,0.0,0.0,0.0,0.0,0.0,0.0,0.0,0.0,0.0,0.0,0.0,0.0,0.0,0.0,0.0,0.0,0.0,0.0,0.485,0.3622381793020368,0.21999999999999997,0.33946666666666664,0.33946666666666664,0.28307138671875004,0.26877845136774187,0.33946666666666664,0.33946666666666664,nan,nan,0.6666666666666666,0.6666666666666666,0.3333333333333333,0.3333333333333333
or,3,0,492,0.0,0.0,0.0,0.0,0.0,0.0,0.0,0.0,0.0,0.0,0.0,0.0,0.0,0.0,0.0,0.0,0.0,0.0,0.8020837121211226,0.4647750043607349,0.0,0.25,0.25,0.3305664225260417,0.2984087083679781,0.25,0.25,nan,nan,0.0,0.0,1.0,0.6666666666666666
or,3,0,493,0.0,0.0,0.0,0.0,0.0,0.0,0.0,0.0,0.0,0.0,0.0,0.0,0.0,0.0,0.0,0.0,0.0,0.0,0.5008746932450604,0.2504373466225302,0.25866666666666666,0.18608059259259258,0.18608059259259258,0.18729601649305558,0.16432651751798505,0.1733171875,0.1733171875,nan,nan,0.0,0.0,0.0,0.0
or,3,0,494,0.0,0.0,0.0,0.0,0.0,0.0,0.0,0.0,0.0,0.0,0.0,0.0,0.0,0.0,0.0,0.0,0.0,0.0,0.8707764136102907,0.49587525247481823,0.3450000000000001,0.4995838541666667,0.4995838541666667,0.23845836588541666,0.18747195856235307,0.46243020833333337,0.46243020833333337,nan,nan,1.0,1.0,0.3333333333333333,0.3333333333333333
or,3,0,495,0.0,0.0,0.0,0.0,0.0,0.0,0.0,0.0,0.0,0.0,0.0,0.0,0.0,0.0,0.0,0.0,0.0,0.0,0.48216552526077605,0.24108276263038805,0.0,0.25,0.25,0.2343225748697917,0.2358657997485246,0.25,0.25,nan,nan,0.6666666666666666,0.6666666666666666,0.3333333333333333,0.3333333333333333
or,3,0,496,0.3259304700336586,0.0,0.0,0.0,0.36640284069148366,0.0,0.45375,0.0,0.0,0.0,0.44875,0.0,0.32817113873155146,0.3185826539653571,0.3259304700336586,0.45666666666666667,0.44416666666666665,0.45375,0.8128441578802175,0.4516665279091021,0.3358615062627196,0.12333894675929187,0.08792872299385533,0.11802845052083351,0.050679082773787874,0.16754218750000002,0.12279184027777779,nan,nan,0.0,0.0,0.0,0.0
or,3,0,497,0.0,0.0,0.0,0.0,0.0,0.0,0.0,0.0,0.0,0.0,0.0,0.0,0.0,0.0,0.0,0.0,0.0,0.0,0.7678758580222022,0.45497981708456087,0.2534758371127588,0.39630000000004023,0.39630000000004023,0.2775336805555297,0.266018791374558,0.33946666666666664,0.33946666666666664,nan,nan,0.6666666666666666,0.6666666666666666,0.6666666666666666,0.6666666666666666
or,3,0,498,0.0,0.0,0.0,0.0,0.16617009357883866,0.0,0.0,0.0,0.0,0.0,0.235,0.0,0.0,0.0,0.0,0.0,0.0,0.0,0.3768330200499951,0.2824123746539821,0.026249999999999996,0.1633546875,0.1633546875,0.1585568359375041,0.14631419397154052,0.26861666666666667,0.25941249999999993,nan,nan,0.0,0.0,0.0,0.0
or,3,0,499,0.0,0.0,0.0,0.0,0.0,0.0,0.0,0.0,0.0,0.0,0.0,0.0,0.0,0.0,0.0,0.0,0.0,0.0,0.5119218690386259,0.25596093451931295,0.0,0.25,0.25,0.2144596666666667,0.1776982543661553,0.25,0.25,nan,nan,0.3333333333333333,0.3333333333333333,0.3333333333333333,0.3333333333333333
or,3,0,500,0.15556349186104043,0.0,0.0,0.0,0.15556349186104043,0.0,0.21999999999999997,0.0,0.0,0.0,0.21999999999999997,0.0,0.15556349186104043,0.15556349186104043,0.15556349186104043,0.21999999999999997,0.21999999999999997,0.21999999999999997,0.7116178749862878,0.3975933882916341,0.15556349186104043,0.1928,0.25806666666666667,0.2387041666666667,0.2104808890050817,0.1928,0.25806666666666667,nan,nan,0.0,0.3333333333333333,0.3333333333333333,0.3333333333333333
or,3,0,501,0.0,0.0,0.0,0.04623920479501734,0.0,0.0,0.0,0.0,0.0,0.08008865200655246,0.0,0.0,0.0,0.0,0.0,0.0,0.0,0.0,0.7591051475256902,0.5387055256662953,0.0,0.25,0.25,0.21461087239583332,0.16377153148353618,0.25,0.25,nan,nan,0.0,0.0,0.3333333333333333,0.3333333333333333
or,3,0,502,0.0,0.0,0.0,0.0,0.0,0.0,0.0,0.0,0.0,0.0,0.0,0.0,0.0,0.0,0.0,0.0,0.0,0.0,0.7441527270997533,0.37207636354987667,0.0,0.25,0.25,0.368932568359375,0.34087588496029303,0.25,0.25,nan,nan,0.0,0.0,1.0,1.0
or,3,0,503,0.0,0.0,0.0,0.0,0.0,0.0,0.0,0.0,0.0,0.0,0.0,0.0,0.0,0.0,0.0,0.0,0.0,0.0,0.8178181720284772,0.4089090860142386,0.475,0.4835416666666667,0.4835416666666667,0.22507972005208332,0.18893202396083564,0.4835416666666667,0.4835416666666667,nan,nan,0.6666666666666666,0.6666666666666666,0.3333333333333333,0.3333333333333333
or,3,0,504,0.0,0.0,0.0,0.0,0.0,0.0,0.0,0.0,0.0,0.0,0.0,0.0,0.0,0.0,0.0,0.0,0.0,0.0,0.5290232745352514,0.36308428033589096,0.0,0.4803,0.4803,0.3724435546875,0.36233658828706955,0.4803,0.4803,nan,nan,0.6666666666666666,0.6666666666666666,0.6666666666666666,0.6666666666666666
or,3,0,505,0.0,0.0,0.0,0.033139992983056546,0.0,0.0,0.0,0.0,0.0,0.057400151609130035,0.0,0.0,0.0,0.0,0.0,0.0,0.0,0.0,0.837097113915106,0.629551716578945,0.0,0.25,0.25,0.09459822902343751,0.022649869176852692,0.25,0.25,nan,nan,0.0,0.0,0.0,0.0
or,3,0,506,0.15556349186104043,0.0,0.0,0.0,0.15556349186104043,0.0,0.21999999999999997,0.0,0.0,0.0,0.21999999999999997,0.0,0.15556349186104043,0.15556349186104043,0.15556349186104043,0.21999999999999997,0.21999999999999997,0.21999999999999997,0.6487943546173192,0.32498341800772046,0.21999999999999997,0.1928,0.25806666666666667,0.2885385579427282,0.27679752233012217,0.1928,0.25806666666666667,nan,nan,0.0,0.3333333333333333,0.6666666666666666,0.6666666666666666
or,3,0,507,0.0,0.0,0.0,0.0,0.0,0.0,0.0,0.0,0.0,0.0,0.0,0.0,0.0,0.0,0.0,0.0,0.0,0.0,0.6218143814676531,0.31090719073382656,0.0,0.25,0.25,0.3082636067708333,0.2931849616632226,0.25,0.25,nan,nan,0.3333333333333333,0.3333333333333333,0.6666666666666666,0.6666666666666666
or,3,0,508,0.0,0.0,0.0,0.0,0.0,0.0,0.0,0.0,0.0,0.0,0.0,0.0,0.0,0.0,0.0,0.0,0.0,0.0,0.7605901776471566,0.5162991474949369,0.20519511378739566,0.19461950231481484,0.19461950231481484,0.12281213892361113,0.07063367587780366,0.16679999999999998,0.16679999999999998,nan,nan,0.0,0.0,0.0,0.0
or,3,0,509,0.0,0.0,0.0,0.0,0.0,0.0,0.0,0.0,0.0,0.0,0.0,0.0,0.0,0.0,0.0,0.0,0.0,0.0,0.45536348423816175,0.2974143347687291,0.0,0.25,0.25,0.290815285011627,0.2954619962579064,0.25,0.25,nan,nan,0.3333333333333333,0.3333333333333333,0.6666666666666666,0.3333333333333333
or,3,0,510,0.0,0.0,0.0,0.0,0.0,0.0,0.0,0.0,0.0,0.0,0.0,0.0,0.0,0.0,0.0,0.0,0.0,0.0,0.7204782193677567,0.36023910968387834,0.0,0.25,0.25,0.22170324023437504,0.18588807616271597,0.25,0.25,nan,nan,0.3333333333333333,0.3333333333333333,0.3333333333333333,0.3333333333333333
or,3,0,511,0.39191835884548676,0.0,0.0,0.0,0.39191835884548676,0.0,0.48,0.0,0.0,0.0,0.48,0.0,0.39191835884548676,0.39191835884548676,0.39191835884548676,0.48,0.48,0.48,0.9775382745064257,0.5137711814885585,0.48,0.16679999999999998,0.1156,0.1574141891276042,0.04143072475988809,0.16679999999999998,0.1156,nan,nan,0.0,0.0,0.0,0.0
or,3,0,512,0.0,0.0,0.0,0.0,0.0,0.030052038200428337,0.0,0.0,0.0,0.0,0.0,0.04250000000000009,0.0,0.0,0.0,0.0,0.0,0.0,0.5212500000000001,0.33627831562601246,0.07499999999999996,0.371175,0.371175,0.3661547200520833,0.36110493497026824,0.3443,0.3443,nan,nan,0.6666666666666666,0.6666666666666666,1.0,1.0
or,3,0,513,0.33410795411064365,0.0,0.0,0.0,0.33410795411064365,0.0,0.4724999999999999,0.0,0.0,0.0,0.4724999999999999,0.0,0.33587572106361,0.3323401871576773,0.33410795411064365,0.475,0.47,0.4724999999999999,0.8234654288432515,0.4117327144216258,0.4724999999999999,0.16691875,0.287209375,0.22423115234375,0.18886488697256162,0.16691875,0.287209375,nan,nan,0.0,0.3333333333333333,0.3333333333333333,0.3333333333333333
or,3,0,514,0.0,0.0,0.0,0.0,0.0,0.0,0.0,0.0,0.0,0.0,0.0,0.0,0.0,0.0,0.0,0.0,0.0,0.0,0.47,0.27826937142859215,0.0,0.25,0.25,0.203927392578125,0.18275824657652753,0.25,0.25,nan,nan,0.3333333333333333,0.3333333333333333,0.3333333333333333,0.3333333333333333
or,3,0,515,0.0,0.0,0.0,0.0,0.0,0.0,0.0,0.0,0.0,0.0,0.0,0.0,0.0,0.0,0.0,0.0,0.0,0.0,1.0306546979246574,0.5376536656846888,0.2432191512927494,0.3430518518517884,0.3430518518517884,0.23332395128977537,0.21651182210822506,0.33946666666666664,0.33946666666666664,nan,nan,0.6666666666666666,0.6666666666666666,0.3333333333333333,0.3333333333333333
or,3,0,516,0.07645592071579548,0.0,0.0,0.0,0.2907976637629678,0.008660254037844414,0.10812500000000003,0.0,0.0,0.0,0.4112500000000001,0.015000000000000124,0.09015611460128477,0.07513009550107064,0.07645592071579548,0.12749999999999995,0.10624999999999996,0.10812500000000003,0.5121118957317825,0.25605594786589125,0.10812500000000003,0.2066475260416667,0.20469902343750002,0.2327553873697917,0.19630620833427317,0.36016770833333345,0.3319799479166667,nan,nan,0.3333333333333333,0.6666666666666666,0.6666666666666666,0.6666666666666666
or,3,0,517,0.0,0.0,0.0,0.0,0.17146428199490046,0.0,0.0,0.0,0.0,0.0,0.21000000000000002,0.0,0.0,0.0,0.0,0.0,0.0,0.0,0.5165514404442213,0.34922437868932804,0.25530788874534227,0.1990884837962629,0.1990884837962629,0.16160814008245783,0.13066401480883386,0.19469999999999998,0.18489999999999998,nan,nan,0.3333333333333333,0.3333333333333333,0.0,0.0
or,3,0,518,0.0,0.0,0.0,0.0,0.0,0.0,0.0,0.0,0.0,0.0,0.0,0.0,0.0,0.0,0.0,0.0,0.0,0.0,0.7185597574314889,0.5411736381748761,0.0,0.25,0.25,0.2144656901041667,0.1876253771237004,0.25,0.25,nan,nan,0.3333333333333333,0.3333333333333333,0.3333333333333333,0.3333333333333333
or,3,0,519,0.0,0.0,0.0,0.0,0.0,0.0,0.0,0.0,0.0,0.0,0.0,0.0,0.0,0.0,0.0,0.0,0.0,0.0,0.8474053536138023,0.47256487267593633,0.16961557842525474,0.229034259259194,0.229034259259194,0.12995002893518484,0.07022040425139191,0.25,0.25,nan,nan,0.3333333333333333,0.3333333333333333,0.0,0.0
or,3,0,520,0.0,0.0,0.0,0.0,0.0,0.0,0.0,0.0,0.0,0.0,0.0,0.0,0.0,0.0,0.0,0.0,0.0,0.0,0.39855990766759264,0.23104198109889432,0.0,0.25,0.25,0.27659270833333327,0.2725387141579856,0.25,0.25,nan,nan,0.3333333333333333,0.3333333333333333,0.6666666666666666,0.6666666666666666
or,3,0,521,0.0636396103067539,0.0,0.0,0.0,0.28284271247461906,0.0,0.08999999999994995,0.0,0.0,0.0,0.4,0.0,0.0636396103067539,0.0636396103067539,0.0636396103067539,0.08999999999994995,0.08999999999994995,0.08999999999994995,0.6057040067143967,0.3329514913492371,0.25281230686013634,0.3669296875000137,0.39557968749999856,0.29021202799480267,0.3018005369023753,0.3142296875,0.42089635416666665,nan,nan,0.6666666666666666,0.6666666666666666,0.6666666666666666,0.6666666666666666
or,3,0,522,0.11313708498984763,0.0,0.0,0.0,0.2262741699796952,0.0,0.16000000000000003,0.0,0.0,0.0,0.32,0.0,0.11313708498984763,0.11313708498984763,0.11313708498984763,0.16000000000000003,0.16000000000000003,0.16000000000000003,0.6984402265046525,0.449269819142249,0.16000000000000003,0.12216666666666666,0.11789999999999999,0.1879753906250067,0.15850481929230065,0.09443333333333333,0.07736666666666665,nan,nan,0.0,0.0,0.0,0.0
or,3,0,523,0.0,0.0,0.0,0.02663405236493006,0.06062177826491074,0.0,0.0,0.0,0.0,0.04613153190750885,0.10500000000000004,0.0,0.0,0.0,0.0,0.0,0.0,0.0,0.6200806399170998,0.4091164312837388,0.11166666666666658,0.14675601851851852,0.14675601851851852,0.17157404513888885,0.1344796284687733,0.11040416666666668,0.10917916666666666,nan,nan,0.0,0.0,0.3333333333333333,0.3333333333333333
or,3,0,524,0.0,0.0,0.0,0.0,0.0,0.0,0.0,0.0,0.0,0.0,0.0,0.0,0.0,0.0,0.0,0.0,0.0,0.0,1.060052686387175,0.564857530313489,0.0,0.25,0.25,0.1653528825954861,0.04208420618964646,0.25,0.25,nan,nan,0.0,0.0,0.0,0.0
or,3,0,525,0.0,0.0,0.0,0.0,0.0,0.0,0.0,0.0,0.0,0.0,0.0,0.0,0.0,0.0,0.0,0.0,0.0,0.0,0.7100005501758431,0.39658204404831565,0.16937499999999994,0.31602096354166664,0.31602096354166664,0.2517041829427083,0.3091178763098714,0.29428385416666664,0.29428385416666664,nan,nan,0.6666666666666666,0.6666666666666666,0.6666666666666666,0.3333333333333333
or,3,0,526,0.0,0.0,0.0,0.0,0.0,0.0,0.0,0.0,0.0,0.0,0.0,0.0,0.0,0.0,0.0,0.0,0.0,0.0,0.6438167441127949,0.47804223171976573,0.0,0.25,0.25,0.2497240885416667,0.22949735310728003,0.25,0.25,nan,nan,0.3333333333333333,0.3333333333333333,0.3333333333333333,0.3333333333333333
or,3,0,527,0.0,0.0,0.0,0.0,0.0,0.0,0.0,0.0,0.0,0.0,0.0,0.0,0.0,0.0,0.0,0.0,0.0,0.0,0.6433627476004498,0.3216813738002249,0.32375,0.17702135416666667,0.17702135416666667,0.16778990885416667,0.12281842535506805,0.17533385416666666,0.17533385416666666,nan,nan,0.0,0.0,0.0,0.0
or,3,0,528,0.0,0.0,0.0,0.0,0.0,0.0,0.0,0.0,0.0,0.0,0.0,0.0,0.0,0.0,0.0,0.0,0.0,0.0,0.6557438524302001,0.346257184643222,0.0,0.15293333333333334,0.15293333333333334,0.27329166666666665,0.2516515138991168,0.15293333333333334,0.15293333333333334,nan,nan,0.0,0.0,0.6666666666666666,0.6666666666666666
or,3,0,529,0.0,0.0,0.0,0.0,0.0,0.0,0.0,0.0,0.0,0.0,0.0,0.0,0.0,0.0,0.0,0.0,0.0,0.0,0.9384103579991006,0.4758949121584761,0.09000000000000008,0.2827,0.2827,0.15617168055555555,0.050442588339241555,0.25,0.25,nan,nan,0.3333333333333333,0.3333333333333333,0.0,0.0
or,3,0,530,0.17962924780418138,0.0,0.0,0.0,0.17962924780418138,0.0,0.21999999999999997,0.0,0.0,0.0,0.21999999999999997,0.0,0.17962924780418138,0.17962924780418138,0.17962924780418138,0.21999999999999997,0.21999999999999997,0.21999999999999997,0.38105117766515295,0.19052558883257645,0.21999999999999997,0.13560000000000003,0.22262222222226669,0.23469166666666666,0.2363699233264452,0.13560000000000003,0.22262222222226669,nan,nan,0.0,0.3333333333333333,0.3333333333333333,0.3333333333333333
or,3,0,531,0.1520279579551077,0.0,0.0,0.0,0.1520279579551077,0.0,0.21499999999999997,0.0,0.0,0.0,0.21499999999999997,0.0,0.15556349186104043,0.14849242404917504,0.1520279579551077,0.21999999999999997,0.21000000000000008,0.21499999999999997,0.5,0.3669462347509919,0.21499999999999997,0.19374166666666667,0.2577041666666667,0.2870425944010417,0.2786166626431536,0.19374166666666667,0.2577041666666667,nan,nan,0.3333333333333333,0.6666666666666666,0.3333333333333333,0.3333333333333333
or,3,0,532,0.0,0.0,0.0,0.0,0.0,0.0,0.0,0.0,0.0,0.0,0.0,0.0,0.0,0.0,0.0,0.0,0.0,0.0,0.7060912432186085,0.501620413869459,0.0,0.16666667,0.16666667,0.2687507625781251,0.22608909779366745,0.16666667,0.16666667,nan,nan,0.0,0.0,0.6666666666666666,0.6666666666666666
or,3,0,533,0.2136195996001615,0.0,0.0,0.0,0.2136195996001615,0.0,0.37,0.0,0.0,0.0,0.37,0.0,0.2136195996001615,0.2136195996001615,0.2136195996001615,0.37,0.37,0.37,0.7116178749862878,0.49418807182583296,0.42,0.6663,0.48664444444444444,0.3153604166666667,0.3484186748416078,0.6663,0.48664444444444444,nan,nan,1.0,0.6666666666666666,0.6666666666666666,0.6666666666666666
or,3,0,534,0.28271194114635373,0.0,0.0,0.0,0.2755675960632329,0.0,0.34625000000000006,0.0,0.0,0.0,0.3375,0.0,0.28577380332483404,0.29189752768179483,0.28271194114635373,0.35,0.35750000000000004,0.34625000000000006,1.0346028827526046,0.5689962903627999,0.34625000000000006,0.17454635416666667,0.22484878472236214,0.26239225260416665,0.2244684002719387,0.17546874999999998,0.22515625000013642,nan,nan,0.3333333333333333,0.3333333333333333,0.6666666666666666,0.3333333333333333
or,3,0,535,0.0,0.0,0.0,0.0,0.0,0.0,0.0,0.0,0.0,0.0,0.0,0.0,0.0,0.0,0.0,0.0,0.0,0.0,0.5119516883945203,0.25597584419726016,0.0,0.25,0.25,0.32827280273437504,0.3143303524935281,0.25,0.25,nan,nan,0.0,0.0,1.0,1.0
or,3,0,536,0.2706329386826371,0.0,0.0,0.0,0.2706329386826371,0.0,0.46875,0.0,0.0,0.0,0.46875,0.0,0.268467875173176,0.27279800219209815,0.2706329386826371,0.46499999999999997,0.4725,0.46875,1.099475016769367,0.588728513912541,0.48,0.08349843750000001,0.059084375,0.17092177734375,0.05152034100707493,0.08349843750000001,0.059084375,nan,nan,0.0,0.0,0.0,0.0
or,3,0,537,0.0,0.0,0.0,0.0,0.0,0.0,0.0,0.0,0.0,0.0,0.0,0.0,0.0,0.0,0.0,0.0,0.0,0.0,0.6988092550904003,0.416912408908209,0.0,0.17,0.17,0.19946529947916666,0.14728866421781384,0.17,0.17,nan,nan,0.0,0.0,0.3333333333333333,0.3333333333333333
or,3,0,538,0.0,0.0,0.0,0.0,0.0,0.0,0.0,0.0,0.0,0.0,0.0,0.0,0.0,0.0,0.0,0.0,0.0,0.0,0.70572768296277,0.3928536370776143,0.0,0.25,0.25,0.21694777560767972,0.19906679309105754,0.25,0.25,nan,nan,0.3333333333333333,0.3333333333333333,0.3333333333333333,0.3333333333333333
or,3,0,539,0.0,0.0,0.0,0.0,0.0,0.0,0.0,0.0,0.0,0.0,0.0,0.0,0.0,0.0,0.0,0.0,0.0,0.0,0.7636753236814713,0.49814013673480506,0.42,0.16879999999999998,0.16879999999999998,0.09601945833333332,0.04866361541034178,0.16879999999999998,0.16879999999999998,nan,nan,0.0,0.0,0.0,0.0
or,3,0,540,0.0,0.0,0.0,0.0,0.0,0.0,0.0,0.0,0.0,0.0,0.0,0.0,0.0,0.0,0.0,0.0,0.0,0.0,0.8398196979114029,0.4494900960316417,0.0,0.25,0.25,0.13619160677083333,0.04041741087896366,0.25,0.25,nan,nan,0.0,0.0,0.0,0.0
or,3,0,541,0.23923951779545125,0.0,0.0,0.0,0.17176170508391367,0.0,0.4143750000000001,0.0,0.0,0.0,0.29750000000000004,0.0,0.2511473670974872,0.24681724007856512,0.23923951779545125,0.43500000000000005,0.4275000000000001,0.4143750000000001,0.9114047365194018,0.5926787499389409,0.4956927759459483,0.46146210937500004,0.3503002604166667,0.2751733561197917,0.23863346499969465,0.40343854166666676,0.3274934027777778,nan,nan,0.6666666666666666,0.6666666666666666,0.6666666666666666,0.3333333333333333
or,3,0,542,0.0,0.0,0.0,0.0,0.0,0.19091883092036777,0.0,0.0,0.0,0.0,0.0,0.2699999999999999,0.0,0.0,0.0,0.0,0.0,0.0,0.7731695520712129,0.4194739286738363,0.0,0.25,0.25,0.21662417773437503,0.17222287857887508,0.25,0.25,nan,nan,0.0,0.0,0.6666666666666666,0.0
or,3,0,543,0.0,0.0,0.0,0.0,0.0,0.0,0.0,0.0,0.0,0.0,0.0,0.0,0.0,0.0,0.0,0.0,0.0,0.0,0.8806318754167373,0.5110910611801808,0.057499999999999996,0.27026875,0.27026875,0.2932768229166666,0.30375151052029065,0.27026875,0.27026875,nan,nan,0.6666666666666666,0.6666666666666666,0.6666666666666666,0.6666666666666666
or,3,0,544,0.1520279579551077,0.0,0.0,0.0,0.1520279579551077,0.0,0.21499999999999997,0.0,0.0,0.0,0.21499999999999997,0.0,0.15556349186104043,0.14849242404917495,0.1520279579551077,0.21999999999999997,0.20999999999999996,0.21499999999999997,0.5506147132977832,0.2927936581401484,0.21499999999999997,0.337075,0.3293708333333332,0.27244534505208334,0.2572937260011701,0.337075,0.3293708333333332,nan,nan,0.3333333333333333,0.6666666666666666,0.6666666666666666,0.6666666666666666
or,3,0,545,0.0,0.0,0.0,0.0,0.0,0.0,0.0,0.0,0.0,0.0,0.0,0.0,0.0,0.0,0.0,0.0,0.0,0.0,0.5053124033704297,0.3530206053046306,0.0,0.25,0.25,0.34038626302083336,0.3403913103775653,0.25,0.25,nan,nan,0.6666666666666666,0.6666666666666666,1.0,1.0
or,3,0,546,0.0,0.0,0.0,0.0,0.0,0.0,0.0,0.0,0.0,0.0,0.0,0.0,0.0,0.0,0.0,0.0,0.0,0.0,0.7974542829111482,0.5084491187760695,0.35693136595149505,0.3858,0.3858,0.2673380805121528,0.2820329716551566,0.3477666666666666,0.3477666666666666,nan,nan,0.6666666666666666,0.6666666666666666,0.3333333333333333,0.3333333333333333
or,3,0,547,0.0,0.0,0.0,0.0,0.0,0.0,0.0,0.0,0.0,0.0,0.0,0.0,0.0,0.0,0.0,0.0,0.0,0.0,0.5803729942890177,0.3671968569704205,0.31048349392520047,0.44880000000000003,0.44880000000000003,0.28172568359375,0.2805362481990428,0.44880000000000003,0.44880000000000003,nan,nan,1.0,1.0,0.6666666666666666,0.6666666666666666
or,3,0,548,0.0,0.0,0.0,0.0,0.0,0.0,0.0,0.0,0.0,0.0,0.0,0.0,0.0,0.0,0.0,0.0,0.0,0.0,0.6924355565682541,0.46767943062432815,0.166333333333182,0.20377781481484847,0.20377781481484847,0.25442325021701134,0.22262449061998246,0.25,0.25,nan,nan,0.0,0.0,0.6666666666666666,0.6666666666666666
or,3,0,549,0.13199326582145887,0.0,0.0,0.0,0.3464823227814083,0.0,0.18666666666662424,0.0,0.0,0.0,0.49,0.0,0.13199326582145887,0.13199326582145887,0.13199326582145887,0.18666666666662424,0.18666666666662424,0.18666666666662424,0.7166087670409844,0.4004639289974101,0.2660569200794713,0.3719972800926014,0.36618987268519665,0.2166495442708992,0.2041735198642369,0.31161875,0.27160208333333336,nan,nan,0.3333333333333333,0.3333333333333333,0.3333333333333333,0.3333333333333333
or,3,0,550,0.025190679079770767,0.0,0.0,0.0,0.19268659787333417,0.0,0.03562500000000002,0.0,0.0,0.0,0.27249999999999996,0.0,0.015909902576697294,0.01856155300614687,0.025190679079770767,0.022499999999999964,0.026249999999999996,0.03562500000000002,0.3536075243119128,0.1768037621559564,0.03562500000000002,0.238548046875,0.2502115234375,0.2234382975260417,0.21236041496834898,0.18391875,0.26237604166666667,nan,nan,0.0,0.3333333333333333,0.3333333333333333,0.3333333333333333
or,3,0,551,0.0,0.0,0.0,0.0,0.0,0.0,0.0,0.0,0.0,0.0,0.0,0.0,0.0,0.0,0.0,0.0,0.0,0.0,0.7809902901658466,0.42572391116606106,0.3597694091745124,0.47333356481481476,0.47333356481481476,0.32259331597222224,0.27631591003804856,0.48272968749999995,0.48272968749999995,nan,nan,0.3333333333333333,0.3333333333333333,0.6666666666666666,0.6666666666666666
or,3,0,552,0.0,0.0,0.0,0.0,0.0,0.0,0.0,0.0,0.0,0.0,0.0,0.0,0.0,0.0,0.0,0.0,0.0,0.0,0.2931030109023106,0.1465515054511553,0.0,0.25,0.25,0.27074811197916665,0.26917207978712443,0.25,0.25,nan,nan,0.3333333333333333,0.3333333333333333,0.6666666666666666,0.6666666666666666
or,3,0,553,0.0,0.0,0.0,0.0,0.0,0.0,0.0,0.0,0.0,0.0,0.0,0.0,0.0,0.0,0.0,0.0,0.0,0.0,0.5014105104602415,0.25070525523012077,0.0,0.25,0.25,0.23232109374999999,0.19962082000083456,0.25,0.25,nan,nan,0.0,0.0,0.6666666666666666,0.6666666666666666
or,3,0,554,0.0,0.0,0.0,0.0,0.14142135623730953,0.0,0.0,0.0,0.0,0.0,0.20000000000000007,0.0,0.0,0.0,0.0,0.0,0.0,0.0,0.5031898250163651,0.3937788026604505,0.21999999999999997,0.3182666666666667,0.3182666666666667,0.32364374999999995,0.3114784174372279,0.25826666666666664,0.3182666666666667,nan,nan,0.3333333333333333,0.3333333333333333,0.6666666666666666,0.6666666666666666
or,3,0,555,0.0,0.0,0.0,0.0,0.09742785792574932,0.0,0.0,0.0,0.0,0.0,0.16874999999999996,0.0,0.0,2.7755575615628914e-17,0.0,0.0,5.551115123125783e-17,0.0,0.9485465855718422,0.54188403000724,0.0,0.2892625,0.2892625,0.2270583984375,0.23330207206460551,0.3299265625,0.2892625,nan,nan,0.3333333333333333,0.3333333333333333,0.3333333333333333,0.6666666666666666
or,3,0,556,0.0,0.0,0.0,0.0,0.0,0.0,0.0,0.0,0.0,0.0,0.0,0.0,0.0,0.0,0.0,0.0,0.0,0.0,0.7534094379884022,0.3780868937307891,0.16003471845529182,0.1596481481481155,0.1596481481481155,0.09661946072048526,0.05895819447330384,0.25,0.25,nan,nan,0.0,0.0,0.0,0.0
or,3,0,557,0.0,0.0,0.0,0.0,0.0,0.0,0.0,0.0,0.0,0.0,0.0,0.0,0.0,0.0,0.0,0.0,0.0,0.0,0.7339708994571924,0.407773697049101,0.0,0.25,0.25,0.396276318359375,0.3695972517840059,0.25,0.25,nan,nan,0.0,0.0,1.0,1.0
or,3,0,558,0.0,0.0,0.0,0.0,0.0,0.0,0.0,0.0,0.0,0.0,0.0,0.0,0.0,0.0,0.0,0.0,0.0,0.0,0.6276051953656855,0.31380259768284274,0.0,0.25,0.25,0.3458101725260417,0.3255394767120727,0.25,0.25,nan,nan,0.0,0.0,1.0,1.0
or,3,0,559,0.0,0.0,0.0,0.0,0.0,0.0,0.0,0.0,0.0,0.0,0.0,0.0,0.0,0.0,0.0,0.0,0.0,0.0,0.37298625980054545,0.28614708591911964,0.19382659776202027,0.43376666666666663,0.43376666666666663,0.323609765625,0.34061250454466335,0.43376666666666663,0.43376666666666663,nan,nan,0.6666666666666666,0.6666666666666666,0.6666666666666666,0.6666666666666666
or,3,0,560,0.0,0.0,0.0,0.0,0.0,0.0,0.0,0.0,0.0,0.0,0.0,0.0,0.0,0.0,0.0,0.0,0.0,0.0,0.5138853228104496,0.2569426614052248,0.0,0.25,0.25,0.2615432942708333,0.24022136626264215,0.25,0.25,nan,nan,0.0,0.0,0.6666666666666666,0.6666666666666666
or,3,0,561,0.0,0.0,0.0,0.0,0.0,0.0,0.0,0.0,0.0,0.0,0.0,0.0,0.0,0.0,0.0,0.0,0.0,0.0,0.7636753236814714,0.49812563449006336,0.42000000000000004,0.44880000000000003,0.44880000000000003,0.20626022916666667,0.1807065069701653,0.44880000000000003,0.44880000000000003,nan,nan,0.6666666666666666,0.6666666666666666,0.3333333333333333,0.3333333333333333
or,3,0,562,0.0,0.0,0.0,0.16044275061118235,0.0,0.0,0.0,0.0,0.0,0.27789499576467036,0.0,0.0,0.0,0.0,0.0,0.0,0.0,0.0,1.1582037277612258,0.7174221818877146,0.49225,0.39946860416666663,0.39946860416666663,0.23230723822916668,0.21330009336794165,0.40403385416666665,0.40403385416666665,nan,nan,0.3333333333333333,0.3333333333333333,0.6666666666666666,0.3333333333333333
or,3,0,563,0.0,0.0,0.0,0.0,0.0,0.0,0.0,0.0,0.0,0.0,0.0,0.0,0.0,0.0,0.0,0.0,0.0,0.0,0.6239541249161944,0.4495276858758323,0.09749999999999992,0.40696874999999993,0.40696874999999993,0.3421428385416842,0.33893714037892425,0.31629999999999997,0.31629999999999997,nan,nan,0.6666666666666666,0.6666666666666666,0.6666666666666666,0.6666666666666666
or,3,0,564,0.09899494936611658,0.0,0.0,0.0,0.15821514229049002,0.0,0.1399999999999999,0.0,0.0,0.0,0.22375,0.0,0.14849242404917495,0.09899494936611658,0.09899494936611658,0.20999999999999996,0.1399999999999999,0.1399999999999999,0.4450280890011326,0.304072104227363,0.16688319268278629,0.12866666666666668,0.17206666666666667,0.21841722005208333,0.20381945739568844,0.1109046875,0.17714401041666664,nan,nan,0.0,0.3333333333333333,0.3333333333333333,0.3333333333333333
or,3,0,565,0.0,0.0,0.0,0.0,0.0,0.0,0.0,0.0,0.0,0.0,0.0,0.0,0.0,0.0,0.0,0.0,0.0,0.0,0.6948128120220582,0.44788161611755667,0.0,0.17416666666666666,0.17416666666666666,0.13944431966145832,0.08574313508421605,0.17416666666666666,0.17416666666666666,nan,nan,0.0,0.0,0.0,0.0
or,3,0,566,0.0,0.0,0.0,0.0,0.0,0.0,0.0,0.0,0.0,0.0,0.0,0.0,0.0,0.0,0.0,0.0,0.0,0.0,0.6916200410991573,0.4257017900491296,0.0,0.3492,0.3492,0.2263612141927083,0.21337833212767235,0.3492,0.3492,nan,nan,0.6666666666666666,0.6666666666666666,0.3333333333333333,0.3333333333333333
or,3,0,567,0.0,0.0,0.0,0.0,0.0,0.0,0.0,0.0,0.0,0.0,0.0,0.0,0.0,0.0,0.0,0.0,0.0,0.0,0.42579337712087534,0.337612281175873,0.18124999999999997,0.1894171875,0.1894171875,0.21273857421875006,0.19905046467487064,0.1894171875,0.1894171875,nan,nan,0.3333333333333333,0.3333333333333333,0.3333333333333333,0.3333333333333333
or,3,0,568,0.195914191345013,0.0,0.0,0.0,0.20399709511366776,0.012605480877306828,0.3393333333333333,0.0,0.0,0.0,0.35333333333333333,0.02183333333333333,0.20890457240177962,0.19548117864312084,0.195914191345013,0.36183333333333334,0.33858333333333335,0.3393333333333333,0.8002962732638457,0.5015116300033758,0.36163276276084394,0.08906681481481482,0.0762726913580247,0.08828270790225813,0.037433315698573534,0.0888148148148148,0.07494320987654322,nan,nan,0.0,0.0,0.0,0.0
or,3,0,569,0.0,0.0,0.0,0.0,0.0,0.0,0.0,0.0,0.0,0.0,0.0,0.0,0.0,0.0,0.0,0.0,0.0,0.0,0.3361570503499815,0.16807852517499075,0.21999999999999997,0.33946666666666664,0.33946666666666664,0.24120836588541664,0.23633968543829154,0.33946666666666664,0.33946666666666664,nan,nan,0.6666666666666666,0.6666666666666666,0.3333333333333333,0.3333333333333333
or,3,0,570,0.39191835884548676,0.0,0.0,0.0,0.39191835884548676,0.0,0.48,0.0,0.0,0.0,0.48,0.0,0.39191835884548676,0.39191835884548676,0.39191835884548676,0.48,0.48,0.48,0.8321067013911136,0.4160533506955568,0.48,0.16679999999999998,0.1156,0.14432086588541668,0.049470763942530915,0.16679999999999998,0.1156,nan,nan,0.0,0.0,0.0,0.0
or,3,0,571,0.0,0.0,0.0,0.0,0.0,0.0,0.0,0.0,0.0,0.0,0.0,0.0,0.0,0.0,0.0,0.0,0.0,0.0,0.3120321497858834,0.1560160748929417,0.0,0.25,0.25,0.25004925130208333,0.24951505039631897,0.25,0.25,nan,nan,0.3333333333333333,0.3333333333333333,0.3333333333333333,0.3333333333333333
or,3,0,572,0.2596260398256607,0.0,0.0,0.0,0.25367455775067393,0.006735753140545631,0.36716666666666664,0.0,0.0,0.0,0.35875,0.011666666666666672,0.2722361107568208,0.2598617420860562,0.2596260398256607,0.385,0.3675,0.36716666666666664,0.7192345757817821,0.42332207664892824,0.29351326157811375,0.0892444560185185,0.06677589583333333,0.09032143714120906,0.062100602521145354,0.08998418749999999,0.06853392708333333,nan,nan,0.0,0.0,0.0,0.0
or,3,0,573,0.17418593726462117,0.0,0.0,0.0,0.19493855869658325,0.0,0.21333333333328486,0.0,0.0,0.0,0.23875000000000002,0.0,0.1980004208750636,0.1745261441733808,0.17418593726462117,0.2425,0.21375,0.21333333333328486,0.4169732205629745,0.2115197750192572,0.21333333333328486,0.1940592592592685,0.18394567901235956,0.20553333333333348,0.19424775210604342,0.1894171875,0.17675017361111112,nan,nan,0.0,0.0,0.0,0.0
or,3,0,574,0.0,0.0,0.0,0.0,0.0,0.0,0.0,0.0,0.0,0.0,0.0,0.0,0.0,0.0,0.0,0.0,0.0,0.0,0.775043204440888,0.387521602220444,0.45195833333333335,0.1674360005787037,0.1674360005787037,0.15075747157118055,0.0799402025487726,0.16679999999999998,0.16679999999999998,nan,nan,0.0,0.0,0.0,0.0
or,3,0,575,0.0,0.0,0.0,0.0,0.0,0.0,0.0,0.0,0.0,0.0,0.0,0.0,0.0,0.0,0.0,0.0,0.0,0.0,0.7590036231797579,0.5159920269787238,0.4128333333333334,0.4444215648148148,0.4444215648148148,0.195488641875,0.171577606859206,0.44880000000000003,0.44880000000000003,nan,nan,0.6666666666666666,0.6666666666666666,0.3333333333333333,0.3333333333333333
or,3,0,576,0.0,0.0,0.0,0.0,0.0,0.0,0.0,0.0,0.0,0.0,0.0,0.0,0.0,0.0,0.0,0.0,0.0,0.0,0.43220365569948616,0.25307294536844754,0.0,0.2788,0.2788,0.27934166666666665,0.2774005603269778,0.2788,0.2788,nan,nan,0.3333333333333333,0.3333333333333333,0.6666666666666666,0.6666666666666666
or,3,0,577,0.0,0.0,0.0,0.0,0.1608667927199396,0.0,0.0,0.0,0.0,0.0,0.22750000000000004,0.0,0.0,0.0,0.0,0.0,0.0,0.0,0.4824765214494899,0.31853134888778384,0.16354591289604278,0.34904908854166666,0.34904908854166666,0.292507470703125,0.2744777067156468,0.34308541666666664,0.334459375,nan,nan,0.6666666666666666,0.6666666666666666,0.6666666666666666,0.6666666666666666
or,3,0,578,0.0,0.0,0.0,0.1419487205000037,0.0,0.0,0.0,0.0,0.0,0.24586239597540027,0.0,0.0,0.0,0.0,0.0,0.0,0.0,0.0,1.106295295682848,0.6604834472175319,0.0,0.16679999999999998,0.16679999999999998,0.28746618294270837,0.1588338924351069,0.16679999999999998,0.16679999999999998,nan,nan,0.0,0.0,0.6666666666666666,0.3333333333333333
or,3,0,579,0.010606601717798222,0.0,0.0,0.0,0.20412414523202432,0.0,0.015000000000000013,0.0,0.0,0.0,0.25,0.0,0.010606601717798222,0.010606601717798222,0.010606601717798222,0.015000000000000013,0.015000000000000013,0.015000000000000013,0.4994506982676068,0.32304339484992783,0.15738311359397406,0.20103425925919402,0.20099675925919402,0.17693411805555267,0.139109721817496,0.1875,0.17361111111111108,nan,nan,0.0,0.0,0.0,0.0
or,3,0,580,0.0,0.0,0.0,0.0,0.0,0.04242640687119289,0.0,0.0,0.0,0.0,0.0,0.06000000000000005,0.0,0.0,0.0,0.0,0.0,0.0,0.6885327470425789,0.34426637352128947,0.400625,0.437041796875,0.437041796875,0.29404327799479163,0.26254850491236253,0.4359171875,0.4359171875,nan,nan,0.3333333333333333,0.3333333333333333,0.6666666666666666,0.6666666666666666
or,3,0,581,0.0,0.0,0.0,0.0,0.0,0.0,0.0,0.0,0.0,0.0,0.0,0.0,0.0,0.0,0.0,0.0,0.0,0.0,0.4734272207354931,0.2367136103677466,0.22637235795131716,0.3581925925925747,0.3581925925925747,0.26562499999999195,0.2618868483557339,0.33946666666666664,0.33946666666666664,nan,nan,0.6666666666666666,0.6666666666666666,0.6666666666666666,0.6666666666666666
or,3,0,582,0.3994536016667269,0.0,0.0,0.0,0.3978379590572155,1.3877787807814457e-17,0.48922875,0.0,0.0,0.0,0.48725,5.551115123125783e-17,0.40294106268801605,0.4021245661070879,0.3994536016667269,0.4935,0.4925,0.48922875,0.8536112946750851,0.551742238261392,0.48922875,0.1667053399421875,0.11351761331406247,0.04728026036677516,0.005016432949007864,0.16672085416666668,0.11396250694444447,nan,nan,0.0,0.0,0.0,0.0
or,3,0,583,0.0,0.0,0.0,0.0,0.0,0.0,0.0,0.0,0.0,0.0,0.0,0.0,0.0,0.0,0.0,0.0,0.0,0.0,0.30587477012659936,0.16407494608539788,0.026666666666569694,0.25912592592589184,0.25912592592589184,0.29623896846066583,0.30328980522417376,0.25,0.25,nan,nan,0.6666666666666666,0.6666666666666666,1.0,1.0
or,3,0,584,0.0,0.0,0.0,0.0,0.0,0.012374368670764592,0.0,0.0,0.0,0.0,0.0,0.017500000000000016,0.0,0.0,0.0,0.0,0.0,0.0,0.47847495362871395,0.37448202077514864,0.09811106588963349,0.38671875,0.38671875,0.2625527940538195,0.27519644156186984,0.38671875,0.38671875,nan,nan,0.3333333333333333,0.3333333333333333,0.3333333333333333,0.3333333333333333
or,3,0,585,0.0,0.0,0.0,0.0,0.0,0.0,0.0,0.0,0.0,0.0,0.0,0.0,0.0,0.0,0.0,0.0,0.0,0.0,0.8440771526248849,0.5619879205080803,0.0,0.25,0.25,0.116853810546875,0.029205758201158855,0.25,0.25,nan,nan,0.0,0.0,0.0,0.0
or,3,0,586,0.29698484809835,0.0,0.0,0.0,0.29698484809835,0.0,0.42000000000000004,0.0,0.0,0.0,0.42000000000000004,0.0,0.29698484809835,0.29698484809835,0.29698484809835,0.42000000000000004,0.42000000000000004,0.42000000000000004,1.0534229919647664,0.5680576117204373,0.42000000000000004,0.16879999999999998,0.27940000000000004,0.25486875,0.20693228311237666,0.16879999999999998,0.27940000000000004,nan,nan,0.0,0.3333333333333333,0.3333333333333333,0.3333333333333333
or,3,0,587,0.10356220453588907,0.0,0.0,0.0,0.09165435523385308,0.0,0.17937499999999995,5.551115123125783e-17,0.0,0.0,0.15874999999999995,0.0,0.1212435565298214,0.12557368354874363,0.10356220453588907,0.20999999999999996,0.21749999999999997,0.17937499999999995,0.475,0.3584344143476335,0.20437499999999997,0.11267304687500002,0.10909800347222225,0.1624860760124411,0.1379071252316976,0.1168796875,0.11407951388888889,nan,nan,0.0,0.0,0.0,0.0
or,3,0,588,0.0,0.0,0.0,0.0,0.0,0.0,0.0,0.0,0.0,0.0,0.0,0.0,0.0,0.0,0.0,0.0,0.0,0.0,0.7720265539474662,0.41850602242755075,0.0,0.25,0.25,0.1430421875,0.07584677069878469,0.25,0.25,nan,nan,0.0,0.0,0.0,0.0
or,3,0,589,0.10444556413776296,0.0,0.0,0.0,0.09811106588963349,0.0,0.14770833333333333,0.0,0.0,0.0,0.13875000000000004,0.0,0.10135197197007183,0.10135197197007183,0.10444556413776296,0.14333333333333334,0.14333333333333334,0.14770833333333333,0.6811129449291065,0.47214044909014546,0.21380776103910623,0.04820962094907408,0.04457332899305555,0.10876419813368055,0.07257370365700573,0.043583854166666665,0.04037526041666667,nan,nan,0.0,0.0,0.0,0.0
or,3,0,590,0.04714045207910316,0.0,0.0,0.0,0.0,3.925231146709438e-17,0.06666666666666665,0.0,0.0,0.0,0.0,5.551115123125783e-17,0.04714045207910316,0.04714045207910316,0.04714045207910316,0.06666666666666665,0.06666666666666665,0.06666666666666665,0.55,0.4123273031658203,0.18882678717691395,0.16620740740740744,0.16546666666666668,0.11433472222222223,0.09080506529051048,0.17746666666666666,0.17746666666666666,nan,nan,0.0,0.0,0.0,0.0
or,3,0,591,0.0,0.0,0.0,0.0,0.005303300858899072,0.0,0.0,0.0,0.0,0.0,0.007499999999999951,0.0,0.0,0.0,0.0,0.0,0.0,0.0,1.453614449237228,0.731553743953258,0.21999999999999997,0.3718375,0.3718375,0.2747199941048177,0.4079332406244498,0.369346875,0.3718375,nan,nan,0.6666666666666666,0.6666666666666666,0.6666666666666666,0.6666666666666666
or,3,0,592,0.16219261793466433,0.0,0.0,0.0,0.16882174400828823,0.0,0.229375,0.0,0.0,0.0,0.23875000000000002,0.0,0.1608667927199396,0.16351844314938907,0.16219261793466433,0.22750000000000004,0.23124999999999996,0.229375,0.7206412617419293,0.3700615140349164,0.229375,0.191079296875,0.25876881510416666,0.25062106933593753,0.2594368135283381,0.1894171875,0.2595002604166667,nan,nan,0.3333333333333333,0.6666666666666666,0.3333333333333333,0.6666666666666666
or,3,0,593,0.2828427124746191,0.0,0.0,0.0,0.31996581848691286,0.0,0.40000000000000013,0.0,0.0,0.0,0.4525000000000001,0.0,0.2793071785686863,0.25455844122715704,0.2828427124746191,0.395,0.3599999999999999,0.40000000000000013,0.8456229212834763,0.5854133229464609,0.36111372862299224,0.39930104166666675,0.3726343750000001,0.18333144531250004,0.1377802991585003,0.4302760416666667,0.39615,nan,nan,0.3333333333333333,0.6666666666666666,0.3333333333333333,0.0
or,3,0,594,0.07890453678924889,0.0,0.0,0.0,0.10825317547305481,0.0,0.13666666666666671,0.0,0.0,0.0,0.1874999999999999,0.0,0.025018511664883832,0.06783865662978106,0.07890453678924889,0.043333333333333335,0.11750000000000005,0.13666666666666671,0.7788095449412948,0.4981857170680249,0.3393212178583722,0.29017418981481474,0.2880988811728395,0.13377283821903999,0.08275917496704202,0.3271135416666666,0.3232072916666666,nan,nan,0.3333333333333333,0.6666666666666666,0.0,0.0
or,3,0,595,0.0,0.0,0.0,0.0,0.0,0.0,0.0,0.0,0.0,0.0,0.0,0.0,0.0,0.0,0.0,0.0,0.0,0.0,0.41800960664798126,0.2582556130848068,0.012499999999999956,0.12083020833333331,0.12083020833333331,0.211974560546875,0.19900539576045873,0.12083020833333331,0.12083020833333331,nan,nan,0.0,0.0,0.3333333333333333,0.3333333333333333
or,3,0,596,0.0,0.0,0.0,0.0,0.0,0.0,0.0,0.0,0.0,0.0,0.0,0.0,0.0,0.0,0.0,0.0,0.0,0.0,0.722090884169022,0.4328303136793228,0.23875023269331302,0.3924523634259259,0.3924523634259259,0.2735036005902778,0.2430425328487994,0.39881213171875,0.39881213171875,nan,nan,0.6666666666666666,0.6666666666666666,0.6666666666666666,0.6666666666666666
or,3,0,597,0.0,0.0,0.0,0.0,0.0,0.0,0.0,0.0,0.0,0.0,0.0,0.0,0.0,0.0,0.0,0.0,0.0,0.0,0.5657231728799283,0.2828615864399642,0.0,0.25,0.25,0.2798620008680555,0.2588708114973541,0.25,0.25,nan,nan,0.0,0.0,0.6666666666666666,0.6666666666666666
or,3,0,598,0.0,0.0,0.0,0.0,0.0,0.0,0.0,0.0,0.0,0.0,0.0,0.0,0.0,0.0,0.0,0.0,0.0,0.0,0.6159545437773797,0.30797727188868984,0.4133333333333333,0.1691703703703704,0.1691703703703704,0.23068194444444445,0.2092604738878192,0.16696666666666668,0.16696666666666668,nan,nan,0.3333333333333333,0.3333333333333333,0.3333333333333333,0.3333333333333333
or,3,0,599,0.0,0.0,0.0,0.0,0.0,0.0,0.0,0.0,0.0,0.0,0.0,0.0,0.0,0.0,0.0,0.0,0.0,0.0,0.32,0.2340538426029364,0.130625,0.254998046875,0.254998046875,0.26864441731770833,0.27752972134813986,0.2469776041666667,0.2469776041666667,nan,nan,0.3333333333333333,0.3333333333333333,0.3333333333333333,0.3333333333333333
or,3,0,600,0.0,0.0,0.0,0.0,0.0,0.0,0.0,0.0,0.0,0.0,0.0,0.0,0.0,0.0,0.0,0.0,0.0,0.0,0.24421916386721174,0.19482366755130678,0.007954951288348647,0.3461296875,0.3461296875,0.28505073632814887,0.29053695542454366,0.3461296875,0.3461296875,nan,nan,0.6666666666666666,0.6666666666666666,0.6666666666666666,0.6666666666666666
or,3,0,601,0.0026461887337525347,0.0,0.0,0.0,0.0,0.0,0.004583333333275708,0.0,0.0,0.0,0.0,0.0,0.009622504486460473,0.0,0.0026461887337525347,0.016666666666609042,0.0,0.004583333333275708,0.6975619745462763,0.4151974861520915,0.3375136314116173,0.19026533564812653,0.18924448302468258,0.20872345920136706,0.19169381810302225,0.16679999999999998,0.16679999999999998,nan,nan,0.3333333333333333,0.3333333333333333,0.3333333333333333,0.3333333333333333
or,3,0,602,0.05793349107399655,0.0,0.0,0.014344957312914937,0.0,0.10211882886291507,0.10034375000000006,0.0,0.0,0.024846194898375362,0.0,0.176875,0.012990381056766528,0.048930435313820776,0.05793349107399655,0.022499999999999964,0.08474999999999999,0.10034375000000006,1.1138473916803528,0.6173810806436808,0.4590745201370498,0.40263522167968757,0.3792178474392361,0.23037795142089848,0.26709416838247385,0.4457760416666667,0.4457760416666667,nan,nan,0.6666666666666666,0.3333333333333333,0.6666666666666666,0.6666666666666666
partition,7,1,134,0.06560383352945878,0.0,5.887846720064156e-17,0.09703639193944011,0.5755432216610669,6.798699777552591e-17,0.1735714285714287,0.0,0.0,0.2567341611947511,1.4,2.220446049250313e-16,0.048055482996887375,0.05480484858633787,0.0656038335294587,0.1271428571428569,0.1449999999999998,0.1735714285714285,0.5270600173649694,0.3233809353397707,0.13149034521345568,0.13659240767735664,0.13597757010967654,0.12331064519557823,0.1162828019371961,0.23303571428571426,0.17857142857142858,0.14008983613151696,7.757919228897728e-17,0.14285714285714285,0.14285714285714285,0.14285714285714285,0.14285714285714285
partition,7,1,135,0.15389736545168833,0.0,6.049187461416408e-17,0.19438695880817686,0.7836963697759484,1.8683543625880677e-16,0.36904761904761907,1.1102230246251565e-16,0.0,0.5142995511205923,1.8699999999999997,4.440892098500626e-16,0.15389736545168847,0.15389736545168847,0.15389736545168847,0.36904761904761907,0.36904761904761907,0.36904761904761907,0.7122800412357888,0.45347929746566207,0.25672143597995467,0.204908228053126,0.19170161321671525,0.1536191326530612,0.14842768259095526,0.32012857142857143,0.17696,0.17411511963273021,9.024509953784564e-17,0.2857142857142857,0.2857142857142857,0.14285714285714285,0.14285714285714285
partition,6,1,136,0.1364062500000002,0.0,0.0,0.1649379050981282,0.7182359574854214,6.798699777552591e-17,0.27281250000000035,2.220446049250313e-16,0.0,0.4040137067340104,1.5637500000000002,2.220446049250313e-16,0.1330648338217128,0.13612953390061996,0.1364062500000002,0.28700000000000037,0.2875000000000003,0.27281250000000035,0.6910432368588332,0.3922599879275109,0.2336074236521962,0.02249124891493055,0.0193901380750868,0.09185613440996333,0.09562305102193323,0.12930546874999999,0.04332832031249998,0.03429245926034072,7.106487387321122e-17,0.0,0.0,0.16666666666666666,0.16666666666666666
partition,3,1,137,0.044985208474358315,0.0,0.0,0.0743407000325204,0.022372322931098032,0.0,0.07791666666666663,0.0,0.0,0.12876186952656266,0.03875000000000006,0.0,0.05003702332976756,0.04330127018922191,0.044985208474358315,0.08666666666666667,0.07499999999999996,0.07791666666666663,0.5107510809255978,0.33588469933498327,0.07791666666666658,0.24779450231481484,0.24711994598765433,0.21979181857638888,0.2160673106337219,0.17358385416666666,0.17341701388888886,0.25309222155814687,0.0,0.6666666666666666,0.6666666666666666,0.3333333333333333,0.3333333333333333
partition,6,1,138,0.303055332773113,0.0,0.0,0.19497093644730382,0.7252758096062492,6.798699777552591e-17,0.615,2.220446049250313e-16,0.0,0.47757930896850165,1.4700000000000002,2.220446049250313e-16,0.30243915825244005,0.3034981237357345,0.303055332773113,0.6126666666666669,0.6166666666666667,0.6149999999999998,0.8464207730201333,0.5805206600230682,0.38784169522571393,0.028408564814814814,0.013101475694444453,0.07102567877121911,0.07485734790342745,0.1254833333333333,0.037812500000000006,0.039841999117464236,0.0,0.0,0.0,0.16666666666666666,0.16666666666666666
partition,6,1,139,0.04031451868330645,0.0,0.0,0.19054912493688297,0.7158910531638176,0.003402069087198847,0.0987499999999999,0.0,0.0,0.4667481270292052,1.75,0.008333333333333304,0.03606193232430802,0.03946400141150687,0.04031451868330652,0.08833333333333337,0.09666666666666668,0.0987499999999999,0.6668840791321982,0.4149491643506385,0.13602044883031375,0.17009748263888888,0.1698266059027778,0.1755527886284722,0.17514225630020738,0.3020833333333333,0.19999999999999998,0.16681601013781158,0.0,0.16666666666666666,0.16666666666666666,0.16666666666666666,0.16666666666666666
partition,3,1,140,0.0,0.0,9.614813431917819e-17,0.12606341604014312,0.2886751345948128,0.0,0.0,0.0,1.1102230246251565e-16,0.2183482415572212,0.5,0.0,0.0,0.0,0.0,0.0,0.0,0.0,0.7552676126159963,0.3776338063079981,5.551115123125783e-17,0.22222222222222224,0.22222222222222224,0.13132838541666667,0.12208778893488309,0.25,0.22222222222222224,0.22222222222222224,0.0,0.3333333333333333,0.3333333333333333,0.3333333333333333,0.0
partition,4,1,141,0.10781249999999998,0.0,0.0,0.08094965854227763,0.375,0.0,0.21562499999999996,0.0,0.0,0.1618993170845553,0.75,0.0,0.11250000000000004,0.109375,0.10781249999999998,0.2250000000000001,0.21875,0.21562499999999996,0.38297084310253526,0.25580981138580294,0.14353471197472298,0.1782902018229167,0.17538431803385413,0.16507181803385418,0.15578680146862764,0.203125,0.16796875,0.1771543055271024,1.1102230246251565e-16,0.25,0.25,0.25,0.25
partition,3,1,142,0.07024428275140439,0.0,0.0,0.004966834816598398,0.3002221399786054,0.0,0.12166666666666659,2.220446049250313e-16,0.0,0.008602810255150528,0.52,0.0,0.0731310340973526,0.07168765842437859,0.07024428275140439,0.1266666666666667,0.12416666666666676,0.12166666666666659,0.17060859200716316,0.08530429600358162,0.11960147945944852,0.25419351851851857,0.2525487654320988,0.22317584635416668,0.22130215345940216,0.2568,0.22675555555555557,0.2489411511885233,9.614813431917819e-17,0.3333333333333333,0.3333333333333333,0.3333333333333333,0.3333333333333333
partition,3,1,143,0.0,0.0,3.925231146709438e-17,0.16189159923194618,0.011547005383792504,5.570356481073612e-17,0.0,0.0,1.1102230246251565e-16,0.28040447518830947,0.020000000000000018,1.1102230246251565e-16,0.0,0.0,0.0,0.0,0.0,0.0,0.700484951063666,0.4078026764353997,0.0,0.19135802469135807,0.19135802469135807,0.10189445408950619,0.08508763618383734,0.16679999999999998,0.16675555555555555,0.19135802469135807,0.0,0.3333333333333333,0.3333333333333333,0.0,0.0
partition,3,1,144,0.05215397431679616,0.0,9.614813431917819e-17,0.06554557897060219,0.01676305461424022,0.0,0.09033333333333327,0.0,2.220446049250313e-16,0.11352827298860124,0.028999999999999915,0.0,0.05388602512436498,0.05388602512436498,0.052153974316796206,0.09333333333333316,0.09333333333333316,0.09033333333333338,0.5179517352031943,0.27618121320547945,0.09033333333333338,0.24071277777777775,0.23980609876543205,0.19337487499999997,0.17409909194684134,0.17349366666666666,0.1734,0.24639094153280294,6.736447455048117e-17,0.6666666666666666,0.6666666666666666,0.3333333333333333,0.3333333333333333
partition,3,1,145,0.0,0.0,0.0,0.012424637158114198,0.2886751345948128,0.0,0.0,0.0,0.0,0.02152010282346195,0.5,0.0,0.0,0.0,0.0,0.0,0.0,0.0,0.23906066175763832,0.1495864246053953,0.0,0.22222222222222224,0.22222222222222224,0.19865034722222222,0.19622033303865713,0.25,0.22222222222222224,0.22222222222222224,0.0,0.3333333333333333,0.3333333333333333,0.3333333333333333,0.3333333333333333
partition,7,1,146,0.1396668719310287,0.0,0.0,0.1265345371717537,0.13653966587458333,0.0,0.3695238095238096,1.1102230246251565e-16,0.0,0.33477891761711853,0.36124999999999996,0.0,0.1366971510716705,0.13413239214767933,0.1396668719310287,0.3616666666666667,0.3548809523809524,0.3695238095238095,0.6845067958548174,0.48309317980975014,0.3075781568355566,0.037348695132815045,0.034562004402100985,0.050013277264030605,0.046422862389118635,0.0368984375,0.03423514030612245,0.00934461646528939,4.484129906342891e-17,0.14285714285714285,0.0,0.14285714285714285,0.14285714285714285
partition,4,1,147,0.057812500000000044,0.0,0.0,0.09600120761163757,0.438125,0.03937500000000005,0.11562500000000009,0.0,0.0,0.1920024152232751,0.87625,0.0787500000000001,0.06312499999999999,0.059687500000000004,0.06406250000000002,0.12624999999999997,0.11937500000000001,0.12812500000000004,0.4223742416388575,0.2476853850978852,0.08250236739027551,0.17084228515624997,0.17000671386718752,0.1767340087890625,0.16431663081130327,0.28476601562500004,0.23677763671875,0.1717392839488737,0.0,0.25,0.25,0.25,0.25
partition,5,1,148,0.07472500000000004,0.0,0.0,0.044599549938594905,0.2899820396737241,0.0,0.14945000000000008,0.0,2.220446049250313e-16,0.09972762542859481,0.5275000000000001,0.0,0.05795000000000006,0.07272500000000004,0.07472500000000004,0.11590000000000011,0.14545000000000008,0.14945000000000008,0.31230995554630236,0.15615497777315118,0.14945,0.13780039383333337,0.13668362870833334,0.1313525521875,0.1286591652415458,0.15015125,0.13333333333333336,0.1378412969454142,0.0,0.2,0.2,0.2,0.2
partition,6,1,149,0.21250674008918705,0.0,0.0,0.12123662176935851,0.33992876091910784,0.0,0.3062499999999999,0.0,0.0,0.29696786147372733,0.49875,0.0,0.21101276949248565,0.2124830712211106,0.21250674008918705,0.30333333333333323,0.30733333333333324,0.3062499999999999,0.8155787822154277,0.4181660350728971,0.31886272516554837,0.01870477430555556,0.011178255208333336,0.06605384114583333,0.05897278128829216,0.04179192708333334,0.022533333333333336,0.022092697308008318,0.0,0.0,0.0,0.16666666666666666,0.16666666666666666
partition,5,1,150,0.0,0.0,0.0,0.0544855067059494,0.2886751345948128,0.0,0.0,0.0,0.0,0.12183329678302346,0.5,0.0,0.0,0.0,0.0,0.0,0.0,0.0,0.46379413536611264,0.23189706768305632,0.0,0.2666666666666667,0.2666666666666667,0.2540638125,0.2539167079649376,0.35,0.2666666666666667,0.2666666666666667,0.0,0.2,0.2,0.2,0.2
partition,3,1,151,0.09646560747709997,0.0,0.0,0.008608394314930951,0.10825317547305482,0.0019245008972987808,0.16708333333333325,0.0,0.0,0.01491017632504732,0.1875,0.0033333333333332993,0.09814954576223633,0.09622504486493755,0.09646560747709994,0.16999999999999993,0.16666666666666652,0.16708333333333325,0.2525020626978455,0.12654355992603983,0.12340721323236249,0.20771765046296295,0.20461577932098765,0.22055709635416662,0.2177884081551058,0.21931875,0.21541250000000003,0.20203948897910684,1.1443916996305594e-16,0.3333333333333333,0.3333333333333333,0.3333333333333333,0.3333333333333333
partition,5,1,152,0.30408333333333326,0.0,0.0,0.17911608354839137,0.651875,3.140184917367551e-17,0.6081666666666665,0.0,1.1102230246251565e-16,0.40051573867773493,1.30375,1.1102230246251565e-16,0.3068333333333333,0.3055833333333333,0.30408333333333326,0.6136666666666666,0.6111666666666666,0.6081666666666665,0.8413532007030896,0.42516012760053234,0.3696021321787945,0.07041467222222221,0.051921337499999984,0.1284613567708333,0.21181247163819497,0.1825428125,0.097554609375,0.08202682526457925,0.0,0.0,0.0,0.2,0.2
partition,6,1,153,0.14656277145990815,0.0,1.0315407380583415e-16,0.3652092008086425,0.3700450423034112,0.0,0.2538541666666667,0.0,2.220446049250313e-16,0.8945761913508118,0.6600000000000001,0.0,0.19052558883257653,0.14385644207308185,0.14656277145990815,0.33000000000000007,0.24916666666666676,0.2538541666666667,0.966891564176149,0.587979155552575,0.5649943441672424,0.06543939706307872,0.06185928940007717,0.15528290066189238,0.1456702985695685,0.10499999999999998,0.08217777777777778,0.07067461243481571,0.0,0.0,0.0,0.16666666666666666,0.16666666666666666
partition,2,1,154,0.18384776310850237,0.0,0.0,0.012749861816207875,0.36769552621700474,0.0,0.26,0.0,0.0,0.018031027498864094,0.52,0.0,0.18384776310850237,0.18384776310850237,0.18384776310850237,0.26,0.26,0.26,0.36769552621700474,0.194748992651795,0.183983694929741,0.26192499999999996,0.245025,0.23613525390625,0.2361806567291331,0.3077,0.24009999999999998,0.24328889700511322,0.0,0.5,0.0,0.0,0.0
partition,3,1,155,0.0769800358919501,0.0,0.0,0.00988132828096378,0.06928203230275516,0.008660254037844314,0.1333333333333333,0.0,0.0,0.017114962628896446,0.1200000000000001,0.014999999999999902,0.1462620681947052,0.1462620681947052,0.1462620681947052,0.2533333333333333,0.2533333333333333,0.2533333333333333,0.22404659113675437,0.14688195477555335,0.09428090415820635,0.1985185185185185,0.1965432098765432,0.2122020182291667,0.2094722789072455,0.17146666666666666,0.1698666666666667,0.19329388560157792,8.326672684688674e-17,0.3333333333333333,0.3333333333333333,0.3333333333333333,0.3333333333333333
partition,3,1,156,0.10632867457575605,0.0,0.0,0.010836016619586181,0.15804963619066015,0.0,0.1841666666666666,0.0,0.0,0.018768531336784022,0.27375000000000016,0.0,0.10392304845413262,0.10680979980008073,0.10632867457575605,0.17999999999999994,0.18499999999999994,0.1841666666666666,0.22951261766331418,0.14349389617192967,0.10711170181948683,0.19260208333333337,0.18883348765432104,0.19395158420138894,0.19264013692881132,0.19164635416666667,0.18331979166666668,0.18338183223241356,0.0,0.3333333333333333,0.3333333333333333,0.3333333333333333,0.3333333333333333
partition,3,1,157,0.06543303050815752,0.0,1.1443916996305594e-16,0.11580400628351711,0.15299782133525092,0.0,0.11333333333333317,1.1102230246251565e-16,2.220446049250313e-16,0.20057842260307712,0.2650000000000001,0.0,0.06543303050815755,0.06254627916220942,0.06543303050815755,0.11333333333333329,0.10833333333333328,0.11333333333333329,0.4200793575821914,0.25585873502810563,0.10533016872883307,0.21485185185185185,0.21342469135802464,0.17470729166666668,0.1605548775910491,0.190075,0.1822722222222222,0.21466259634047521,8.326672684688674e-17,0.3333333333333333,0.3333333333333333,0.3333333333333333,0.3333333333333333
partition,3,1,158,0.07216878364870322,0.0,0.0,0.13665754995830037,0.14433756729740646,0.0,0.125,1.1102230246251565e-16,0.0,0.2366978197656583,0.25,0.0,0.09622504486493767,0.09622504486493767,0.09622504486493767,0.16666666666666674,0.16666666666666674,0.16666666666666674,0.5815066637623338,0.3986610388930376,0.125,0.4635416666666667,0.4618055555555556,0.32478784722222226,0.42668617885641336,0.4375,0.4305555555555555,0.5034013605442177,0.0,0.3333333333333333,0.6666666666666666,0.3333333333333333,0.6666666666666666
partition,3,1,159,0.0,0.0,0.0,0.20085493093046394,0.18836052532311534,0.0028867513459480874,0.0,0.0,0.0,0.34789094532230114,0.32624999999999993,0.004999999999999893,1.0477500027681816e-16,8.886119947416683e-17,0.0,0.0,2.220446049250313e-16,0.0,0.7350658984063946,0.37829943673896493,0.0,0.16433229166666669,0.16433229166666669,0.2561445529513889,0.3792757307881461,0.17615885416666666,0.16433229166666669,0.16433229166666669,0.0,0.3333333333333333,0.3333333333333333,0.3333333333333333,0.3333333333333333
partition,4,1,160,0.013333333333333308,0.0,0.0,0.07770043308362021,0.2886751345948128,2.7755575615628914e-17,0.026666666666666616,0.0,0.0,0.15540086616724047,0.5,1.1102230246251565e-16,0.013333333333333308,0.013333333333333308,0.013333333333333308,0.026666666666666616,0.026666666666666616,0.026666666666666616,0.5617286377780646,0.3187514228246998,0.026666666666666727,0.17573333333333335,0.17568888888888892,0.1342146728515625,0.1270536109978834,0.1875,0.16666666666666669,0.17592418840307755,0.0,0.25,0.25,0.25,0.25
partition,3,1,161,0.10151742233250917,0.0,0.0,0.07141876632359707,0.0014433756729740116,0.0,0.17583333333333329,0.0,0.0,0.12370093188635922,0.0024999999999999467,0.0,0.09911179621088567,0.10055517188385973,0.10151742233250917,0.17166666666666652,0.17416666666666658,0.17583333333333329,0.4934867441650957,0.28429217043278693,0.17583333333333329,0.11863171296296297,0.115196450617284,0.18929435763888888,0.1706843343835732,0.17184375,0.1718430555555556,0.1019533029826235,0.0,0.3333333333333333,0.0,0.3333333333333333,0.3333333333333333
partition,3,1,162,0.15059219521362738,0.0,0.0,0.03065704658066832,0.005773502691896284,0.0,0.26083333333333336,0.0,0.0,0.05309956228772328,0.010000000000000009,0.0,0.1501110699893027,0.1501110699893027,0.15059219521362735,0.26,0.26,0.26083333333333325,0.3625660859300917,0.18128304296504585,0.2518335539376929,0.18693726851851852,0.17937793209876543,0.22343307291666667,0.21316666043539634,0.1667,0.1666888888888889,0.17147684602045418,0.0,0.3333333333333333,0.3333333333333333,0.3333333333333333,0.3333333333333333
partition,8,1,163,0.060104076400856514,0.0,0.0,0.09988884077580666,0.6708203932499369,0.009428090415820607,0.16999999999999993,0.0,0.0,0.2825283067097448,1.5,0.026666666666666616,0.060104076400856514,0.060104076400856514,0.060104076400856514,0.16999999999999993,0.16999999999999993,0.16999999999999993,0.6136657274119192,0.4509329006300415,0.26248809496813374,0.06392499999999998,0.0634734375,0.1034623876953125,0.100376617598277,0.15625,0.10000000000000003,0.05670271447234721,2.4037033579794548e-17,0.125,0.125,0.125,0.125
partition,4,1,164,0.04500000000000004,0.0,0.0,0.08411496239993978,0.2886751345948128,0.0,0.09000000000000008,0.0,0.0,0.16822992479987953,0.5,0.0,0.04500000000000004,0.04500000000000004,0.04500000000000004,0.09000000000000008,0.09000000000000008,0.09000000000000008,0.34438350715445126,0.20983491399519974,0.17464249196572978,0.19827499999999998,0.19776875000000002,0.15514650268554686,0.14854197885295461,0.1875,0.16666666666666669,0.2011230527714044,0.0,0.25,0.25,0.25,0.25
partition,5,1,165,0.25668030717722107,0.0,0.0,0.07322764549686393,0.48497422611928553,0.0,0.44458333333333333,2.220446049250313e-16,0.0,0.16374199316324423,0.8399999999999999,0.0,0.26346417284019935,0.257690670148303,0.25668030717722107,0.4563333333333335,0.44633333333333347,0.44458333333333333,0.7149541069187589,0.39363683776670394,0.3572262452253164,0.24276420138888893,0.22958724537037037,0.1662182421875,0.16558632272697846,0.25456,0.20752000000000007,0.1920867308054042,0.0,0.4,0.4,0.2,0.2
partition,7,1,166,0.25197631533948484,0.0,5.374844106186573e-17,0.31996581856836953,0.1520690632574554,0.0,0.6666666666666667,0.0,1.1102230246251565e-16,0.8465499839731185,0.33499999999999996,0.0,0.25197631533948484,0.25197631533948484,0.25197631533948484,0.6666666666666666,0.6666666666666666,0.6666666666666666,1.0281096123468547,0.6440169490639011,0.3333333333333333,0.15079365079365076,0.14172335600907032,0.08483341703869049,0.12700419720156092,0.16963214285714287,0.16632857142857144,0.21428571428571427,0.0,0.14285714285714285,0.14285714285714285,0.14285714285714285,0.14285714285714285
partition,3,1,167,0.013471506281091162,0.0,0.0,0.011923936584302575,0.2886751345948128,0.003849001794597618,0.023333333333333206,0.0,0.0,0.020652863990241244,0.5,0.006666666666666821,0.013471506281091162,0.013471506281091162,0.013471506281091162,0.023333333333333206,0.023333333333333206,0.023333333333333206,0.24913182588073055,0.1547415354072861,0.023333333333333317,0.21721851851851856,0.217158024691358,0.20789305555555557,0.20619317233459725,0.25,0.22222222222222224,0.2170399965831479,0.0,0.3333333333333333,0.3333333333333333,0.3333333333333333,0.3333333333333333
partition,3,1,168,0.06134346610139771,0.0,0.0,0.015554390036651992,0.19702077936095982,0.0,0.10624999999999996,1.1102230246251565e-16,0.0,0.026940993824224324,0.34125000000000005,0.0,0.06062177826491065,0.06062177826491065,0.06134346610139771,0.10499999999999987,0.10499999999999987,0.10624999999999996,0.26025828517071264,0.13012914258535635,0.10625000000000001,0.2174262152777778,0.21617187500000004,0.2059250217013889,0.2024785903362436,0.2182171875,0.20527812499999998,0.21778842757863734,8.326672684688674e-17,0.3333333333333333,0.3333333333333333,0.3333333333333333,0.3333333333333333
partition,3,1,169,0.08531953978024472,0.0,0.0,0.0750106236122102,0.06350852961085882,0.0,0.14777777777777779,0.0,0.0,0.12992221120377367,0.10999999999999999,0.0,0.02309401076758507,0.02309401076758507,0.02309401076758507,0.040000000000000036,0.040000000000000036,0.040000000000000036,0.6075625825103671,0.35449006107156067,0.14777777777777773,0.21323004115226338,0.21080356652949242,0.21442316502700617,0.19685327791131532,0.26016666666666666,0.25882222222222223,0.21092127622081436,0.0,0.3333333333333333,0.3333333333333333,0.3333333333333333,0.3333333333333333
partition,3,1,170,0.0,0.0,0.0,0.014320128842587246,0.2886751345948128,0.0,0.0,0.0,0.0,0.024803190726293556,0.5,0.0,0.0,0.0,0.0,0.0,0.0,0.0,0.2520933193614354,0.12604665968071774,5.551115123125783e-17,0.22222222222222224,0.22222222222222224,0.20639342447916667,0.2032273772194033,0.25,0.22222222222222224,0.22222222222222224,0.0,0.3333333333333333,0.3333333333333333,0.3333333333333333,0.3333333333333333
partition,3,1,171,0.17604012573290093,0.0,1.1443916996305594e-16,0.17075116257597403,0.3096116519125209,0.024056261216234366,0.2489583333333334,0.0,2.220446049250313e-16,0.29574968903304055,0.44999999999999996,0.04166666666666663,0.17029488313576013,0.18001760137707526,0.17604012573290093,0.24083333333333323,0.2545833333333334,0.2489583333333334,0.7156500177577492,0.3918669823549295,0.24895833333333334,0.03941008391203704,0.02908004195601852,0.12928486388406635,0.11276964657578163,0.08468750000000001,0.052734375,0.047486518628372325,0.0,0.0,0.0,0.3333333333333333,0.0
partition,3,1,172,0.14000744027848422,0.0,0.0,0.14293852464251544,0.008660254037844308,0.0,0.24249999999999994,0.0,0.0,0.2475767870397727,0.014999999999999902,0.0,0.13952631505415952,0.1385640646055101,0.14000744027848422,0.24166666666666659,0.23999999999999988,0.24249999999999994,0.9074758949966659,0.45403282062181277,0.24250000000000002,0.1879354166666667,0.18140138888888888,0.2059120659722222,0.2701358033517658,0.16674166666666668,0.16671666666666662,0.17385610948333552,0.0,0.3333333333333333,0.3333333333333333,0.3333333333333333,0.3333333333333333
partition,3,1,173,0.0,0.0,0.0,0.2165281429256031,0.005773502691896284,0.0,0.0,0.0,0.0,0.3750377448156801,0.010000000000000009,0.0,0.0,0.0,0.0,0.0,0.0,0.0,0.6929646455628166,0.4720818169561609,0.0,0.16668888888888891,0.16668888888888891,0.23150904947916665,0.2693093441873431,0.1667,0.16668888888888891,0.16668888888888891,0.0,0.3333333333333333,0.3333333333333333,0.3333333333333333,0.3333333333333333
partition,3,1,174,0.10931165096656915,0.0,0.0,0.022921828140095135,0.08660254037844382,0.0,0.18933333333333335,0.0,0.0,0.0397017709410068,0.1499999999999999,0.0,0.1886010879352777,0.1886010879352777,0.1886010879352777,0.32666666666666655,0.32666666666666655,0.32666666666666655,0.38021874186666116,0.22301278848267758,0.1893333333333333,0.19209718518518523,0.18811417283950618,0.18197096440972219,0.1802776339453649,0.17416666666666666,0.17166666666666672,0.18244315558633428,0.0,0.3333333333333333,0.3333333333333333,0.3333333333333333,0.3333333333333333
partition,7,1,175,0.074535599249993,0.0,5.979136609301385e-17,0.28676719531323497,0.6714908785679817,0.0028347335475692307,0.16666666666666674,0.0,1.1102230246251565e-16,0.7587146829703069,1.5300000000000002,0.007500000000000062,0.0745355992499931,0.0745355992499931,0.0745355992499931,0.16666666666666674,0.16666666666666674,0.16666666666666674,0.8257314938889033,0.639373377373532,0.2886751345948129,0.1388888888888889,0.1380952380952381,0.10769790922619049,0.13524305303233206,0.17870000000000003,0.11428571428571431,0.1341107871720117,0.0,0.14285714285714285,0.14285714285714285,0.14285714285714285,0.14285714285714285
partition,5,1,176,0.026943012562182518,0.0,0.0,0.1619337813178717,0.41569219381653055,0.0,0.046666666666666634,0.0,0.0,0.3620949428803466,0.72,0.0,0.05003702332976755,0.026943012562182518,0.026943012562182518,0.08666666666666667,0.046666666666666634,0.046666666666666634,0.4558634207011277,0.33138746171889594,0.2240039682188192,0.1495911111111111,0.14944592592592593,0.13139625434027777,0.11457749999818809,0.20368,0.16912,0.14830621931924215,0.0,0.4,0.2,0.2,0.2
partition,4,1,177,0.005051814855409246,0.0,1.1102230246251565e-16,0.09403213285870193,0.1443375672974064,0.0,0.008750000000000036,0.0,2.220446049250313e-16,0.18806426571740387,0.25,0.0,0.0050000000000000044,0.005051814855409246,0.005051814855409246,0.009999999999999898,0.008750000000000036,0.008750000000000036,0.4062070490115437,0.31047367551427235,0.18890538122445205,0.09825230034722221,0.09824592013888887,0.11939241536458331,0.10748586162263847,0.140625,0.13541666666666666,0.09872730024238895,0.0,0.25,0.25,0.25,0.25
partition,4,1,178,0.05500000000000005,0.0,0.0,0.0766393454621136,0.2886751345948128,0.0,0.1100000000000001,0.0,0.0,0.1532786909242272,0.5,0.0,0.05500000000000005,0.05500000000000005,0.05500000000000005,0.1100000000000001,0.1100000000000001,0.1100000000000001,0.4973848275396693,0.3924451738404451,0.10999999999999999,0.15682500000000002,0.15606875000000003,0.13560403645833333,0.13352511663498096,0.1875,0.16666666666666669,0.1545890670369903,0.0,0.25,0.25,0.25,0.25
partition,3,1,179,0.04546633369868312,0.0,0.0,0.010006544602271584,0.2973353886326574,0.013471506281091337,0.0787500000000001,0.0,0.0,0.017331843659338375,0.5150000000000001,0.023333333333333428,0.05099927377841693,0.04955589810544293,0.04546633369868312,0.08833333333333337,0.08583333333333343,0.0787500000000001,0.22862587707139947,0.12045949085408054,0.06676165108470249,0.19759681712962962,0.1969077546296296,0.21663478732638888,0.2141699715253056,0.24507500000000002,0.21560555555555552,0.1987018296451154,9.614813431917819e-17,0.3333333333333333,0.3333333333333333,0.3333333333333333,0.3333333333333333
partition,3,1,180,0.08082903768654755,0.0,1.1443916996305594e-16,0.05585458685727146,0.2886751345948128,0.0,0.1399999999999999,0.0,2.220446049250313e-16,0.09674298227256306,0.5,0.0,0.08082903768654755,0.08082903768654755,0.08082903768654755,0.1399999999999999,0.1399999999999999,0.1399999999999999,0.37354718577443463,0.2986948999955001,0.14,0.19764444444444443,0.19546666666666668,0.1581646701388889,0.1508457640999786,0.25,0.22222222222222224,0.1919355807944234,0.0,0.3333333333333333,0.3333333333333333,0.3333333333333333,0.3333333333333333
partition,3,1,181,0.1616580753730952,0.0,0.0,0.050053360205017015,0.2886751345948128,8.326672684688674e-17,0.28,0.0,0.0,0.08669496296463564,0.5,1.1102230246251565e-16,0.1616580753730952,0.1616580753730952,0.1616580753730952,0.2799999999999999,0.2799999999999999,0.2799999999999999,0.5665096351048821,0.34660426688086865,0.19798989873223324,0.1730666666666667,0.16435555555555556,0.14216277430555554,0.14929660263187045,0.25,0.22222222222222224,0.14420438957475992,0.0,0.3333333333333333,0.3333333333333333,0.3333333333333333,0.3333333333333333
partition,3,1,182,0.3129719584232095,0.0,0.0,0.07782540472730962,0.45827177616926557,0.0,0.5420833333333333,2.220446049250313e-16,0.0,0.13479755510731128,0.7937500000000002,0.0,0.31273139581104714,0.31417477148402145,0.3129719584232095,0.5416666666666665,0.5441666666666669,0.5420833333333333,0.6679547452235568,0.3350315122538408,0.3295591015112295,0.3127771412037037,0.2801266589506173,0.2259270182291667,0.2053851076482401,0.45030885416666666,0.3803045138888888,0.2589618765389629,0.0,1.0,0.3333333333333333,0.3333333333333333,0.3333333333333333
partition,5,1,183,0.12666666666666657,0.0,0.0,0.15418500040073907,0.29704096238285604,0.0,0.2533333333333332,2.220446049250313e-16,0.0,0.3447681420068849,0.5700000000000001,0.0,0.10062305898749047,0.10062305898749047,0.10062305898749047,0.22499999999999987,0.22499999999999987,0.22499999999999987,0.527304466129389,0.3698415894851963,0.20698899595013365,0.22264111111111112,0.2194322222222222,0.18741337500000002,0.17969258598323196,0.32298,0.2666666666666667,0.20075896899049345,9.776672184153781e-17,0.4,0.4,0.2,0.2
partition,5,1,184,0.0,0.0,0.0,0.21000210870884706,0.5,0.0,0.0,0.0,0.0,0.4695789904912826,1.0,0.0,0.0,0.0,0.0,0.0,0.0,0.0,0.4983472684785179,0.30151322086453297,0.0,0.15,0.15,0.172541875,0.21287946876537514,0.2,0.15,0.15,0.0,0.2,0.2,0.2,0.2
partition,4,1,185,0.04166666666666674,0.0,0.0,0.10228921086720828,0.5,0.0,0.08333333333333348,1.1102230246251565e-16,0.0,0.20457842173441665,1.0,0.0,0.04166666666666674,0.04166666666666674,0.04166666666666674,0.08333333333333348,0.08333333333333348,0.08333333333333348,0.37806542230368895,0.19744850741799688,0.08333333333333337,0.1996527777777778,0.19921874999999997,0.1724351582845052,0.15889725476392202,0.25,0.1875,0.1982248520710059,4.8074067159589095e-17,0.25,0.25,0.25,0.25
partition,5,1,186,0.10524426614099006,0.0,0.0,0.12407268169978888,0.528044742422458,0.0,0.23533333333333317,2.220446049250313e-16,0.0,0.27743495043142197,1.1400000000000001,0.0,0.1019646997739904,0.10554240853799006,0.11001454449298965,0.22799999999999976,0.23599999999999977,0.24599999999999977,0.5639375457934643,0.3037042941752836,0.3375842281729274,0.07521928888888889,0.07300401777777776,0.1274086527777778,0.11881465075108599,0.19544999999999998,0.13968374999999997,0.0864036644824731,1.1857187100668868e-16,0.0,0.2,0.2,0.2
partition,7,1,187,0.015148809523809564,0.0,0.0,0.11851609276209879,0.4131781042520687,0.05817953138106323,0.030297619047619184,1.1102230246251565e-16,0.0,0.3135641078075755,0.8187500000000001,0.15392857142857153,0.026457513110645932,0.007559289460184568,0.015148809523809481,0.07000000000000006,0.020000000000000018,0.030297619047618962,0.5313163123879444,0.42552504812420433,0.09464208969440269,0.02790424208373826,0.027871458308025586,0.06962594068877552,0.07074844810793512,0.09118861607142857,0.06680059523809524,0.02946543130453638,4.987972584734571e-17,0.0,0.0,0.14285714285714285,0.14285714285714285
partition,7,1,188,0.12282681214315544,0.0,0.0,0.14156385637933427,0.28360771028541043,0.0,0.24750000000000005,1.1102230246251565e-16,0.0,0.3745427586149831,0.5700000000000001,0.0,0.12251133734384663,0.12301625908797585,0.12282681214315536,0.2466666666666668,0.248,0.24749999999999983,0.6032803124722922,0.4464206703998208,0.24938204877256098,0.16413950892857138,0.1619843052455357,0.10355436430431546,0.09006752760547254,0.1911,0.1796095238095238,0.145996401620877,7.588889208874956e-17,0.2857142857142857,0.2857142857142857,0.14285714285714285,0.14285714285714285
partition,3,1,189,0.26673582436560717,0.0,0.0,0.08852865535100936,0.5326056233274299,8.326672684688674e-17,0.4620000000000002,0.0,0.0,0.15333612899370264,0.9225000000000001,1.1102230246251565e-16,0.2655811238272278,0.2678905249039863,0.26673582436560717,0.45999999999999996,0.46399999999999997,0.4620000000000002,0.7414196967080567,0.40886127748534057,0.3444290767181089,0.05032429629629629,0.02660829629629628,0.08495451041666663,0.08093540979921349,0.16866875,0.07411249999999998,0.06566860369813803,0.0,0.0,0.0,0.0,0.0
partition,3,1,190,0.0,0.0,0.0,0.00903358595519203,0.2886751345948128,0.0,0.0,0.0,0.0,0.01564662984893328,0.5,0.0,0.0,0.0,0.0,0.0,0.0,0.0,0.210119013894507,0.10505950694725352,5.551115123125783e-17,0.2222222222222223,0.2222222222222223,0.20564201388888884,0.20422293391670557,0.25,0.22222222222222224,0.2222222222222223,0.0,0.3333333333333333,0.3333333333333333,0.3333333333333333,0.3333333333333333
partition,5,1,191,0.01360274686312371,0.0,0.0,0.12687271992154872,0.38090763316058657,0.010956733089749052,0.030416666666666536,0.0,0.0,0.2836960262348748,0.8487499999999999,0.024499999999999966,0.0037267799624996177,0.01371455026199864,0.01360274686312371,0.008333333333333526,0.03066666666666662,0.030416666666666536,0.5483184521790234,0.3829261876674657,0.18270013759649387,0.21024253472222226,0.21020552777777782,0.16624774739583334,0.1581968794087769,0.3061015625,0.2628334375,0.21199531886752349,5.551115123125783e-17,0.2,0.2,0.2,0.2
partition,3,1,192,0.008981004187394172,0.0,0.0,0.019008227281218894,0.2886751345948128,0.0,0.015555555555555545,0.0,0.0,0.03292321541288801,0.5,0.0,0.06735753140545639,0.06735753140545639,0.06735753140545639,0.1166666666666667,0.1166666666666667,0.1166666666666667,0.32242731739106717,0.20065934796363386,0.04687782913273106,0.22724115226337452,0.22721426611796988,0.20042083574459882,0.19652453834359362,0.25,0.22222222222222224,0.22711464582864496,0.0,0.3333333333333333,0.3333333333333333,0.3333333333333333,0.3333333333333333
partition,3,1,193,0.16815326590147836,0.0,0.0,0.026959184055403165,0.31104745752591084,0.0,0.29125,2.220446049250313e-16,0.0,0.04669467651455894,0.5387500000000001,0.0,0.15780907357849777,0.16646932761634206,0.16815326590147853,0.27333333333333343,0.28833333333333333,0.29125,0.393886880969651,0.23172247828287937,0.16840396620428302,0.2266755208333333,0.21725034722222222,0.22678153211805555,0.23405702137986162,0.23758385416666664,0.20533368055555554,0.218366873699278,0.0,0.3333333333333333,0.3333333333333333,0.3333333333333333,0.3333333333333333
partition,6,1,194,0.17478129935484132,0.0,5.2958809290937725e-17,0.2337600347079067,0.5202553459600391,0.0,0.42812499999999987,2.220446049250313e-16,1.1102230246251565e-16,0.5725928072896571,1.15625,0.0,0.18881483433953652,0.16380962654862508,0.17478129935484132,0.4624999999999999,0.4012500000000001,0.42812499999999987,0.6449525580097603,0.4295432669774741,0.2934726083896076,0.06459099392361112,0.05949957682291668,0.11151351182725695,0.16667794235496203,0.16454921874999998,0.11943828125000004,0.07838218042700708,0.0,0.0,0.16666666666666666,0.16666666666666666,0.16666666666666666
partition,3,1,195,0.2525907427704613,0.0,0.0,0.041417010738504345,0.15588457268119896,0.003849001794597498,0.4375,0.0,1.1102230246251565e-16,0.07173636689671525,0.27,0.006666666666666821,0.26076987158398096,0.25451524366776,0.25259074277046134,0.45166666666666666,0.4408333333333334,0.4375,0.538803651620885,0.27929585676045715,0.2917243990481427,0.17114548611111113,0.149878125,0.16287311197916668,0.16652750993035054,0.09215,0.08405000000000001,0.10342825788751714,0.0,0.3333333333333333,0.3333333333333333,0.3333333333333333,0.3333333333333333
partition,3,1,196,0.06639528095680705,0.0,0.0,0.04327265513473293,0.33053302911106064,8.886119947416683e-17,0.11499999999999999,1.1102230246251565e-16,0.0,0.07495043727176387,0.5725,1.1102230246251565e-16,0.06928203230275516,0.06350852961085876,0.06639528095680705,0.1200000000000001,0.1100000000000001,0.11499999999999999,0.4386389935546846,0.26916760064600836,0.11499999999999994,0.2521861111111111,0.25071666666666664,0.24592508680555558,0.2627473443767617,0.27591875,0.23950138888888892,0.24750592656643447,0.0,0.3333333333333333,0.3333333333333333,0.3333333333333333,0.3333333333333333
partition,8,1,197,0.06245226824357909,0.0,0.0,0.24944965760875065,0.9093730670082549,0.0,0.1529761904761906,1.1102230246251565e-16,0.0,0.7055501778392403,2.2274999999999996,0.0,0.06736096792653742,0.06726376595261746,0.062452268243579204,0.16500000000000004,0.1647619047619049,0.15297619047619082,0.7849662564782793,0.5060291126077826,0.36544115312120745,0.16634896010487527,0.15948741644227138,0.13721734095982144,0.12237619986297443,0.34417578125000003,0.147993359375,0.1561045493712768,0.0,0.125,0.125,0.125,0.125
partition,3,1,198,0.0,0.0,0.0,0.012015445460363395,0.2886751345948128,0.0,0.0,0.0,0.0,0.020811362012922108,0.5,0.0,0.0,0.0,0.0,0.0,0.0,0.0,0.26545558322752727,0.1381273318283803,0.0,0.22222222222222224,0.22222222222222224,0.24910138888888889,0.25480815563318965,0.25,0.22222222222222224,0.22222222222222224,0.0,0.3333333333333333,0.3333333333333333,0.3333333333333333,0.3333333333333333
partition,5,1,199,0.13615524394423711,0.0,0.0,0.14181029584771013,0.04749999999999999,0.004472135954999584,0.3044523809523809,0.0,0.0,0.31709746142483597,0.0950000000000002,0.010000000000000231,0.1720281630689838,0.1756058718329835,0.17717111941723326,0.3846666666666666,0.3926666666666667,0.39616666666666656,0.6174655860855729,0.425959012906672,0.2885371880715322,0.19459833497732423,0.1908906848866213,0.16067973267431976,0.18415931180459483,0.250605,0.25015374999999995,0.21192134992075434,0.0,0.2,0.2,0.2,0.2
partition,4,1,200,0.21124999999999997,0.0,0.0,0.2676625048098379,0.09750000000000003,0.0,0.4225,1.1102230246251565e-16,0.0,0.5353250096196757,0.19500000000000006,0.0,0.23062500000000005,0.21562499999999996,0.21124999999999997,0.46125000000000005,0.4312499999999999,0.4225,0.9830882462932816,0.5431048859316209,0.25488150841780055,0.1577515625,0.146594921875,0.16525462239583333,0.2492441467963301,0.12990625,0.12752968750000004,0.13175352785742395,0.0,0.25,0.25,0.25,0.25
neg,2,1,201,5.551115123125783e-17,0.0,5.551115123125783e-17,0.14176957943353133,0.0008838834764832159,0.0,0.0,0.0,0.0,0.2004924619668298,0.0012499999999999734,0.0,0.0,0.0,1.2412670766236366e-16,0.0,0.0,0.0,0.6885452281804006,0.3513436819020659,0.0,0.00017226562500000068,0.0001722656250000014,0.13747873535156255,0.0890512625038453,0.00017265624999999944,0.00017226562499999848,nan,nan,0.0,0.0,0.0,0.0
neg,2,1,202,0.0,0.0,0.0,0.056349310111827325,0.0,0.0,0.0,0.0,0.0,0.07968995859051353,0.0,0.0,0.0,0.0,0.0,0.0,0.0,0.0,0.7495331880577407,0.3747665940288703,0.0,0.25,0.25,0.2601,0.26298352200275055,0.25,0.25,nan,nan,0.5,0.5,1.0,1.0
neg,2,1,203,0.1971060152557502,0.0,1.2412670766236366e-16,0.05851686773911774,0.24748737341529164,1.2412670766236366e-16,0.27875000000000005,0.0,0.0,0.08275534798425288,0.35,0.0,0.2085965004500316,0.19622213177926695,0.1971060152557501,0.29500000000000015,0.2775000000000001,0.27875000000000005,0.7316029803919386,0.38230064842365546,0.22017393692260667,0.09266328125000006,0.07323789062500007,0.1462721002072705,0.1379586511339684,0.13625,0.10562499999999997,nan,nan,0.0,0.0,0.0,0.0
neg,2,1,204,0.17058951096125458,0.0,1.5700924586837752e-16,0.019349999747779532,0.18561553006146872,0.12197591975467936,0.24124999999999996,0.0,0.0,0.02736503207522578,0.26249999999999996,0.17249999999999988,0.16617009357883866,0.16617009357883866,0.17058951096125458,0.235,0.235,0.24124999999999996,0.41365746699413025,0.2259795421542007,0.17944793813248458,0.15847578125,0.143925390625,0.10664306640625006,0.10418296576254339,0.153203125,0.1359765625,nan,nan,0.5,0.0,0.0,0.0
neg,2,1,205,0.402166981799849,0.0,5.551115123125783e-17,0.12247912530238374,0.46492270863015495,0.0,0.5687500000000001,0.0,0.0,0.17321164011022483,0.6575,0.0,0.3942120305115002,0.4021669817998489,0.4021669817998489,0.5575000000000001,0.5687500000000001,0.5687500000000001,0.804333963599698,0.4151306061216023,0.441830354887484,0.18048828125000005,0.09961914062500003,0.15528525390624998,0.11611162065701945,0.24590312499999997,0.13782656249999997,nan,nan,0.5,0.0,0.0,0.0
neg,2,1,206,0.0,0.0,5.551115123125783e-17,0.007859785632569019,0.0,0.0,0.0,0.0,0.0,0.011115415438924359,0.0,0.0,0.0,0.0,0.0,0.0,0.0,0.0,0.2377646551739767,0.11888232758698836,0.0,0.25,0.25,0.2937978759765625,0.29499699760410175,0.25,0.25,nan,nan,0.5,0.5,1.0,1.0
neg,2,1,207,0.16617009357883858,0.0,0.0,0.014355263377072528,0.15556349186104043,1.5700924586837752e-16,0.23499999999999988,0.0,0.0,0.02030140815929382,0.21999999999999997,0.0,0.16617009357883866,0.16617009357883866,0.16617009357883866,0.23499999999999988,0.23499999999999988,0.23499999999999988,0.33234018715767716,0.18974031961839022,0.1680029761641143,0.3951124999999999,0.3813062499999999,0.34076406249999996,0.3438404387943178,0.3842,0.3721,nan,nan,1.0,1.0,1.0,1.0
neg,2,1,208,0.33896931323130125,0.0,0.0,0.126746622607996,0.3809537783642525,1.2412670766236366e-16,0.4793750000000001,0.0,0.0,0.17924679267721233,0.53875,0.0,0.3535533905932738,0.34471455582844185,0.3389693132313012,0.5,0.48749999999999993,0.479375,1.0338490396598312,0.521638565037826,0.47937500000000005,0.2177001953125001,0.16025009765625006,0.34582975531684035,0.34289219144464206,0.33330078125,0.26073789062499997,nan,nan,0.5,0.0,1.0,1.0
neg,2,1,209,0.11313708498984755,0.0,5.551115123125783e-17,0.005341765800230573,0.2262741699796952,5.551115123125783e-17,0.15999999999999992,0.0,0.0,0.007554397641706845,0.31999999999999984,0.0,0.11313708498984755,0.11313708498984755,0.11313708498984755,0.15999999999999992,0.15999999999999992,0.15999999999999992,0.2262741699796951,0.12698459278808408,0.11661903789690592,0.18280000000000002,0.17640000000000003,0.17248447265624997,0.1719899201716099,0.14120000000000002,0.11560000000000004,nan,nan,0.0,0.0,0.0,0.0
neg,2,1,210,0.1131370849898477,0.0,1.2412670766236366e-16,0.025807781262756763,0.0,0.0,0.16000000000000014,0.0,0.0,0.0364977142765488,0.0,0.0,0.11313708498984763,0.11313708498984763,0.11313708498984763,0.16000000000000014,0.16000000000000014,0.16000000000000014,0.5188396006956296,0.26531235685770266,0.13729530217746003,0.3428000000000001,0.3364000000000001,0.24456115722656255,0.24301182454350634,0.25,0.25,nan,nan,1.0,1.0,0.0,0.0
neg,2,1,211,0.0,0.0,5.551115123125783e-17,0.0872213470360848,0.0,0.005303300858899033,0.0,0.0,0.0,0.12334961190688154,0.0,0.00749999999999984,0.0,0.0,0.0,0.0,0.0,0.0,0.636396103067893,0.33322407063416065,0.0,0.25,0.25,0.13805869140625002,0.11116868407646087,0.25,0.25,nan,nan,0.5,0.5,0.0,0.0
neg,2,1,212,0.17324116139070417,0.0,1.2412670766236366e-16,0.027508175763632382,0.3464823227814083,1.2412670766236366e-16,0.2450000000000001,0.0,0.0,0.03890243524107184,0.49,0.0,0.17324116139070414,0.17324116139070414,0.17324116139070414,0.245,0.245,0.245,0.4896714459716841,0.26487041511946086,0.18117670931993451,0.1575125,0.14250624999999997,0.09746103515624992,0.0931336542557551,0.12505,0.065025,nan,nan,0.5,0.0,0.0,0.0
neg,2,1,213,0.0,0.0,5.551115123125783e-17,0.02636642659405806,0.0,0.0,0.0,0.0,0.0,0.03728775808063167,0.0,0.0,0.0,0.0,0.0,0.0,0.0,0.0,0.41188970004116393,0.20594485002058197,0.0,0.25,0.25,0.18248916015625005,0.17686970017806844,0.25,0.25,nan,nan,0.5,0.5,0.0,0.0
neg,2,1,214,0.0,0.0,1.5700924586837752e-16,0.01614249881425985,0.0,0.0,0.0,0.0,0.0,0.022828940753717886,0.0,0.0,0.0,0.0,0.0,0.0,0.0,0.0,0.33234018715767716,0.16617009357883858,0.0,0.25,0.25,0.19470156250000012,0.19187226984547923,0.25,0.25,nan,nan,0.5,0.5,0.0,0.0
neg,2,1,215,5.551115123125783e-17,0.0,5.551115123125783e-17,0.011360577202050005,0.2262741699796952,1.2412670766236366e-16,0.0,0.0,0.0,0.016066282355525763,0.32000000000000006,0.0,1.2412670766236366e-16,1.2412670766236366e-16,1.2412670766236366e-16,0.0,0.0,0.0,0.33941125496954305,0.18620478571245766,0.0,0.11559999999999993,0.1155999999999999,0.2139062499999999,0.21326268407822727,0.1412,0.11559999999999998,nan,nan,0.0,0.0,0.0,0.0
neg,2,1,216,0.0,0.0,0.0,0.13184621298737545,0.0,0.0,0.0,0.0,0.0,0.1864587025542781,0.0,0.0,0.0,0.0,0.0,0.0,0.0,0.0,0.6797063934155686,0.3398531967077843,0.0,0.25,0.25,0.14428127441406252,0.09926807633240209,0.25,0.25,nan,nan,0.5,0.5,0.0,0.0
neg,2,1,217,0.07071067811865482,0.0,0.0,0.018902378986149385,0.14142135623730953,1.5700924586837752e-16,0.10000000000000009,0.0,0.0,0.026732000723328708,0.19999999999999996,0.0,0.07071067811865474,0.07071067811865474,0.07071067811865474,0.09999999999999998,0.09999999999999998,0.09999999999999998,0.3765343609818364,0.2118374065304698,0.10000000000000009,0.20499999999999996,0.20249999999999996,0.16682119140625,0.1635199790539937,0.16999999999999998,0.16000000000000003,nan,nan,0.5,0.0,0.0,0.0
neg,2,1,218,0.0,0.0,0.0,0.060494710239902424,0.04949747468305831,0.0,0.0,0.0,0.0,0.08555243967310056,0.06999999999999995,0.0,1.5700924586837752e-16,1.5700924586837752e-16,1.5700924586837752e-16,0.0,0.0,0.0,0.7636753236814714,0.3818376618407357,0.0,0.03422500000000002,0.03422500000000002,0.22800625000000002,0.2215547931825785,0.035449999999999995,0.03422499999999998,nan,nan,0.0,0.0,0.0,0.0
neg,2,1,219,0.20903844218827297,0.0,1.5700924586837752e-16,0.10735929963844748,0.2598617420860562,0.012374368670764553,0.2956249999999998,0.0,0.0,0.15182897759556935,0.36749999999999994,0.01750000000000007,0.20152543263816608,0.20417708306761564,0.20903844218827305,0.28500000000000003,0.28875000000000006,0.2956249999999999,0.6752869760331529,0.40732296874600077,0.2956249999999998,0.4415095703124998,0.41966103515624986,0.4806388916015626,0.5475259884780365,0.501278125,0.46751406249999994,nan,nan,0.5,1.0,1.0,1.0
neg,2,1,220,0.04596194077712555,0.0,5.551115123125783e-17,0.02042799625593633,0.09192388155425117,0.0,0.06499999999999995,0.0,0.0,0.028889549357251965,0.1299999999999999,0.0,0.04596194077712555,0.04596194077712555,0.04596194077712555,0.06499999999999995,0.06499999999999995,0.06499999999999995,0.43045125304731063,0.24233138646913965,0.06499999999999995,0.28461249999999993,0.28355624999999995,0.18288986816406255,0.18042601872853034,0.32345,0.3192249999999999,nan,nan,1.0,1.0,0.0,0.0
neg,2,1,221,5.551115123125783e-17,0.0,1.2412670766236366e-16,0.07478329665911089,0.30405591591021547,0.0,0.0,0.0,0.0,0.10575955237428514,0.42999999999999994,0.0,1.2412670766236366e-16,1.2412670766236366e-16,1.2412670766236366e-16,0.0,0.0,0.0,0.6249056178736114,0.3631287949218416,0.0,0.08122500000000006,0.08122500000000007,0.11274904785156258,0.0939791576809701,0.12745,0.08122500000000002,nan,nan,0.0,0.0,0.0,0.0
neg,2,1,222,0.2505809655829828,0.0,1.2412670766236366e-16,0.0403999303131159,0.24748737341529164,0.0,0.3543750000000001,0.0,0.0,0.05713412936773654,0.35,0.0,0.2598617420860563,0.25367455775067393,0.25058096558298276,0.36750000000000005,0.3587500000000001,0.354375,0.5011619311659656,0.30597099677592904,0.26358184805672785,0.1356033203125,0.10420791015624997,0.12436643066406244,0.1169446632268451,0.13625,0.10562499999999997,nan,nan,0.5,0.0,0.0,0.0
neg,2,1,223,0.009590135719842652,0.0,5.551115123125783e-17,0.16640900237847644,0.008396893026590259,1.2412670766236366e-16,0.013562500000000144,0.0,0.0,0.23533786806461798,0.01187500000000008,0.0,0.008131727983645304,0.010783378413094917,0.009590135719842652,0.011500000000000066,0.015249999999999986,0.013562500000000144,0.7024221987611868,0.465084753934177,0.013562500000000088,0.000147869140624999,0.00010188378906249801,0.06504890844726557,0.03197311241793563,0.0001689453125,0.00013369140625000073,nan,nan,0.0,0.0,0.0,0.0
neg,2,1,224,5.551115123125783e-17,0.0,5.551115123125783e-17,0.22203757099506785,4.472450391004091e-05,5.091168824548234e-05,0.0,0.0,0.0,0.3140085442576038,6.324999999995917e-05,7.2000000000072e-05,1.2412670766236366e-16,1.2412670766236366e-16,1.2412670766236366e-16,0.0,0.0,0.0,0.7662461871611703,0.43910238042452027,0.0,0.9998857532632655,0.9998857532632655,0.45413038554575097,0.6369634213861392,0.9998857542634063,0.9998857532632657,nan,nan,1.0,1.0,1.0,1.0
neg,2,1,225,0.13214057973423615,0.0,5.551115123125783e-17,0.1512853094296189,0.10960155108391488,0.0,0.18687500000000012,0.0,0.0,0.21394973638317738,0.15500000000000003,0.0,0.09899494936611666,0.13346640494896084,0.13214057973423607,0.14000000000000012,0.18874999999999997,0.18687500000000012,0.943103669407558,0.5281203771987028,0.18687500000000012,0.3608986328125001,0.3521680664062501,0.13448264160156248,0.09768519073069146,0.3395125,0.33350625,nan,nan,1.0,1.0,0.0,0.0
neg,2,1,226,0.00975807358037438,0.0,5.551115123125783e-17,0.16100789024412435,0.012577661870355732,0.0,0.013800000000000034,0.0,0.0,0.22769954203231935,0.017787500000000067,0.0,0.007937273618818986,0.007406943532929055,0.00975807358037438,0.01122500000000004,0.010475000000000012,0.013800000000000034,0.7001064240528007,0.46348492484174236,0.013800000000000034,0.00018803250000000088,0.00014042250000000065,0.06549760562499998,0.033582068692521075,0.00017624445312500002,9.714566406250021e-05,nan,nan,0.0,0.0,0.0,0.0
neg,2,1,227,0.1767766952966369,0.0,0.0,0.022495550334263946,0.0,0.007071067811865481,0.25,0.0,0.0,0.03181351237576269,0.0,0.010000000000000009,0.1767766952966369,0.1767766952966369,0.1767766952966369,0.25,0.25,0.25,0.4419417382415922,0.2209708691207961,0.25,0.40625,0.390625,0.299072265625,0.30368976368273004,0.25,0.25,nan,nan,0.5,1.0,1.0,1.0
neg,2,1,228,0.0,0.0,0.0,0.015764990003241563,0.0,0.0,0.0,0.0,0.0,0.022295062673260535,0.0,0.0,0.0,0.0,0.0,0.0,0.0,0.0,0.3288046532517445,0.16440232662587226,0.0,0.25,0.25,0.195253515625,0.1925173273079123,0.25,0.25,nan,nan,0.5,0.5,0.0,0.0
neg,2,1,229,0.062313785092064505,0.0,0.0,0.012354464672974175,0.05214912511250787,1.5700924586837752e-16,0.08812500000000001,0.0,0.0,0.01747185149637942,0.07374999999999998,0.0,0.08308504678941929,0.08308504678941929,0.062313785092064505,0.11749999999999994,0.11749999999999994,0.08812500000000001,0.3509017401638244,0.18252193789377769,0.06541036328442153,0.2098205078125,0.20787900390625,0.26057834472656255,0.26160864886415447,0.28959453125,0.288234765625,nan,nan,0.0,0.0,1.0,1.0
neg,2,1,230,0.3204077602251543,0.0,0.0,0.07842244548380274,0.36415999231107193,0.0,0.453125,0.0,0.0,0.1109060859976585,0.5150000000000001,0.0,0.32350135239284544,0.3146625176280136,0.32040776022515444,0.4575,0.44499999999999984,0.453125,0.6408155204503087,0.40879610787347276,0.40839673189804065,0.15433144531249993,0.10300087890624993,0.10031076660156246,0.08634123155423139,0.1802125,0.11390624999999996,nan,nan,0.5,0.0,0.0,0.0
neg,2,1,231,0.16944046244182645,0.0,1.1102230246251565e-16,0.05162908508504389,0.004065863991822687,0.0015909902576698315,0.23962499999999998,0.0,0.0,0.0730145523401835,0.005749999999999922,0.0022500000000000853,0.1681146372271016,0.16979401583241968,0.1694404624418264,0.2377499999999999,0.24012499999999992,0.23962499999999998,0.3664580893499283,0.2104526557506462,0.1695501861544245,0.031434257812499984,0.01707922265624999,0.027753477539062495,0.018586133121735925,2.3281249999999997e-05,1.501562500000035e-05,nan,nan,0.0,0.0,0.0,0.0
neg,2,1,232,0.0,0.0,5.551115123125783e-17,0.02294214542706385,0.0,0.0,0.0,0.0,0.0,0.032445093212889575,0.0,0.0,0.0,0.0,0.0,0.0,0.0,0.0,0.4092380496117143,0.23231404040233028,0.0,0.25,0.25,0.15862795410156244,0.1544049793957406,0.25,0.25,nan,nan,0.5,0.5,0.0,0.0
neg,2,1,233,0.30096232374252424,0.0,5.551115123125783e-17,0.14153926255120328,0.29698484809835,1.2412670766236366e-16,0.4256249999999999,0.0,0.0,0.20016674470819806,0.41999999999999993,0.0,0.30228814895724904,0.29963649852779956,0.30096232374252424,0.4275,0.42375000000000007,0.4256249999999999,1.050937453538506,0.5785017353582441,0.30145545379873284,0.1277658203125,0.08247666015625002,0.17365451660156253,0.16197749289377336,0.1282,0.08410000000000001,nan,nan,0.0,0.0,0.0,0.0
neg,2,1,234,0.3464823227814083,0.0,5.551115123125783e-17,0.21758255455997294,0.3464823227814083,0.0,0.49,0.0,0.0,0.3077081995944977,0.49,0.0,0.3464823227814083,0.3464823227814083,0.3464823227814083,0.49,0.49,0.49,1.0915960934567326,0.5457980467283662,0.49,0.12505,0.065025,0.20067600097656252,0.1325835461364357,0.12505,0.065025,nan,nan,0.0,0.0,0.0,0.0
neg,2,1,235,0.16572815184059708,0.0,5.551115123125783e-17,0.09325282123838319,0.2934493141924172,0.0,0.234375,0.0,0.0,0.13187940452487534,0.41500000000000004,0.0,0.1573312588140069,0.16528621010235553,0.1657281518405971,0.22250000000000014,0.23375000000000012,0.234375,0.8617863895711048,0.4638915112409246,0.234375,0.05090957031250002,0.03717666015625002,0.14451877441406247,0.127808245244373,0.1286125,0.08555624999999999,nan,nan,0.0,0.0,0.0,0.0
neg,2,1,236,0.0,0.0,1.5700924586837752e-16,0.046032059839984464,0.04949747468305835,1.5700924586837752e-16,0.0,0.0,0.0,0.06509916332967591,0.07000000000000006,0.0,0.0,0.0,0.0,0.0,0.0,0.0,0.5444722215136416,0.3098011585073561,0.0,0.013224999999999997,0.013224999999999997,0.12680275878906241,0.1162799672060406,0.014449999999999996,0.013224999999999997,nan,nan,0.0,0.0,0.0,0.0
neg,2,1,237,0.17500892834367054,0.0,5.551115123125783e-17,0.0647673634360618,0.0035355339059327407,0.0,0.24750000000000005,0.0,0.0,0.0915948837704259,0.0050000000000000044,0.0,0.17500892834367054,0.17500892834367054,0.17500892834367054,0.24750000000000005,0.24750000000000005,0.24750000000000005,0.5983891135791158,0.3575308662374481,0.24750000000000005,0.15687812499999998,0.14156406249999998,0.11045236816406245,0.09593405184914655,0.2475125,0.24750625000000007,nan,nan,0.5,0.0,0.0,0.0
neg,2,1,238,0.015909902576697294,0.0,0.0,0.020265455328497214,0.34294678887547553,0.0,0.022499999999999964,0.0,0.0,0.028659681773226864,0.4849999999999999,0.0,0.015909902576697294,0.015909902576697294,0.015909902576697294,0.022499999999999964,0.022499999999999964,0.022499999999999964,0.3429467888754755,0.22273863607376243,0.022499999999999964,0.07235312500000002,0.07222656250000002,0.14726406250000001,0.14461457557362567,0.1251125,0.06630625000000004,nan,nan,0.0,0.0,0.0,0.0
neg,2,1,239,0.007071067811865481,0.0,5.551115123125783e-17,0.03128342499278985,0.0,0.010606601717798222,0.010000000000000009,0.0,0.0,0.044241443902284905,0.0,0.015000000000000124,0.007071067811865481,0.007071067811865481,0.007071067811865481,0.010000000000000009,0.010000000000000009,0.010000000000000009,0.44547727214752486,0.2250956586777176,0.010000000000000009,0.24505,0.245025,0.17535156249999997,0.16819551015955514,0.25,0.25,nan,nan,0.0,0.0,0.0,0.0
neg,2,1,240,0.22406446128848725,0.0,1.5700924586837752e-16,0.07683559140593428,0.24483572298584205,0.026516504294495594,0.316875,0.0,0.0,0.10866193543922986,0.34624999999999995,0.03750000000000009,0.24218407255639254,0.2359968882210103,0.22406446128848725,0.3425,0.3337500000000002,0.316875,0.6213700839676788,0.38537319574666845,0.316875,0.1417673828125,0.11666494140625,0.09668212890625005,0.08057566663001993,0.13681953125000001,0.10684726562500002,nan,nan,0.0,0.0,0.0,0.0
neg,2,1,241,0.16175067619642275,0.0,1.2412670766236366e-16,0.11263587207645383,0.15556349186104043,1.2412670766236366e-16,0.22875,0.0,0.0,0.15929117790024194,0.21999999999999997,0.0,0.16617009357883866,0.16617009357883866,0.16175067619642275,0.23499999999999988,0.23499999999999988,0.22875,0.8670896904300042,0.4874617372804763,0.22875,0.16178828125,0.148706640625,0.13655334472656255,0.11166050238096997,0.1642,0.1521,nan,nan,0.0,0.0,0.0,0.0
neg,2,1,242,0.18649941353795188,0.0,5.551115123125783e-17,0.016474957587705556,0.2209708691207961,0.0,0.26374999999999993,0.0,0.0,0.023299108460054674,0.3125,0.0,0.13788582233137678,0.1484924240491749,0.186499413537952,0.19500000000000006,0.20999999999999996,0.26374999999999993,0.37299882707590376,0.2189084743423353,0.20310480668856654,0.19326640625000002,0.17587539062500004,0.18089072265624997,0.17921300614097577,0.21472812500000002,0.19031406250000002,nan,nan,0.5,0.0,0.0,0.0
neg,2,1,243,0.007071067811865324,0.0,0.0,0.0011162980323815594,0.13435028842544403,0.017677669529663664,0.009999999999999787,0.0,0.0,0.0015786838170444017,0.18999999999999995,0.02499999999999991,0.028284271247461888,0.01679378605318046,0.007071067811865481,0.040000000000000036,0.023749999999999938,0.010000000000000009,0.08573669721886878,0.05480077554195741,0.009999999999999787,0.19749414062499998,0.19746914062499996,0.22296103515625,0.22291817490976723,0.06078125000000001,0.05175625000000002,nan,nan,0.0,0.0,0.0,0.0
neg,2,1,244,0.1131370849898477,0.0,0.0,0.04333943175095378,0.0,1.2412670766236366e-16,0.16000000000000014,0.0,0.0,0.061291212167742026,0.0,0.0,0.11313708498984758,0.11313708498984758,0.11313708498984758,0.16000000000000014,0.16000000000000014,0.16000000000000014,0.6434671708797584,0.3217335854398791,0.1600000000000001,0.18279999999999996,0.17639999999999995,0.28488906249999996,0.2921406906179583,0.25,0.25,nan,nan,0.0,0.0,1.0,1.0
neg,2,1,245,0.003093592167691158,0.0,1.5700924586837752e-16,5.0755804968497355e-06,0.167937860531805,0.0,0.004375000000000018,0.0,0.0,7.177954775561268e-06,0.23750000000000004,0.0,0.005303300858899111,0.0026516504294494966,0.003093592167691158,0.00749999999999984,0.00374999999999992,0.004375000000000018,0.006187184335382316,0.0030935921676911574,0.004375000000000018,0.24782207031249998,0.24781728515624998,0.2489074462890626,0.24890742801023602,0.159453125,0.14535156249999998,nan,nan,0.5,0.0,0.0,0.0
neg,2,1,246,0.05303300858899119,0.0,1.2412670766236366e-16,0.005286783573266731,0.2262741699796952,0.0,0.07500000000000018,0.0,0.0,0.007476641030645048,0.32000000000000006,0.0,0.05303300858899111,0.05303300858899111,0.05303300858899111,0.07500000000000007,0.07500000000000007,0.07500000000000007,0.24218407255639274,0.12109203627819637,0.07500000000000018,0.2903125000000001,0.2889062500000001,0.24471572265624997,0.24459670331592676,0.46120000000000005,0.43560000000000004,nan,nan,0.5,1.0,0.0,0.0
neg,2,1,247,0.10562407543974056,0.0,0.0,0.006140342100286281,0.05568465901844065,0.09545941546018392,0.14937500000000004,0.0,0.0,0.008683755075835409,0.0787500000000001,0.135,0.06540737725975566,0.06540737725975566,0.10562407543974056,0.09250000000000003,0.09250000000000003,0.14937500000000004,0.21124815087948112,0.10562407543974056,0.14937500000000004,0.1864689453125,0.18089072265624997,0.21405080566406248,0.21334377875989702,0.21372578124999997,0.21217539062499996,nan,nan,0.5,0.0,0.0,0.0
neg,2,1,248,0.15291184143159095,0.0,1.5700924586837752e-16,0.013449353918045344,0.12904698756654492,0.0,0.21625000000000005,0.0,0.0,0.019020258716055505,0.1825000000000001,0.0,0.16617009357883866,0.16617009357883866,0.15291184143159095,0.23499999999999988,0.23499999999999988,0.21625000000000005,0.3058236828631819,0.15291184143159095,0.21625000000000005,0.38150703125,0.36981601562500005,0.30698525390625014,0.309712405947764,0.357903125,0.3495765625000001,nan,nan,1.0,1.0,1.0,1.0
neg,2,1,249,0.16970562748477142,0.0,5.551115123125783e-17,0.11251517071719094,0.33941125496954283,0.0,0.24,0.0,0.0,0.1591204804009756,0.48,0.0,0.16970562748477142,0.16970562748477142,0.16970562748477142,0.24,0.24,0.24,0.9369164850721753,0.4684582425360877,0.24,0.1588,0.1444,0.297706640625,0.3299423570368923,0.1252,0.06760000000000001,nan,nan,0.0,0.0,1.0,1.0
neg,2,1,250,0.09899494936611673,0.0,5.551115123125783e-17,0.026961921134830355,0.19798989873223333,0.0,0.14000000000000012,0.0,0.0,0.038129914536510934,0.28,0.0,0.09899494936611666,0.09899494936611666,0.09899494936611666,0.14000000000000012,0.14000000000000012,0.14000000000000012,0.5250267850310116,0.2625133925155058,0.14000000000000012,0.18979999999999997,0.18489999999999995,0.2733329101562499,0.2762156403389392,0.1492,0.1296,nan,nan,0.0,0.0,1.0,1.0
neg,2,1,251,0.30759144981614817,0.0,1.5700924586837752e-16,0.04047462646338121,0.40128309832336573,0.0,0.43500000000000005,0.0,0.0,0.05723976567649869,0.5675,0.0,0.311126983722081,0.3075914498161482,0.30759144981614817,0.44000000000000006,0.43500000000000005,0.43499999999999994,0.6151828996322964,0.3075914498161482,0.3265348373451139,0.3808124999999999,0.3335062499999999,0.29025156249999984,0.2979114057340768,0.334278125,0.25376406249999994,nan,nan,0.5,1.0,1.0,1.0
neg,2,1,252,0.11313708498984766,0.0,0.0,0.07952902172309587,0.2262741699796952,0.0,0.16000000000000014,0.0,0.0,0.11247102112306662,0.32000000000000006,0.0,0.11313708498984763,0.11313708498984763,0.11313708498984763,0.16000000000000003,0.16000000000000003,0.16000000000000003,0.8069856140291476,0.44120516867785636,0.1600000000000001,0.18279999999999996,0.17639999999999995,0.16389846191406246,0.14980933737850963,0.1412,0.11559999999999998,nan,nan,0.5,0.0,0.0,0.0
neg,2,1,253,0.049497474683058214,0.0,0.0,0.028083229544913303,0.3323401871576773,1.2412670766236366e-16,0.06999999999999984,0.0,0.0,0.03971568409765325,0.47,0.0,0.049497474683058366,0.049497474683058366,0.049497474683058366,0.07000000000000006,0.07000000000000006,0.07000000000000006,0.3623922253581054,0.1965167596047612,0.06519202405202643,0.09122500000000003,0.09000000000000002,0.06359853515625001,0.05713013288508438,0.12545,0.07022500000000001,nan,nan,0.0,0.0,0.0,0.0
neg,2,1,254,0.22008698564431292,0.0,5.551115123125783e-17,0.03148118752575035,0.0017677669529664096,0.0,0.31125,0.0,0.0,0.0445211223585269,0.0025000000000000577,0.0,0.1803122292025697,0.20682873349706513,0.22008698564431292,0.2550000000000001,0.2925,0.31125,0.540936687607709,0.28785138550802375,0.24868717799677573,0.19904765624999998,0.17482851562499999,0.24533447265625005,0.24178574769017058,0.24875312499999996,0.24875156250000002,nan,nan,0.5,0.0,0.0,0.0
neg,2,1,255,0.13081475451951133,0.0,1.5700924586837752e-16,0.047819850367507806,0.26162950903902255,0.0,0.18500000000000005,0.0,0.0,0.06762748094038162,0.3700000000000001,0.0,0.13081475451951133,0.13081475451951133,0.13081475451951133,0.18500000000000005,0.18500000000000005,0.18500000000000005,0.6814741603685353,0.3407370801842677,0.18500000000000005,0.17461249999999998,0.16605625,0.27875100097656236,0.28549869719845455,0.13345,0.09922499999999998,nan,nan,0.0,0.0,1.0,1.0
neg,2,1,256,0.1520279579551078,0.0,5.551115123125783e-17,0.05217899808156992,0.30405591591021547,5.551115123125783e-17,0.21500000000000008,0.0,0.0,0.0737922467579959,0.43000000000000016,0.0,0.1520279579551078,0.1520279579551078,0.1520279579551078,0.21500000000000008,0.21500000000000008,0.21500000000000008,0.5594982406138557,0.3304251062919638,0.21500000000000008,0.16561249999999997,0.15405624999999998,0.12064768066406255,0.10926759426208998,0.12745,0.08122499999999996,nan,nan,0.0,0.0,0.0,0.0
neg,2,1,257,0.2001996074234413,0.0,1.5700924586837752e-16,0.05741141742154328,0.15556349186104043,0.0,0.28312500000000007,0.0,0.0,0.08119200515260949,0.21999999999999997,0.0,0.20152543263816608,0.1988737822087165,0.20019960742344126,0.28500000000000014,0.28125,0.28312500000000007,0.7539526054401564,0.39111843834380916,0.23105143502043005,0.1485173828125,0.12847744140624998,0.22726076660156236,0.22612878343378268,0.1642,0.1521,nan,nan,0.0,0.0,0.0,0.0
neg,2,1,258,0.0,0.0,5.551115123125783e-17,0.04951893338160149,0.0,0.0,0.0,0.0,0.0,0.07003034718251056,0.0,0.0,0.0,0.0,0.0,0.0,0.0,0.0,0.5444722215136416,0.3293939089027334,0.0,0.25,0.25,0.11773476562499993,0.10780935030819287,0.25,0.25,nan,nan,0.5,0.5,0.0,0.0
neg,2,1,259,0.157478572726754,0.0,1.5700924586837752e-16,0.0233785021655196,0.061282587702834124,1.5700924586837752e-16,0.22270833333333329,0.0,0.0,0.03306219483044659,0.08666666666666667,0.0,0.15733125881400684,0.16057216489444515,0.157478572726754,0.22250000000000014,0.2270833333333333,0.22270833333333329,0.4092380496117143,0.22033250883222485,0.22270833333333329,0.1160703342013889,0.10367058376736113,0.16891243760850705,0.16417849085143257,0.10642222222222225,0.10454444444444447,nan,nan,0.0,0.0,0.0,0.0
neg,2,1,260,0.1520279579551078,0.0,5.551115123125783e-17,0.06300852634392246,0.30405591591021547,0.0,0.21500000000000008,0.0,0.0,0.08910751250071758,0.43000000000000016,0.0,0.1520279579551078,0.1520279579551078,0.1520279579551078,0.21500000000000008,0.21500000000000008,0.21500000000000008,0.7371588193869758,0.41807688437654617,0.21500000000000008,0.3806125000000001,0.36905625000000003,0.1803594726562501,0.1772599557194776,0.55745,0.5112250000000002,nan,nan,1.0,1.0,0.0,0.0
neg,2,1,261,0.10429825022501574,0.0,0.0,0.005981413965651312,0.2660489264214385,0.0,0.14749999999999996,0.0,0.0,0.008458996752391812,0.37625,0.0,0.09369164850721752,0.11755650237226349,0.10429825022501574,0.13249999999999995,0.16625,0.14749999999999996,0.20859650045003147,0.10429825022501575,0.14749999999999996,0.33462812499999994,0.32918906249999996,0.288234765625,0.2890249227366346,0.5089070312499999,0.473516015625,nan,nan,0.5,1.0,1.0,1.0
neg,2,1,262,0.12462757018412901,0.0,0.0,0.047432035929373645,0.1608667927199396,0.001767766952966331,0.17625000000000002,0.0,0.0,0.0670790285022882,0.22750000000000004,0.0024999999999999467,0.12551145366061217,0.12462757018412901,0.12462757018412901,0.1775,0.17625000000000002,0.17625000000000002,0.6885452281804005,0.3616556557943696,0.17625000000000002,0.44584453125,0.438078515625,0.2721904541015625,0.2717799269506796,0.38962812500000005,0.3766890625,nan,nan,1.0,1.0,1.0,1.0
neg,2,1,263,0.15291184143159095,0.0,5.551115123125783e-17,0.036353905000159906,0.15556349186104043,0.017677669529663705,0.21625000000000005,0.0,0.0,0.051412185496449214,0.21999999999999997,0.02499999999999991,0.16617009357883866,0.15733125881400678,0.15291184143159095,0.23499999999999988,0.22249999999999992,0.21625000000000005,0.6169506665852628,0.3084753332926314,0.21625000000000005,0.38150703125,0.36981601562500005,0.24906337890624997,0.24890286755479554,0.3842,0.3721,nan,nan,1.0,1.0,0.0,0.0
neg,2,1,264,0.134350288425444,0.0,1.5700924586837752e-16,0.06568947311044897,0.0,1.5700924586837752e-16,0.18999999999999995,0.0,0.0,0.09289894377793972,0.0,0.0,0.13435028842544403,0.13435028842544403,0.13435028842544403,0.18999999999999995,0.18999999999999995,0.18999999999999995,0.7495331880577402,0.42426406871192834,0.18999999999999995,0.17305,0.16402500000000003,0.34809999999999985,0.3574248585924973,0.25,0.25,nan,nan,0.5,0.0,1.0,1.0
neg,2,1,265,5.551115123125783e-17,0.0,1.2412670766236366e-16,0.06449116963341357,0.16970562748477142,1.2412670766236366e-16,0.0,0.0,0.0,0.09120428674887737,0.24,0.0,1.2412670766236366e-16,1.2412670766236366e-16,1.2412670766236366e-16,0.0,0.0,0.0,0.7645592071579544,0.41999196524225973,0.0,0.14439999999999995,0.14439999999999992,0.24025314941406253,0.24440193631978546,0.1588,0.1444,nan,nan,0.0,0.0,0.0,0.0
neg,2,1,266,0.33057242020471095,0.0,5.551115123125783e-17,0.04647935467013195,0.5055813485483815,0.004124789556921623,0.4675,0.0,0.0,0.06573173374484986,0.715,0.005833333333333468,0.33941125496954283,0.3305724202047109,0.3305724202047109,0.48,0.4674999999999999,0.4674999999999999,0.6611448404094219,0.36749910766667515,0.3445740123688959,0.31601562500000013,0.2613765625000001,0.2565000434027779,0.2575822782348606,0.5278625,0.40005625000000006,nan,nan,0.5,1.0,1.0,1.0
neg,2,1,267,0.0,0.0,5.551115123125783e-17,0.013792391569556745,0.0,0.010606601717798222,0.0,0.0,0.0,0.019505387215227543,0.0,0.015000000000000013,0.0,0.0,0.0,0.0,0.0,0.0,0.32703688629877814,0.1835531352830079,0.0,0.25,0.25,0.33531337890625,0.33827442592949125,0.25,0.25,nan,nan,0.5,0.5,1.0,1.0
neg,2,1,268,0.09545941546018392,0.0,1.5700924586837752e-16,0.026355529599488583,0.19091883092036782,0.0,0.135,0.0,0.0,0.03727234740312224,0.27,0.0,0.09545941546018392,0.09545941546018392,0.09545941546018392,0.135,0.135,0.135,0.517955717219146,0.25897785860957295,0.135,0.1916125,0.18705625,0.27464150390624986,0.27760571128771866,0.15145,0.13322499999999998,nan,nan,0.5,0.0,1.0,1.0
neg,2,1,269,0.0989949493661167,0.0,1.5700924586837752e-16,0.03802562946567215,0.0,0.0,0.14000000000000012,0.0,0.0,0.05377636090812754,0.0,0.0,0.09899494936611666,0.09899494936611666,0.09899494936611666,0.14,0.14,0.14,0.6010407640085658,0.3005203820042829,0.14000000000000007,0.3298000000000001,0.3249000000000001,0.2150640625000001,0.20935494235702565,0.25,0.25,nan,nan,0.5,1.0,0.0,0.0
neg,2,1,270,0.0,0.0,5.551115123125783e-17,0.001405674800885323,0.0,0.0,0.0,0.0,0.0,0.001987924367698124,0.0,0.0,0.0,0.0,0.0,0.0,0.0,0.0,0.1025304832720494,0.0512652416360247,0.0,0.25,0.25,0.23220351562500005,0.23212230066868952,0.25,0.25,nan,nan,0.5,0.5,0.0,0.0
neg,2,1,271,0.0,0.0,5.551115123125783e-17,0.0013096423121081212,0.0,0.0,0.0,0.0,0.0,0.0018521139196410186,0.0,0.0,0.0,0.0,0.0,0.0,0.0,0.0,0.09899494936611673,0.049497474683058366,0.0,0.25,0.25,0.2678062500000001,0.26788470806171566,0.25,0.25,nan,nan,0.5,0.5,1.0,1.0
neg,2,1,272,0.0,0.0,5.551115123125783e-17,0.0226364247337453,0.0,0.0,0.0,0.0,0.0,0.03201273886210032,0.0,0.0,0.0,0.0,0.0,0.0,0.0,0.0,0.42426406871192857,0.21213203435596428,0.0,0.25,0.25,0.30802499999999994,0.313297182416653,0.25,0.25,nan,nan,0.5,0.5,1.0,1.0
neg,2,1,273,0.0,0.0,0.0,0.0632860313250722,0.0,0.0,0.0,0.0,0.0,0.08949996380868563,0.0,0.0,0.0,0.0,0.0,0.0,0.0,0.0,0.5718726092846202,0.2859363046423101,0.0,0.25,0.25,0.15912619628906252,0.14092619720234276,0.25,0.25,nan,nan,0.5,0.5,0.0,0.0
neg,2,1,274,0.29786873157483323,0.0,0.0,0.03521757878101072,0.10606601717798214,0.0,0.4212500000000001,0.0,0.0,0.049805177546048296,0.15000000000000002,0.0,0.29168154723945083,0.29168154723945083,0.2978687315748331,0.4125,0.4125,0.4212499999999999,0.5957374631496665,0.31849267935944087,0.30180964613477823,0.3299195312500001,0.285556640625,0.29058837890625,0.29249372064300616,0.18625,0.18062500000000004,nan,nan,0.5,1.0,1.0,1.0
neg,2,1,275,0.3075914498161482,0.0,1.2412670766236366e-16,0.12523677026008947,0.33941125496954283,0.0,0.43500000000000005,0.0,0.0,0.17711153900962195,0.48,0.0,0.3075914498161481,0.3075914498161481,0.3075914498161481,0.43499999999999994,0.43499999999999994,0.43499999999999994,0.6788225099390857,0.35001785668734103,0.435,0.10371250000000004,0.05640625000000002,0.13597656249999995,0.09421959576620849,0.1252,0.06760000000000001,nan,nan,0.0,0.0,0.0,0.0
neg,2,1,276,0.34604038104316664,0.0,5.551115123125783e-17,0.06949609665091148,0.4799487277303692,5.551115123125783e-17,0.4893749999999999,0.0,0.0,0.09828232241571044,0.67875,0.0,0.3553211575462402,0.3438306723519587,0.3460403810431668,0.5025000000000001,0.48625000000000007,0.4893750000000001,0.6920807620863333,0.4048480950118478,0.3686143182582576,0.17568457031249998,0.11581259765625002,0.12800742285156247,0.11455496815264896,0.34617578125000004,0.23100039062499997,nan,nan,0.5,0.0,0.0,0.0
neg,2,1,277,0.0,0.0,0.0,0.07172547041016501,0.0,0.0,0.0,0.0,0.0,0.10143513302164553,0.0,0.0,0.0,0.0,0.0,0.0,0.0,0.0,0.5939696961966998,0.2969848480983499,0.0,0.25,0.25,0.15602500000000002,0.13464887706383555,0.25,0.25,nan,nan,0.5,0.5,0.0,0.0
neg,2,1,278,0.0,0.0,5.551115123125783e-17,0.03311447188205279,0.09811106588963349,0.0,0.0,0.0,0.0,0.04683093524642157,0.13875000000000004,0.0,1.5700924586837752e-16,1.5700924586837752e-16,0.0,0.0,0.0,0.0,0.5365172702252927,0.26825863511264636,0.0,0.044362890625000026,0.044362890625000026,0.20264064941406254,0.19646827194632915,0.04917578125,0.044362890625000026,nan,nan,0.0,0.0,0.0,0.0
neg,2,1,279,0.4220543600207206,0.0,5.551115123125783e-17,0.0975822298948907,0.29698484809835,5.551115123125783e-17,0.596875,0.0,0.0,0.1380021129639637,0.41999999999999993,0.0,0.4260318356648949,0.4233801852354454,0.4220543600207206,0.6025,0.5987500000000001,0.596875,0.8441087200414412,0.42205436002072055,0.4567313385623982,0.23086425781250003,0.14179931640625001,0.19209045410156247,0.16634309715482726,0.1282,0.08410000000000001,nan,nan,0.5,0.0,0.0,0.0
neg,2,1,280,0.0,0.0,0.0,0.05411486815866543,0.0,1.2412670766236366e-16,0.0,0.0,0.0,0.07652998047601667,0.0,0.0,0.0,0.0,0.0,0.0,0.0,0.0,0.7371588193869761,0.368579409693488,0.0,0.25,0.25,0.24224853515625,0.24018266554759396,0.25,0.25,nan,nan,0.5,0.5,0.0,0.0
neg,2,1,281,0.0,0.0,0.0,0.0005847024876759909,0.10606601717798214,0.0,0.0,0.0,0.0,0.0008268941880247294,0.15000000000000002,0.0,0.0,0.0,0.0,0.0,0.0,0.0,0.06629126073623882,0.03314563036811941,0.0,0.25,0.25,0.2618560791015625,0.2618792433289788,0.33625000000000005,0.33062499999999995,nan,nan,0.5,0.5,1.0,1.0
neg,2,1,282,0.04419417382415922,0.0,5.551115123125783e-17,0.07115726329998068,0.08838834764831845,0.0,0.0625,0.0,0.0,0.10063156682018604,0.125,0.0,0.04419417382415922,0.04419417382415922,0.04419417382415922,0.0625,0.0625,0.0625,0.6045762979144981,0.3170195402319688,0.0625,0.220703125,0.2197265625,0.14250624999999997,0.12160998135245206,0.1953125,0.19140625,nan,nan,0.0,0.0,0.0,0.0
neg,2,1,283,0.14849242404917495,0.0,0.0,0.05036144462963973,0.29698484809834996,0.10076271631908307,0.20999999999999996,0.0,0.0,0.07122183801593818,0.42000000000000004,0.14250000000000007,0.14849242404917495,0.14849242404917495,0.14849242404917495,0.20999999999999996,0.20999999999999996,0.20999999999999996,0.6434671708797584,0.37123106012293744,0.20999999999999996,0.37705,0.366025,0.31500156250000005,0.3156925222432388,0.5482,0.5041,nan,nan,0.5,1.0,1.0,1.0
neg,2,1,284,0.0,0.0,5.551115123125783e-17,0.0036235638550140624,0.04861359120657517,0.0,0.0,0.0,0.0,0.005124493147885767,0.06875000000000009,0.0,1.2412670766236366e-16,1.2412670766236366e-16,5.551115123125783e-17,0.0,0.0,0.0,0.16351844314938893,0.08175922157469447,0.0,0.1477441406250001,0.1477441406250001,0.2219293212890626,0.22160174321314155,0.14892578125000003,0.14774414062500008,nan,nan,0.0,0.0,0.0,0.0
neg,2,1,285,0.21522562652365546,0.0,5.551115123125783e-17,0.017668773964905116,0.31819805153394637,0.0,0.30437500000000006,0.0,0.0,0.024987419771673403,0.44999999999999996,0.0,0.21213203435596426,0.21831921869134657,0.21522562652365543,0.2999999999999998,0.30874999999999986,0.30437499999999984,0.43045125304731086,0.21522562652365543,0.22155787195448512,0.23735644531249997,0.21419541015624996,0.23175197753906254,0.23037460435877408,0.30565,0.255025,nan,nan,0.5,0.0,0.0,0.0
neg,2,1,286,0.0,0.0,0.0,0.004972953827112177,0.0,0.0,0.0,0.0,0.0,0.007032818747357172,0.0,0.0,0.0,0.0,0.0,0.0,0.0,0.0,0.19798989873223344,0.11681993280852761,0.0,0.25,0.25,0.19899963378906246,0.1985536269688816,0.25,0.25,nan,nan,0.5,0.5,0.0,0.0
neg,2,1,287,0.17324116139070417,0.0,5.551115123125783e-17,0.016566442888991263,0.3464823227814083,0.010606601717798184,0.2450000000000001,0.0,0.0,0.023428488213890764,0.49,0.014999999999999902,0.17324116139070414,0.17324116139070414,0.17324116139070414,0.245,0.245,0.245,0.3464823227814084,0.1803122292025697,0.21708293346092414,0.1575125,0.14250624999999997,0.18597656249999991,0.1829814169959173,0.12505,0.065025,nan,nan,0.5,0.0,0.0,0.0
neg,2,1,288,0.261187567300781,0.0,5.551115123125783e-17,0.07848839634280509,0.22539028650321202,0.0,0.369375,0.0,0.0,0.11099935459690968,0.3187500000000001,0.0,0.2616295090390225,0.26339727599198887,0.26118756730078097,0.3699999999999999,0.37249999999999983,0.3693749999999998,0.6213700839676787,0.32718420021152544,0.36937499999999995,0.09428769531249998,0.06017822265624997,0.13887268066406244,0.11534741231203993,0.06565078125,0.04025039062499998,nan,nan,0.0,0.0,0.0,0.0
neg,2,1,289,0.0,0.0,1.2412670766236366e-16,0.11066700072085049,0.2333452377915607,0.0,0.0,0.0,0.0,0.15650677332657992,0.32999999999999996,0.0,0.0,0.0,0.0,0.0,0.0,0.0,0.8582508556651721,0.429125427832586,0.0,0.44222500000000003,0.44222500000000003,0.18557248535156243,0.15349538313372452,0.46945,0.44222500000000003,nan,nan,1.0,1.0,0.0,0.0
neg,2,1,290,0.0,0.0,1.2412670766236366e-16,0.05237085588144528,0.0,0.0,0.0,0.0,0.0,0.07406357466062674,0.0,0.0,0.0,0.0,0.0,0.0,0.0,0.0,0.5559627067079229,0.33572840715086283,0.0,0.25,0.25,0.11591896972656243,0.10519259010209558,0.25,0.25,nan,nan,0.5,0.5,0.0,0.0
neg,2,1,291,0.0,0.0,0.0,0.04920315108338582,0.0,1.5700924586837752e-16,0.0,0.0,0.0,0.06958376357361673,0.0,0.0,0.0,0.0,0.0,0.0,0.0,0.0,0.7000357133746822,0.3500178566873411,0.0,0.25,0.25,0.26910156250000006,0.2737606489505319,0.25,0.25,nan,nan,0.5,0.5,1.0,1.0
neg,2,1,292,0.0,0.0,5.551115123125783e-17,0.0014116735987655968,0.0,0.0,0.0,0.0,0.0,0.0019964079490182307,0.0,0.0,0.0,0.0,0.0,0.0,0.0,0.0,0.10606601717798207,0.06290304074305328,0.0,0.25,0.25,0.2800724853515626,0.280151606987504,0.25,0.25,nan,nan,0.5,0.5,1.0,1.0
neg,2,1,293,0.0,0.0,1.5700924586837752e-16,0.036550034588912345,0.26870057685088805,0.0,0.0,0.0,0.0,0.05168955462084557,0.38,0.0,0.0,0.0,0.0,0.0,0.0,0.0,0.6010407640085651,0.3252691193458117,0.0,0.4760999999999999,0.4760999999999999,0.2139062499999999,0.2132347942131169,0.5122,0.4760999999999999,nan,nan,1.0,1.0,0.0,0.0
neg,2,1,294,0.028284271247461926,0.0,1.2412670766236366e-16,0.016998635405016557,0.08485281374238571,0.0,0.040000000000000036,0.0,0.0,0.02403970073160988,0.12,0.0,0.028284271247461888,0.028284271247461888,0.028284271247461888,0.040000000000000036,0.040000000000000036,0.040000000000000036,0.35001785668734103,0.21389980130893063,0.040000000000000036,0.23079999999999998,0.2304,0.14203476562500003,0.13973146870918357,0.1972,0.19359999999999997,nan,nan,0.0,0.0,0.0,0.0
neg,2,1,295,0.0,0.0,0.0,0.133679233151271,0.0,0.0017677669529663704,0.0,0.0,0.0,0.18905098453016245,0.0,0.0024999999999999467,0.0,0.0,0.0,0.0,0.0,0.0,0.6810322186302935,0.34051610931514675,0.0,0.25,0.25,0.14410327758789065,0.09836431456068816,0.25,0.25,nan,nan,0.5,0.5,0.0,0.0
neg,2,1,296,0.134350288425444,0.0,5.551115123125783e-17,0.03521271105136284,0.26870057685088805,1.2412670766236366e-16,0.18999999999999995,0.0,0.0,0.04979829353676224,0.38,0.0,0.134350288425444,0.134350288425444,0.134350288425444,0.18999999999999995,0.18999999999999995,0.18999999999999995,0.5453561049901247,0.2832846542128605,0.18999999999999995,0.17305,0.16402500000000003,0.08841330566406251,0.08219900274006484,0.1322,0.09610000000000003,nan,nan,0.5,0.0,0.0,0.0
neg,2,1,297,0.1626345596729059,0.0,0.0,0.04839444723326697,0.3252691193458119,1.2412670766236366e-16,0.22999999999999998,0.0,0.0,0.0684400836208352,0.45999999999999996,0.0,0.1626345596729059,0.1626345596729059,0.1626345596729059,0.22999999999999998,0.22999999999999998,0.22999999999999998,0.5957374631496665,0.3143678898025193,0.1746424919657299,0.16145,0.148225,0.08832041015624996,0.07807409140919569,0.1258,0.0729,nan,nan,0.5,0.0,0.0,0.0
neg,2,1,298,0.0,0.0,1.5700924586837752e-16,0.10679115864675987,0.26870057685088805,0.0,0.0,0.0,0.0,0.1510255048997846,0.38,0.0,0.0,0.0,0.0,0.0,0.0,0.0,0.8776962921478021,0.43884814607390094,0.0,0.4760999999999999,0.4760999999999999,0.1934625244140626,0.1650482922572111,0.5122,0.4760999999999999,nan,nan,1.0,1.0,0.0,0.0
neg,2,1,299,0.17324116139070422,0.0,5.551115123125783e-17,0.057505880527625314,0.0,0.022980970388562814,0.2450000000000001,0.0,0.0,0.08132559615837454,0.0,0.03249999999999997,0.17324116139070414,0.17324116139070414,0.17324116139070414,0.2450000000000001,0.2450000000000001,0.2450000000000001,0.7557203723931227,0.37786018619656137,0.2450000000000001,0.4025125000000001,0.38750625000000005,0.2390293212890626,0.23590969963972983,0.25,0.25,nan,nan,1.0,1.0,0.0,0.0
neg,2,1,300,0.31819805153394637,0.0,0.0,0.13532804559221664,0.3341079541106437,0.0,0.44999999999999996,0.0,0.0,0.19138275744595734,0.47250000000000003,0.0,0.3235013523928455,0.32084970196339596,0.31819805153394637,0.4575,0.45375,0.44999999999999996,0.9758073580374355,0.48790367901871784,0.44999999999999996,0.12625,0.07562500000000001,0.20025625,0.16468615423352007,0.125378125,0.06956406250000002,nan,nan,0.5,0.0,0.0,0.0
neg,2,1,301,0.1131370849898477,0.0,0.0,0.044633688491710365,0.0,1.5700924586837752e-16,0.16000000000000014,0.0,0.0,0.06312156760371268,0.0,0.0,0.11313708498984763,0.11313708498984763,0.11313708498984763,0.16000000000000014,0.16000000000000014,0.16000000000000014,0.6425832874032753,0.35664698276096507,0.16000000000000014,0.3428000000000001,0.3364000000000001,0.18396057128906254,0.1798849028191829,0.25,0.25,nan,nan,1.0,1.0,0.0,0.0
neg,2,1,302,0.35929863319041444,0.0,5.551115123125783e-17,0.15742091374832834,0.6319766856854768,0.0,0.5081249999999999,0.0,0.0,0.22262679122405116,0.89375,0.0,0.3464823227814083,0.3464823227814083,0.3592986331904145,0.49,0.49,0.508125,0.7185972663808289,0.35929863319041444,0.4903351054381075,0.6061517578125,0.5416040039062501,0.38188537597656247,0.4885662080128085,0.49468203125,0.294984765625,nan,nan,0.5,1.0,1.0,1.0
neg,2,1,303,0.17320580605164482,0.0,1.5700924586837752e-16,0.015749646410518403,0.0,0.03535533905932741,0.24495,0.0,0.0,0.022273363556335912,0.0,0.050000000000000044,0.17320580605164482,0.17320580605164482,0.17320580605164482,0.24495,0.24495,0.24495,0.34641161210328963,0.19824917121866836,0.17471906736243759,0.40247525125,0.387475125625,0.3455088400000001,0.34905079491505747,0.25,0.25,nan,nan,0.5,1.0,1.0,1.0
neg,2,1,304,0.11667261889578037,0.0,0.0,0.0727337951200315,0.03535533905932733,0.0,0.16500000000000004,0.0,0.0,0.10286111950161458,0.04999999999999993,0.0,0.11667261889578037,0.11667261889578037,0.11667261889578037,0.16500000000000004,0.16500000000000004,0.16500000000000004,0.7636753236814714,0.44312024954356977,0.16500000000000004,0.16086250000000005,0.15405625000000006,0.35105625,0.3625998711416621,0.22625000000000003,0.22562500000000008,nan,nan,0.0,0.0,1.0,1.0
neg,2,1,305,0.008838834764831813,0.0,5.551115123125783e-17,0.006764304478986532,0.1767766952966369,0.0,0.012499999999999956,0.0,0.0,0.009566171134203882,0.25,0.0,0.0,0.0,0.008838834764831813,0.0,0.0,0.012499999999999956,0.22627416997969538,0.11608336324479163,0.012499999999999956,0.243828125,0.24378906250000001,0.20873476562499993,0.20790095841338382,0.40625,0.390625,nan,nan,0.0,0.0,0.0,0.0
neg,2,1,306,0.0,0.0,1.5700924586837752e-16,0.003629502059906935,0.09192388155425117,0.0,0.0,0.0,0.0,0.005132891037781473,0.1299999999999999,0.0,0.0,0.0,0.0,0.0,0.0,0.0,0.16970562748477155,0.1001734606680943,0.0,0.18922500000000006,0.18922500000000006,0.2058890624999999,0.20560637672629162,0.19345,0.18922500000000006,nan,nan,0.0,0.0,0.0,0.0
neg,2,1,307,0.0,0.0,1.5700924586837752e-16,0.039047979167070396,0.1626345596729059,0.16617009357883858,0.0,0.0,0.0,0.055222181721332975,0.22999999999999998,0.23499999999999988,0.0,0.0,0.0,0.0,0.0,0.0,0.48260037815981877,0.24130018907990938,0.0,0.25,0.25,0.3425907226562501,0.3564869179116473,0.16145,0.148225,nan,nan,0.5,0.5,1.0,1.0
neg,2,1,308,0.17987028746432804,0.0,5.551115123125783e-17,0.04586729415108398,0.33941125496954283,1.2412670766236366e-16,0.254375,0.0,0.0,0.0648661494578191,0.48,0.0,0.31643028458098,0.17235727791422098,0.17987028746432804,0.4475,0.24375000000000002,0.254375,0.5860147449083511,0.35075442625107695,0.24517930301108218,0.15516582031249998,0.13898916015624999,0.1723547119140624,0.16941544055784444,0.1252,0.06760000000000001,nan,nan,0.5,0.0,0.0,0.0
neg,2,1,309,0.17324116139070422,0.0,5.551115123125783e-17,0.021720571375426607,0.0,0.0,0.2450000000000001,0.0,0.0,0.030717526621621083,0.0,0.0,0.17324116139070408,0.17324116139070408,0.17324116139070408,0.2450000000000001,0.2450000000000001,0.2450000000000001,0.3464823227814084,0.22774730910716723,0.2316584231147229,0.15751249999999997,0.14250624999999997,0.14511337890624995,0.14224157100367055,0.25,0.25,nan,nan,0.0,0.0,0.0,0.0
neg,2,1,310,0.0,0.0,5.551115123125783e-17,0.028746441923605915,0.054800775541957406,0.0,0.0,0.0,0.0,0.040653608038333955,0.07750000000000001,0.0,5.551115123125783e-17,1.2412670766236366e-16,5.551115123125783e-17,0.0,0.0,0.0,0.44370950519455854,0.27488776118627034,0.0,0.05118906250000003,0.05118906250000003,0.14846572265624997,0.1446603075192294,0.052690625000000005,0.051189062500000014,nan,nan,0.0,0.0,0.0,0.0
neg,2,1,311,0.15954096750521476,0.0,5.551115123125783e-17,0.020690588709001756,0.15556349186104043,0.0,0.22562499999999996,0.0,0.0,0.02926091116575391,0.21999999999999997,0.0,0.16086679271993948,0.15821514229049005,0.15954096750521476,0.22750000000000004,0.2237499999999999,0.22562499999999996,0.33941125496954283,0.22288594998650968,0.22562499999999996,0.16264082031250002,0.14991416015625,0.14714416503906247,0.14445252226252212,0.1642,0.1521,nan,nan,0.0,0.0,0.0,0.0
neg,2,1,312,0.0,0.0,5.551115123125783e-17,0.0018398627730389688,0.056568542494923775,0.0,0.0,0.0,0.0,0.002601958886537137,0.08000000000000007,0.0,0.0,0.0,0.0,0.0,0.0,0.0,0.12020815280171303,0.0618718433538229,0.0,0.25,0.25,0.22740976562499995,0.22728495495982837,0.2132,0.21159999999999995,nan,nan,0.5,0.5,0.0,0.0
neg,2,1,313,0.0,0.0,5.551115123125783e-17,0.033147881926392384,0.0,0.0,0.0,0.0,0.0,0.04687818418424605,0.0,0.0,0.0,0.0,0.0,0.0,0.0,0.0,0.45254833995939053,0.22627416997969527,0.0,0.25,0.25,0.17639999999999995,0.16870523370270593,0.25,0.25,nan,nan,0.5,0.5,0.0,0.0
neg,2,1,314,0.0,0.0,5.551115123125783e-17,0.052436035016608325,0.05656854249492373,1.5700924586837752e-16,0.0,0.0,0.0,0.07415575187755807,0.08000000000000007,0.0,5.551115123125783e-17,5.551115123125783e-17,5.551115123125783e-17,0.0,0.0,0.0,0.7177133829043458,0.3682847818679935,0.0,0.21159999999999995,0.21159999999999995,0.21680664062499996,0.21169911940326872,0.2132,0.21159999999999998,nan,nan,0.0,0.0,0.0,0.0
neg,2,1,315,0.3217335854398792,0.0,1.5700924586837752e-16,0.052628024705455065,0.13611805537841035,1.5700924586837752e-16,0.45500000000000007,0.0,0.0,0.0744272662993608,0.1924999999999999,0.0,0.32173358543987907,0.3235013523928455,0.32173358543987907,0.45500000000000007,0.4575,0.45500000000000007,0.6434671708797584,0.37712361663282534,0.35584406697316173,0.20581250000000006,0.15405625000000006,0.15015625000000013,0.14320511641926403,0.114078125,0.10481406249999999,nan,nan,0.5,0.0,0.0,0.0
neg,2,1,316,0.14849242404917495,0.0,5.551115123125783e-17,0.09886866768048834,0.0,5.551115123125783e-17,0.20999999999999996,0.0,0.0,0.1398214107275051,0.0,0.0,0.14849242404917495,0.14849242404917495,0.14849242404917495,0.20999999999999996,0.20999999999999996,0.20999999999999996,0.6903129951333672,0.3544667368523065,0.20999999999999996,0.16705,0.15602500000000002,0.06921832128906245,0.04580602980099493,0.25,0.25,nan,nan,0.0,0.0,0.0,0.0
neg,2,1,317,0.0,0.0,1.2412670766236366e-16,0.14658887380758415,0.0,0.0,0.0,0.0,0.0,0.20730797343168372,0.0,0.0,0.0,0.0,0.0,0.0,0.0,0.0,0.6993286065934954,0.4507216474413251,0.0,0.25,0.25,0.07246191015625006,0.041266777647526426,0.25,0.25,nan,nan,0.5,0.5,0.0,0.0
neg,2,1,318,0.07778174593052013,0.0,5.551115123125783e-17,0.0029967952337752075,0.0,0.0,0.10999999999999988,0.0,0.0,0.004238108463259893,0.0,0.0,0.07778174593052022,0.07778174593052022,0.07778174593052022,0.10999999999999988,0.10999999999999988,0.10999999999999988,0.15556349186104027,0.08220116331293607,0.09315645441943339,0.20105000000000006,0.19802500000000006,0.21884853515624997,0.21859156244307815,0.25,0.25,nan,nan,0.0,0.0,0.0,0.0
neg,2,1,319,0.0,0.0,5.551115123125783e-17,0.015089168347651189,0.0,0.033587572106361,0.0,0.0,0.0,0.02133930652217908,0.0,0.04749999999999999,0.0,0.0,0.0,0.0,0.0,0.0,0.33941125496954283,0.18502627441047992,0.0,0.25,0.25,0.3320640624999999,0.3355505837909287,0.25,0.25,nan,nan,0.5,0.5,1.0,1.0
neg,2,1,320,0.0,0.0,5.551115123125783e-17,0.026501104762320916,0.06452349378327246,0.0,0.0,0.0,0.0,0.0374782217727444,0.09125000000000005,0.0,0.0,0.0,5.551115123125783e-17,0.0,0.0,0.0,0.412773583517647,0.2063867917588235,0.0,0.04331601562500005,0.04331601562500005,0.18235568847656247,0.17669652196988933,0.04539765625,0.04331601562500004,nan,nan,0.0,0.0,0.0,0.0
neg,2,1,321,0.144073006666759,0.0,5.551115123125783e-17,0.018950238352193925,0.13258252147247765,0.0,0.20374999999999988,0.0,0.0,0.026799684087875364,0.1875,0.0,0.14849242404917495,0.14849242404917495,0.14407300666675904,0.20999999999999996,0.20999999999999996,0.20375,0.33941125496954283,0.21772996304035774,0.20374999999999988,0.16888203125,0.15850351562500006,0.15136962890625008,0.14892971172689995,0.173828125,0.1650390625,nan,nan,0.5,0.0,0.0,0.0
neg,2,1,322,0.067175144212722,0.0,0.0,0.006131929751022202,0.04861359120657512,0.0,0.09499999999999997,0.0,0.0,0.008671858217414563,0.06875000000000009,0.0,0.024748737341529107,0.050381358159541416,0.067175144212722,0.03499999999999992,0.07125000000000004,0.09499999999999997,0.26162950903902266,0.13081475451951133,0.09499999999999997,0.3020125,0.29975625,0.25125156249999997,0.2512847294402544,0.10001328125,0.09883164062500005,nan,nan,1.0,1.0,1.0,1.0
neg,2,1,323,0.16617009357883858,0.0,0.0,0.014643772906740158,0.15556349186104043,1.5700924586837752e-16,0.23499999999999988,0.0,0.0,0.020709422249023612,0.21999999999999997,0.0,0.16617009357883866,0.16617009357883866,0.16617009357883866,0.23499999999999988,0.23499999999999988,0.23499999999999988,0.33234018715767716,0.17736595094762556,0.19342311133884696,0.16011250000000005,0.14630625000000005,0.18436289062500005,0.18186639967319787,0.1642,0.1521,nan,nan,0.0,0.0,0.0,0.0
neg,2,1,324,0.1706071886307843,0.0,1.1102230246251565e-16,0.15844207551101844,0.34966430329674775,0.0,0.24127500000000013,0.0,0.0,0.22407093203822437,0.49450000000000005,0.0,0.17308206236493723,0.17228656723610233,0.17060718863078428,0.24477500000000008,0.24365000000000003,0.24127500000000002,0.9842926394116744,0.4979740580941163,0.24127500000000007,0.031359287812500004,0.01680588140624999,0.0959876578515625,0.06584077333612713,0.125015125,0.06388256250000002,nan,nan,0.0,0.0,0.0,0.0
neg,2,1,325,0.028063300378341174,0.0,5.551115123125783e-17,0.12206002011086901,0.023864853865046002,0.0,0.0396875000000001,0.0,0.0,0.17261893586432375,0.03375000000000006,0.0,0.12904698756654492,0.05480077554195744,0.028063300378341094,0.1825000000000001,0.07750000000000012,0.039687499999999876,0.9607813389372215,0.508601283759699,0.0396875000000001,0.023034619140625014,0.022640844726562512,0.12266411743164062,0.1261509652962119,0.011707031250000003,0.011422265625000011,nan,nan,0.0,0.0,0.0,0.0
neg,2,1,326,0.20285125785289077,0.0,0.0,0.04548488833431254,0.06982679464217158,0.0,0.286875,0.0,0.0,0.06432534596541051,0.09875,0.0,0.20152543263816597,0.20682873349706513,0.20285125785289074,0.2849999999999999,0.2925,0.2868749999999999,0.6540737725975563,0.3569416105864593,0.20419908331087086,0.25428613281250007,0.23371181640625008,0.32187893066406253,0.3282606051643447,0.30425078125,0.30181289062499994,nan,nan,0.5,0.0,1.0,1.0
neg,2,1,327,0.21920310216782976,0.0,0.0,0.15020107283395967,0.24748737341529156,0.00353553390593278,0.31000000000000005,0.0,0.0,0.21241639428477477,0.3500000000000001,0.0050000000000000044,0.21920310216782976,0.21920310216782976,0.21920310216782976,0.31000000000000005,0.31000000000000005,0.31000000000000005,0.8502959043768232,0.49821565291102154,0.31000000000000005,0.14304999999999998,0.11902499999999998,0.10787119140624996,0.07084240344432895,0.13625,0.105625,nan,nan,0.0,0.0,0.0,0.0
neg,2,1,328,0.16617009357883858,0.0,0.0,0.09464212487372022,0.1767766952966369,5.551115123125783e-17,0.23499999999999988,0.0,0.0,0.13384417656822323,0.25,0.0,0.16617009357883866,0.16617009357883866,0.16617009357883866,0.235,0.235,0.235,0.8909545442950497,0.44547727214752486,0.23499999999999988,0.16011250000000005,0.14630625000000005,0.2916,0.31402843516541135,0.15625,0.140625,nan,nan,0.5,0.0,1.0,1.0
neg,2,1,329,0.0,0.0,0.0,0.005503932750621266,0.0,1.5700924586837752e-16,0.0,0.0,0.0,0.007783736342318104,0.0,0.0,0.0,0.0,0.0,0.0,0.0,0.0,0.21213203435596414,0.11696724672127472,0.0,0.25,0.25,0.20334462890625,0.2027460926862518,0.25,0.25,nan,nan,0.5,0.5,0.0,0.0
neg,2,1,330,0.27709746987747824,0.0,5.551115123125783e-17,0.16169715461817466,0.21301591783244736,0.0,0.391875,0.0,0.0,0.22867430905816188,0.3012499999999999,0.0,0.27930717856868625,0.2775394116157199,0.2770974698774782,0.395,0.39249999999999985,0.39187499999999986,0.7063289637272422,0.4455303051561139,0.3918749999999999,0.08421425781249997,0.04582275390624997,0.05390232847656252,0.023148543745603514,0.05137578124999998,0.02868789062500001,nan,nan,0.0,0.0,0.0,0.0
neg,2,1,331,0.23599688822101011,0.0,5.551115123125783e-17,0.07529959886850861,0.12020815280171307,0.012374368670764632,0.33374999999999977,0.0,0.0,0.10648971396109852,0.16999999999999993,0.01750000000000007,0.23864853865045982,0.23599688822101025,0.23599688822101025,0.3374999999999999,0.33375,0.33375,0.7751658088757524,0.3914130661693034,0.33374999999999977,0.22420703124999997,0.196359765625,0.09122287597656248,0.07920071741727067,0.3494499999999999,0.34222499999999995,nan,nan,0.5,0.0,0.0,0.0
neg,2,1,332,0.05586143571373723,0.0,5.551115123125783e-17,0.06390353782004793,0.05656854249492373,0.0,0.07899999999999996,0.0,0.0,0.09037324986873374,0.08000000000000007,0.0,0.05656854249492385,0.05656854249492385,0.05586143571373723,0.08000000000000007,0.08000000000000007,0.07899999999999996,0.6774082963767123,0.3764165098516387,0.07899999999999996,0.29262049999999995,0.29106024999999996,0.1442100625,0.12971941918152258,0.2932,0.2916,nan,nan,1.0,1.0,0.0,0.0
neg,2,1,333,0.29875261505131623,0.0,5.551115123125783e-17,0.0637545350957627,0.3005203820042827,5.551115123125783e-17,0.4224999999999999,0.0,0.0,0.09016252819521897,0.42500000000000004,0.0,0.3040559159102154,0.30052038200428266,0.29875261505131634,0.42999999999999994,0.4249999999999998,0.4224999999999999,0.5975052301026326,0.34942860103635226,0.29879968206141044,0.12800312500000002,0.08337656250000004,0.11602539062499997,0.10091970711255965,0.1278125,0.08265624999999999,nan,nan,0.0,0.0,0.0,0.0
neg,2,1,334,0.0,0.0,5.551115123125783e-17,0.07796427435651197,0.0,0.0,0.0,0.0,0.0,0.11025813417555619,0.0,0.0,0.0,0.0,0.0,0.0,0.0,0.0,0.7389265863399421,0.4260318356648949,0.0,0.25,0.25,0.40600791015625004,0.43458969633522515,0.25,0.25,nan,nan,0.5,0.5,1.0,1.0
and,3,1,335,0.2316617955123374,0.0,0.0,0.0,0.2316617955123374,0.0,0.4012500000000001,0.0,0.0,0.0,0.4012500000000001,0.0,0.2367136103677465,0.2367136103677465,0.2316617955123374,0.4099999999999999,0.4099999999999999,0.4012500000000001,0.7936791306945145,0.5332530827031293,0.4112500000000001,0.3601588541666667,0.25310312500000004,0.19136305338541668,0.13152368927062183,0.3601588541666667,0.25310312500000004,nan,nan,0.3333333333333333,0.3333333333333333,0.3333333333333333,0.3333333333333333
and,3,1,336,0.0,0.0,0.0,0.0,0.0,0.0,0.0,0.0,0.0,0.0,0.0,0.0,0.0,0.0,0.0,0.0,0.0,0.0,0.8009774302375816,0.4004887151187908,0.0,0.25,0.25,0.14794926757812502,0.0907909361508266,0.25,0.25,nan,nan,0.3333333333333333,0.3333333333333333,0.0,0.0
and,3,1,337,0.0,0.0,0.0,0.0,0.0,0.0,0.0,0.0,0.0,0.0,0.0,0.0,0.0,0.0,0.0,0.0,0.0,0.0,0.3187720580603011,0.15938602903015056,0.06208333333333327,0.271979224537037,0.271979224537037,0.2623947699652778,0.25618220816209797,0.3412713541666667,0.3412713541666667,nan,nan,0.3333333333333333,0.3333333333333333,0.6666666666666666,0.6666666666666666
and,3,1,338,0.0,0.0,0.0,0.0,0.0,0.002651650429449536,0.0,0.0,0.0,0.0,0.0,0.0037499999999999756,0.0,0.0,0.0,0.0,0.0,0.0,0.603048678245242,0.40037542286796807,0.1629166666666667,0.15659751157407406,0.15659751157407406,0.15062801649305554,0.1296792813091248,0.13354218750000002,0.13354218750000002,nan,nan,0.0,0.0,0.0,0.0
and,3,1,339,0.0,0.0,0.0,0.0,0.0,0.0,0.0,0.0,0.0,0.0,0.0,0.0,0.0,0.0,0.0,0.0,0.0,0.0,0.7670234676983488,0.47687383786694676,0.0,0.36946666666666667,0.36946666666666667,0.20972415364583333,0.16763783249949793,0.36946666666666667,0.36946666666666667,nan,nan,0.3333333333333333,0.3333333333333333,0.3333333333333333,0.0
and,3,1,340,0.0,0.0,0.0,0.0,0.3323401871576773,0.0,0.0,0.0,0.0,0.0,0.47,0.0,0.0,0.0,0.0,0.0,0.0,0.0,0.7718254336312066,0.6070135026709701,0.0,0.28681666666666666,0.28681666666666666,0.10807780635416668,0.08684552692340791,0.4803,0.28681666666666666,nan,nan,0.3333333333333333,0.3333333333333333,0.0,0.0
and,3,1,341,0.0,0.0,0.0,0.0,0.0,0.0,0.0,0.0,0.0,0.0,0.0,0.0,0.0,0.0,0.0,0.0,0.0,0.0,0.4581348054885156,0.2855436315294932,0.27443123000125186,0.2691083333333333,0.2691083333333333,0.3211830729166667,0.3427575661982442,0.19374166666666667,0.19374166666666667,nan,nan,0.6666666666666666,0.6666666666666666,0.6666666666666666,0.6666666666666666
and,3,1,342,0.0,0.0,0.0,0.0,0.0,0.0,0.0,0.0,0.0,0.0,0.0,0.0,0.0,0.0,0.0,0.0,0.0,0.0,0.859393299805159,0.5707696747348092,0.457625,0.166668546875,0.166668546875,0.06264897330729167,0.0029658884648295606,0.1666718675,0.1666718675,nan,nan,0.0,0.0,0.0,0.0
and,3,1,343,0.23231131456517556,0.0,0.0,0.0,0.23231131456517556,0.0,0.4023749999999999,3.0531133177191805e-16,0.0,0.0,0.4023749999999999,0.0,0.23094010767585027,0.23368252145450102,0.23231131456517556,0.3999999999999999,0.40474999999999994,0.4023749999999999,1.0557867401255805,0.7075854451333031,0.482375,0.3655702135416667,0.25816403125000004,0.21321277006510417,0.14287224758080921,0.3655702135416667,0.25816403125000004,nan,nan,0.3333333333333333,0.3333333333333333,0.3333333333333333,0.3333333333333333
and,3,1,344,0.017055889202310208,0.0,0.0,0.0,0.0886954351042562,0.3103257696894239,0.0295416666666668,0.0,0.0,0.0,0.1536249999999999,0.5375000000000001,0.007601778544330069,0.004655119642811436,0.017055889202310208,0.013166666666666771,0.00658333333333333,0.0295416666666668,0.4389083403741606,0.3001120602960245,0.02954166666666669,0.1374087181712963,0.13731175038580248,0.20329084440104173,0.21254042288683236,0.12051615104166667,0.11789385763888889,nan,nan,0.3333333333333333,0.0,0.3333333333333333,0.3333333333333333
and,3,1,345,0.17883909007509766,0.0,0.0,0.0,0.16882174400828823,0.0,0.2529166666666667,0.0,0.0,0.0,0.23875000000000002,0.0,0.17795520659861452,0.17795520659861452,0.17883909007509766,0.2516666666666667,0.2516666666666667,0.2529166666666667,0.6828198655209147,0.4957780232342585,0.2529166666666667,0.35562783564814815,0.2606611400462963,0.31040090603298615,0.28328289210052043,0.34858385416666665,0.2595002604166667,nan,nan,0.3333333333333333,0.3333333333333333,0.6666666666666666,0.6666666666666666
and,3,1,346,0.0,0.0,0.0,0.0,0.0,0.0,0.0,0.0,0.0,0.0,0.0,0.0,0.0,0.0,0.0,0.0,0.0,0.0,0.8500979722949585,0.42504898614747927,0.0,0.25,0.25,0.14236805338541667,0.030405136105591816,0.25,0.25,nan,nan,0.0,0.0,0.0,0.0
and,3,1,347,0.0,0.0,0.0,0.0,0.0,1.6653345369377348e-16,0.0,0.0,0.0,0.0,0.0,1.6653345369377348e-16,0.0,0.0,0.0,0.0,0.0,0.0,0.46193884876680363,0.28730271222268594,0.19987669810271638,0.2727613425925926,0.2727613425925926,0.23257682291666668,0.23619151011620357,0.33946666666666664,0.33946666666666664,nan,nan,0.6666666666666666,0.6666666666666666,0.6666666666666666,0.6666666666666666
and,3,1,348,0.29698484809834996,0.0,0.0,0.0,0.29698484809834996,0.0,0.42,0.0,0.0,0.0,0.42,0.0,0.29698484809834996,0.29698484809834996,0.29698484809834996,0.42,0.42,0.42,0.5939749573845685,0.4322917718445443,0.42,0.16879999999999998,0.1394,0.159885546875,0.12117211747149365,0.16879999999999998,0.1394,nan,nan,0.0,0.0,0.0,0.0
and,3,1,349,0.0,0.0,0.0,0.0,0.0,0.0,0.0,0.0,0.0,0.0,0.0,0.0,0.0,0.0,0.0,0.0,0.0,0.0,0.7645270188162091,0.4298952513808183,0.10999999999999999,0.21736666666666668,0.21736666666666668,0.11277335026041668,0.0661501745608046,0.25,0.25,nan,nan,0.0,0.0,0.0,0.0
and,3,1,350,0.0,0.0,0.0,0.0,0.0,0.0,0.0,0.0,0.0,0.0,0.0,0.0,0.0,0.0,0.0,0.0,0.0,0.0,0.687388374776427,0.35136802369081965,0.42999999999999994,0.12404166666666666,0.12404166666666666,0.17502436342592595,0.1358212857938544,0.12404166666666666,0.12404166666666666,nan,nan,0.3333333333333333,0.3333333333333333,0.0,0.0
and,3,1,351,0.0,0.0,0.0,0.0,0.0,0.0,0.0,0.0,0.0,0.0,0.0,0.0,0.0,0.0,0.0,0.0,0.0,0.0,0.5145416649796205,0.359366503967045,0.2340939982143925,0.12710000000000002,0.12710000000000002,0.13827662760416667,0.12528823851326246,0.12710000000000002,0.12710000000000002,nan,nan,0.0,0.0,0.0,0.0
and,3,1,352,0.0,0.0,0.0,0.0,0.0,0.0,0.0,0.0,0.0,0.0,0.0,0.0,0.0,0.0,0.0,0.0,0.0,0.0,0.8223588594707301,0.5264220728353689,0.0,0.25,0.25,0.1082224839734377,0.0658905315253717,0.25,0.25,nan,nan,0.3333333333333333,0.3333333333333333,0.0,0.0
and,3,1,353,0.0,0.0,0.0,0.0,0.0,0.0,0.0,0.0,0.0,0.0,0.0,0.0,0.0,0.0,0.0,0.0,0.0,0.0,0.48322161065084823,0.31626828403130997,0.1506340764900161,0.11361354166666666,0.11361354166666666,0.12582037760416667,0.13025306671582101,0.11361354166666666,0.11361354166666666,nan,nan,0.3333333333333333,0.3333333333333333,0.3333333333333333,0.3333333333333333
and,3,1,354,0.0,0.0,0.0,0.0,0.0,0.0,0.0,0.0,0.0,0.0,0.0,0.0,0.0,0.0,0.0,0.0,0.0,0.0,0.5320009398487938,0.3944710456047707,0.25988278607864734,0.16854166666666667,0.16854166666666667,0.15262164713541668,0.14159506483202197,0.16854166666666667,0.16854166666666667,nan,nan,0.3333333333333333,0.3333333333333333,0.0,0.0
and,3,1,355,0.0,0.0,0.0,0.0,0.0,0.0,0.0,0.0,0.0,0.0,0.0,0.0,0.0,0.0,0.0,0.0,0.0,0.0,0.2986724097290094,0.16462436672462677,0.1941666666666666,0.1798585648148148,0.1798585648148148,0.22670262586805556,0.22275927938613438,0.15684218749999998,0.15684218749999998,nan,nan,0.3333333333333333,0.3333333333333333,0.3333333333333333,0.3333333333333333
and,3,1,356,0.33410795411064376,0.0,0.0,0.0,0.33410795411064376,0.0,0.4725,0.0,0.0,0.0,0.4725,2.7755575615628914e-17,0.3323401871576773,0.33410795411064376,0.33410795411064376,0.47,0.4725,0.4725,0.8376098279976981,0.5806318412674413,0.4725,0.16691875,0.12970937500000002,0.11959315234153557,0.06085869568781802,0.16691875,0.12970937500000002,nan,nan,0.0,0.0,0.0,0.0
and,3,1,357,0.35298872739322473,0.0,0.0,0.0,0.35298872739322473,0.0,0.48,2.7755575615628914e-17,0.0,0.0,0.48,0.0,0.3510935297989512,0.3510935297989512,0.35298872739322473,0.48,0.48,0.48,1.0895877947646073,0.5808613161459765,0.48,0.32928385416666667,0.2349723958332726,0.24326253255208333,0.17400742191094812,0.32928385416666667,0.2349723958332726,nan,nan,0.3333333333333333,0.3333333333333333,0.3333333333333333,0.3333333333333333
and,3,1,358,0.18994823856338697,0.0,0.0,0.0,0.18994823856338697,0.0,0.32900000000000007,0.0,0.0,0.0,0.32900000000000007,0.0,0.18994823856338697,0.18994823856338697,0.18994823856338697,0.32900000000000007,0.32900000000000007,0.32900000000000007,1.0483936298571257,0.5694219262471661,0.439,0.312967,0.22782911111111104,0.16182946256510417,0.03304615039925035,0.312967,0.22782911111111104,nan,nan,0.3333333333333333,0.3333333333333333,0.0,0.0
and,3,1,359,0.0,0.0,0.0,0.0,0.13081475451951124,0.0028867513459480193,0.0,0.0,0.0,0.0,0.18499999999999994,0.00499999999999981,0.0,0.0,0.0,0.0,0.0,0.0,0.7674450306047984,0.4573853197007316,0.22042611825986289,0.23374311342592602,0.23374311342592602,0.31594474826388885,0.360227238945557,0.21828333333333338,0.21257916666666674,nan,nan,0.6666666666666666,0.6666666666666666,0.3333333333333333,0.6666666666666666
and,3,1,360,0.0,0.0,0.0,0.0,0.0,0.0,0.0,0.0,0.0,0.0,0.0,0.0,0.0,0.0,0.0,0.0,0.0,0.0,0.8611130562678838,0.4985377925045494,0.2875,0.7494209775166719,0.7494209775166719,0.4507280269932295,0.69948341637238,0.7494209775166719,0.7494209775166719,nan,nan,1.0,1.0,1.0,1.0
and,3,1,361,0.35258420979961425,0.0,0.0,0.0,0.35258420979961425,0.0,0.48625,0.0,0.0,0.0,0.48625,0.0,0.35418921496852157,0.35551019675955686,0.35258420979961425,0.49,0.49,0.48625,1.1132298149931052,0.6576866240855374,0.4991125,0.09206354166666665,0.050625,0.16515664835394964,0.07190670716167553,0.09206354166666665,0.050625,nan,nan,0.0,0.0,0.0,0.0
and,3,1,362,0.210616805539136,0.0,0.0,0.0,0.10985408922005294,0.0,0.29785714285714293,0.0,0.0,0.0,0.15535714285714286,0.0,0.22980970388562796,0.2091857561010203,0.210616805539136,0.325,0.29583333333333334,0.29785714285714293,0.9155624998016705,0.5129092660598848,0.4435622267276507,0.12643010204081634,0.11164362244897959,0.21585426439673094,0.19282690175981163,0.09947385204081632,0.09545121173469388,nan,nan,0.3333333333333333,0.3333333333333333,0.3333333333333333,0.3333333333333333
and,3,1,363,0.06673320247448042,0.0,0.0,0.0,0.2890298968100013,0.030052038200428257,0.09437499999999999,0.0,0.0,0.0,0.40875,0.04249999999999998,0.045961940777125586,0.05480077554195744,0.06673320247448046,0.065,0.07750000000000001,0.09437500000000004,0.25731941483300474,0.12865970741650237,0.09437499999999999,0.28442721354166667,0.25148444010416665,0.26971277669270827,0.26709933252485835,0.44194218749999997,0.27784609375,nan,nan,0.3333333333333333,0.3333333333333333,0.6666666666666666,0.6666666666666666
and,3,1,364,0.061871843353822883,0.0,0.0,0.0,0.19710601525575008,0.0,0.08749999999999997,0.0,0.0,0.0,0.27874999999999994,0.0,0.010606601717798222,0.06246109900481165,0.061871843353822883,0.015000000000000013,0.08833333333333326,0.08749999999999997,0.45590226474541656,0.2833064378961363,0.1967747760766099,0.09976510416666669,0.0984890625,0.20230878906250002,0.19227088310709925,0.05820885416666666,0.04525859375,nan,nan,0.0,0.0,0.0,0.0
and,3,1,365,0.25367455775067393,0.0,0.0,0.0,0.25367455775067393,0.0,0.35875,0.0,0.0,0.0,0.35875,0.0,0.2474873734152916,0.2598617420860563,0.25367455775067393,0.35,0.36750000000000005,0.35875,0.8999869790724754,0.5861200213056553,0.4036416263221622,0.12305885416666666,0.10160859374999999,0.16440784505208336,0.12249686226229939,0.1733171875,0.15186692708333335,nan,nan,0.0,0.0,0.0,0.0
and,3,1,366,0.0,0.0,0.0,0.0,0.0,0.0,0.0,0.0,0.0,0.0,0.0,0.0,0.0,0.0,0.0,0.0,0.0,0.0,0.288676938808766,0.22637960203396482,0.08000000000000007,0.22546666666666662,0.22546666666666662,0.20818248697916666,0.2149852526502646,0.25,0.25,nan,nan,0.6666666666666666,0.6666666666666666,0.3333333333333333,0.3333333333333333
and,3,1,367,0.0,0.0,0.0,0.0,0.0,0.0,0.0,0.0,0.0,0.0,0.0,0.0,0.0,0.0,0.0,0.0,0.0,0.0,0.5905188396655945,0.29525941983279724,0.0,0.25,0.25,0.2755981770833333,0.28281539017139956,0.25,0.25,nan,nan,0.3333333333333333,0.3333333333333333,0.6666666666666666,0.6666666666666666
and,3,1,368,0.2474873734152916,0.0,0.0,0.0,0.2474873734152916,0.0,0.35,5.551115123125783e-17,0.0,0.0,0.35,0.0,0.2474873734152916,0.2474873734152916,0.2474873734152916,0.35,0.35,0.35,0.6771447408050955,0.3385723704025477,0.35,0.4075,0.3870833333333334,0.3558026041666667,0.45945855554936,0.4075,0.3870833333333334,nan,nan,1.0,1.0,1.0,1.0
and,3,1,369,0.0,0.0,0.0,0.0,0.0,0.0,0.0,0.0,0.0,0.0,0.0,0.0,0.0,0.0,0.0,0.0,0.0,0.0,0.5950713367599813,0.2975979717408063,0.35,0.17416666666666666,0.17416666666666666,0.18166374782986158,0.1534166507667168,0.17416666666666666,0.17416666666666666,nan,nan,0.0,0.0,0.0,0.0
and,3,1,370,0.0,0.0,0.0,0.0,0.0,0.0,0.0,0.0,0.0,0.0,0.0,0.0,0.0,0.0,0.0,0.0,0.0,0.0,1.3775103104196715,0.7956645687347773,0.0,0.25,0.25,0.1810274710742187,0.20120505910703257,0.25,0.25,nan,nan,0.3333333333333333,0.3333333333333333,0.3333333333333333,0.3333333333333333
and,3,1,371,0.0,0.0,0.0,0.0,0.0,0.0,0.0,0.0,0.0,0.0,0.0,0.0,0.0,0.0,0.0,0.0,0.0,0.0,0.6952084894116297,0.3476042447058149,0.0,0.25,0.25,0.22173572591145832,0.20663522023032002,0.25,0.25,nan,nan,0.3333333333333333,0.3333333333333333,0.3333333333333333,0.3333333333333333
and,3,1,372,0.3478081479961331,0.0,0.0,0.0,0.3478081479961331,0.0,0.491875,0.0,0.0,0.0,0.491875,0.0,0.346128769390815,0.346128769390815,0.3478081479961331,0.4895,0.4895,0.491875,0.8773868395696394,0.6256319340472478,0.491875,0.25977408854166667,0.21945058593750003,0.13080564408854167,0.015268556609549691,0.25977408854166667,0.21945058593750003,nan,nan,0.3333333333333333,0.3333333333333333,0.0,0.0
and,3,1,373,0.34206290539899237,0.0,0.0,0.0,0.34206290539899237,0.0,0.48375,0.0,0.0,0.0,0.48375,0.0,0.33941125496954283,0.34294678887547553,0.34206290539899237,0.48,0.485,0.48375,0.8446390131292776,0.5929192686309984,0.48375,0.1667546875,0.12775234375,0.09135456046874997,0.018539037833601675,0.1667546875,0.12775234375,nan,nan,0.0,0.0,0.0,0.0
and,3,1,374,0.0,0.0,0.0,0.0,0.0,0.0,0.0,0.0,0.0,0.0,0.0,0.0,0.0,0.0,0.0,0.0,0.0,0.0,0.3790984370846178,0.21660343546330915,0.0,0.25,0.25,0.2607020616319444,0.25340521842960334,0.25,0.25,nan,nan,0.0,0.0,0.6666666666666666,0.6666666666666666
and,3,1,375,0.0,0.0,0.0,0.0,0.0,0.0,0.0,0.0,0.0,0.0,0.0,0.0,0.0,0.0,0.0,0.0,0.0,0.0,0.5695783802515682,0.2847891901257841,0.235,0.190075,0.190075,0.17602957356770832,0.15333315524459754,0.190075,0.190075,nan,nan,0.0,0.0,0.0,0.0
and,3,1,376,0.0,0.0,0.0,0.0,0.03889087296526011,0.0,0.0,0.0,0.0,0.0,0.05499999999999999,0.0,0.0,0.0,0.0,0.0,0.0,0.0,0.6050878035458986,0.37997728289717214,0.18000000000000002,0.10914999999999998,0.10914999999999998,0.14164856770833334,0.11161271262754154,0.08604166666666667,0.0855375,nan,nan,0.0,0.0,0.0,0.0
and,3,1,377,0.0,0.0,0.0,0.0,0.0636396103067893,0.0,0.0,0.0,0.0,0.0,0.09000000000000002,0.0,0.0,0.0,0.0,0.0,0.0,0.0,0.5578642307945545,0.417712121675682,0.0,0.22134999999999996,0.22134999999999996,0.18066744791666664,0.14930559790553982,0.22269999999999998,0.22134999999999996,nan,nan,0.0,0.0,0.3333333333333333,0.3333333333333333
and,3,1,378,0.0,0.0,0.0,0.0,0.0,0.0,0.0,0.0,0.0,0.0,0.0,0.0,0.0,0.0,0.0,0.0,0.0,0.0,0.4840486804031181,0.32048397483097996,0.0,0.25,0.25,0.20613131510416668,0.197800169189404,0.25,0.25,nan,nan,0.3333333333333333,0.3333333333333333,0.3333333333333333,0.3333333333333333
and,3,1,379,0.0,0.0,0.0,0.0,0.0,0.0,0.0,0.0,0.0,0.0,0.0,0.0,0.0,0.0,0.0,0.0,0.0,0.0,0.8488558475972231,0.5075728478876601,0.0,0.25,0.25,0.19392825520833332,0.14929711185782893,0.25,0.25,nan,nan,0.0,0.0,0.3333333333333333,0.3333333333333333
and,3,1,380,0.0,0.0,0.0,0.0,0.0,0.0,0.0,0.0,0.0,0.0,0.0,0.0,0.0,0.0,0.0,0.0,0.0,0.0,1.1284020227737985,0.5974595271625841,0.0,0.25,0.25,0.23230669010416663,0.11186728494867214,0.25,0.25,nan,nan,0.0,0.0,0.3333333333333333,0.3333333333333333
and,3,1,381,0.0,0.0,0.0,0.0,0.0,0.0,0.0,0.0,0.0,0.0,0.0,0.0,0.0,0.0,0.0,0.0,0.0,0.0,0.8692103546466758,0.5333117506343222,0.4275,0.16841874999999998,0.16841874999999998,0.14927284667968752,0.10087472001565445,0.16841874999999998,0.16841874999999998,nan,nan,0.0,0.0,0.0,0.3333333333333333
and,3,1,382,0.0,0.0,0.0,0.0,0.0,0.0,0.0,0.0,0.0,0.0,0.0,0.0,0.0,0.0,0.0,0.0,0.0,0.0,0.8873027949916533,0.6145796380569369,0.16000000000000003,0.20519999999999997,0.20519999999999997,0.15601940104166667,0.10033672687954485,0.25,0.25,nan,nan,0.0,0.0,0.3333333333333333,0.0
and,3,1,383,0.0,0.0,0.0,0.0,0.1630950643030611,0.0,0.0,0.0,0.0,0.0,0.21999999999999997,0.0,0.0,0.0,0.0,0.0,0.0,0.0,0.42526462349929844,0.22772256160531165,0.015000000000000013,0.262575,0.262575,0.220371875,0.22630099081682253,0.35696666666666665,0.2881000000000546,nan,nan,0.6666666666666666,0.6666666666666666,0.3333333333333333,0.3333333333333333
and,3,1,384,0.02324613543150775,0.0,0.0,0.0,0.02324613543150775,0.0,0.032875,0.0,0.0,0.0,0.032875,0.0,0.02386485386504598,0.023776465517397663,0.02324613543150775,0.03375,0.033625,0.032875,0.7414403001928072,0.534710547084211,0.39787500000000003,0.018043171875,0.017863044270833336,0.12680921809895834,0.06392350781696644,0.018043171875,0.017863044270833336,nan,nan,0.0,0.0,0.0,0.0
and,3,1,385,0.0,0.0,0.0,0.0,0.0,0.0,0.0,0.0,0.0,0.0,0.0,0.0,0.0,0.0,0.0,0.0,0.0,0.0,0.5708573595916935,0.3770276134461877,0.0,0.25,0.25,0.12572662760416745,0.0995949027369798,0.25,0.25,nan,nan,0.0,0.0,0.0,0.0
and,3,1,386,0.05773502691896261,0.0,0.0,0.0,0.05773502691896261,0.0,0.09999999999999998,0.0,0.0,0.0,0.09999999999999998,0.0,0.060621778264910706,0.0606217782649107,0.05773502691896261,0.10499999999999998,0.10499999999999997,0.09999999999999998,0.5810671755485763,0.39232410716230043,0.32625000000000004,0.2609333333333333,0.2598222222222223,0.23408831380208328,0.22808004661604,0.2609333333333333,0.2598222222222223,nan,nan,0.6666666666666666,0.6666666666666666,0.3333333333333333,0.3333333333333333
and,3,1,387,0.04617647452978635,0.0,0.0,0.0,0.04617647452978635,0.0,0.07998000000000006,0.0,0.0,0.0,0.07998000000000006,0.0,0.04617647452978635,0.04617647452978635,0.04617647452978635,0.07998000000000006,0.07998000000000006,0.07998000000000006,0.8106186295046518,0.4317064783587941,0.07999999999999996,0.19546666680000002,0.17698257786666663,0.15227981256041664,0.10343819048678919,0.19546666680000002,0.17698257786666663,nan,nan,0.3333333333333333,0.3333333333333333,0.3333333333333333,0.3333333333333333
and,3,1,388,0.0037422759960276555,0.0,0.0,0.0,0.0,0.0,0.004583333333333384,0.0,0.0,0.0,0.0,0.0,0.034020690872050424,0.0,0.0037422759960276555,0.04166666666666663,0.0,0.004583333333333384,0.3822616359685253,0.22418339475987134,0.004583333333333384,0.2515347800925926,0.2505115933642568,0.2501511935763889,0.24658784408517953,0.21322968750000001,0.21322968750000001,nan,nan,0.6666666666666666,0.6666666666666666,0.3333333333333333,0.3333333333333333
and,3,1,389,0.0,0.0,0.0,0.0,0.0,0.0,0.0,0.0,0.0,0.0,0.0,0.0,0.0,0.0,0.0,0.0,0.0,0.0,0.39,0.2751282904035129,0.19333333333333336,0.19733703703703706,0.19733703703703706,0.20923993055555554,0.19789235180828177,0.185075,0.185075,nan,nan,0.3333333333333333,0.3333333333333333,0.3333333333333333,0.3333333333333333
and,3,1,390,0.07645592071579548,0.0,0.0,0.0,0.21920310216782973,0.0,0.10812500000000003,0.0,0.0,0.0,0.31,0.0,0.022980970388562814,0.03447145558284421,0.07645592071579548,0.03250000000000003,0.048750000000000016,0.10812500000000003,0.4469698325949974,0.2716085313602216,0.10812500000000003,0.20873867187500003,0.20679016927083338,0.25082749023437506,0.2598009046988618,0.3041666666666667,0.2881500000000001,nan,nan,0.6666666666666666,0.6666666666666666,0.6666666666666666,0.6666666666666666
and,3,1,391,0.0,0.0,0.0,0.0,0.3252691193458119,0.0,0.0,0.0,0.0,0.0,0.46,0.0,0.0,0.0,0.0,0.0,0.0,0.0,0.8947834933658534,0.5661095024390925,0.08000000000000002,0.2852666666666666,0.2852666666666666,0.17603307291666662,0.2047751200668486,0.47386666666666666,0.2852666666666666,nan,nan,0.3333333333333333,0.3333333333333333,0.3333333333333333,0.3333333333333333
and,3,1,392,0.0,0.0,0.0,0.0,0.0,0.0,0.0,0.0,0.0,0.0,0.0,0.0,0.0,0.0,0.0,0.0,0.0,0.0,0.5650566896338809,0.35991246211354705,0.0,0.25,0.25,0.20056982421875,0.17650934643384672,0.25,0.25,nan,nan,0.0,0.0,0.3333333333333333,0.3333333333333333
and,3,1,393,0.0,0.0,0.0,0.0,0.0,0.0,0.0,0.0,0.0,0.0,0.0,0.0,0.0,0.0,0.0,0.0,0.0,0.0,0.7947905400166763,0.5713622042201895,0.18999999999999995,0.19870000000000002,0.19870000000000002,0.18556266671875002,0.2250078623429824,0.19870000000000002,0.19870000000000002,nan,nan,0.0,0.0,0.3333333333333333,0.3333333333333333
and,3,1,394,0.0,0.0,0.0,0.0,0.0,0.0,0.0,0.0,0.0,0.0,0.0,0.0,0.0,0.0,0.0,0.0,0.0,0.0,0.8308903780358152,0.49831069933440414,0.1789375,0.16666704296875,0.16666704296875,0.19990830875651042,0.12033127635523459,0.16666708854166667,0.16666708854166667,nan,nan,0.0,0.0,0.3333333333333333,0.3333333333333333
and,3,1,395,0.0,0.0,0.0,0.0,0.0,0.0,0.0,0.0,0.0,0.0,0.0,0.0,0.0,0.0,0.0,0.0,0.0,0.0,0.80526086611731,0.5148503730204139,0.0,0.16879999999999998,0.16879999999999998,0.19356052213541666,0.13087910586667167,0.16879999999999998,0.16879999999999998,nan,nan,0.0,0.0,0.3333333333333333,0.3333333333333333
and,3,1,396,0.08948929172439195,0.0,0.0,0.0530127832910199,0.08948929172439195,0.0,0.15500000000000003,1.1102230246251565e-16,0.0,0.09182083411068494,0.15500000000000003,0.0,0.08082903768654774,0.08515916470546984,0.08948929172439195,0.14000000000000012,0.14749999999999996,0.15500000000000003,0.8653748551928233,0.5161911676604228,0.21999999999999997,0.2655416666666666,0.26287222222222223,0.2009662008333333,0.1447435783991479,0.2655416666666666,0.26287222222222223,nan,nan,0.3333333333333333,0.6666666666666666,0.3333333333333333,0.3333333333333333
and,3,1,397,0.0,0.0,0.0,0.0,0.0,0.0,0.0,0.0,0.0,0.0,0.0,0.0,0.0,0.0,0.0,0.0,0.0,0.0,0.4900960081679076,0.2846966696376128,0.0,0.25,0.25,0.2182239510994978,0.21707965099837803,0.25,0.25,nan,nan,0.3333333333333333,0.3333333333333333,0.0,0.3333333333333333
and,3,1,398,0.0,0.0,0.0,0.0,0.0,0.0,0.0,0.0,0.0,0.0,0.0,0.0,0.0,0.0,0.0,0.0,0.0,0.0,0.7222104090914226,0.49129476256917837,0.22750000000000004,0.34308541666666664,0.34308541666666664,0.17340589322916666,0.12129268477730189,0.34308541666666664,0.34308541666666664,nan,nan,0.3333333333333333,0.3333333333333333,0.3333333333333333,0.3333333333333333
and,3,1,399,0.0,0.0,0.0,0.0,0.0,0.0,0.0,0.0,0.0,0.0,0.0,0.0,0.0,0.0,0.0,0.0,0.0,0.0,0.36147268223200485,0.2467267211507336,0.1433333333333333,0.3046259259259259,0.3046259259259259,0.20478810763888888,0.197459198616435,0.33946666666666664,0.33946666666666664,nan,nan,0.6666666666666666,0.6666666666666666,0.0,0.0
and,3,1,400,0.19091883092036782,0.0,0.0,0.0,0.30405591591021547,0.0,0.26999999999999996,0.0,0.0,0.0,0.43,0.0,0.18031222920256962,0.1697056274847714,0.19091883092036782,0.255,0.23999999999999996,0.26999999999999996,0.9374466651495432,0.574887269845112,0.45880278987817846,0.1235,0.11134999999999999,0.15695846354166665,0.06819967251700575,0.1683,0.13748333333333332,nan,nan,0.0,0.0,0.0,0.0
and,3,1,401,0.1767766952966369,0.0,0.0,0.0,0.1767766952966369,0.0,0.25,0.0,0.0,0.0,0.25,0.0,0.1767766952966369,0.1767766952966369,0.1767766952966369,0.25,0.25,0.25,0.5282045058497703,0.3511422070388887,0.25,0.2916666666666667,0.28125,0.22876874999999997,0.2057411271178042,0.2916666666666667,0.28125,nan,nan,0.3333333333333333,0.3333333333333333,0.3333333333333333,0.3333333333333333
and,3,1,402,0.03535533905925018,0.0,0.0,0.0,0.2474873734152916,0.0,0.049999999999890826,0.0,0.0,0.0,0.35,0.0,0.0353553390592502,0.0353553390592502,0.0353553390592502,0.049999999999890854,0.049999999999890854,0.049999999999890854,0.5416641025580335,0.4905976126077425,0.22561028345354533,0.10416666666665213,0.10374999999998728,0.1442354166666844,0.14212565616189302,0.17416666666666666,0.15375,nan,nan,0.3333333333333333,0.3333333333333333,0.3333333333333333,0.3333333333333333
and,3,1,403,0.0,0.0,0.0,0.0,0.0,0.004811252243246865,0.0,0.0,0.0,0.0,0.0,0.008333333333333276,0.0,0.0,0.0,0.0,0.0,0.0,0.3257235535440035,0.16286177677200175,0.14992822356788663,0.18148356481481484,0.18148356481481484,0.24568255208333334,0.23750175857841438,0.169075,0.169075,nan,nan,0.0,0.0,0.6666666666666666,0.6666666666666666
and,3,1,404,0.21213203435596426,0.0,0.0,0.0,0.2262741699796952,0.0,0.3,0.0,0.0,0.0,0.32,0.0,0.21213203435596426,0.21213203435596426,0.21213203435596426,0.3,0.3,0.3,0.5948017001488817,0.4068821455488956,0.3,0.38000000000000006,0.36500000000000005,0.40270914713541667,0.4640390756223873,0.39080000000000004,0.3737333333333333,nan,nan,1.0,1.0,1.0,1.0
and,3,1,405,0.06134346610139771,0.0,0.0,0.0,0.11547005383792514,0.0,0.10624999999999997,1.3877787807814457e-17,0.0,0.0,0.19999999999999998,0.0,0.08852704127574261,0.06447078005950815,0.06134346610139771,0.15333333333333335,0.1116666666666666,0.10624999999999997,0.5562682581273176,0.3848382496227978,0.12624999999999997,0.21419635416666663,0.18933090277777775,0.27442884114583327,0.23766747133718888,0.25626666666666664,0.20737777777777777,nan,nan,0.3333333333333333,0.3333333333333333,0.6666666666666666,0.6666666666666666
and,3,1,406,0.0,0.0,0.0,0.0,0.0,0.0,0.0,0.0,0.0,0.0,0.0,0.0,0.0,0.0,0.0,0.0,0.0,0.0,0.3032686515286405,0.15163432576432026,0.18211431849253368,0.262721875,0.262721875,0.23212441406250006,0.22739987580270382,0.28320833333333334,0.28320833333333334,nan,nan,0.3333333333333333,0.3333333333333333,0.3333333333333333,0.3333333333333333
and,3,1,407,0.0,0.0,0.0,0.0,0.0,0.0,0.0,0.0,0.0,0.0,0.0,0.0,0.0,0.0,0.0,0.0,0.0,0.0,0.7877194932207784,0.48236548396826356,0.3630348927211621,0.09083366666666666,0.09083366666666666,0.09859059722222126,0.033860248580101816,0.09083366666666666,0.09083366666666666,nan,nan,0.0,0.0,0.0,0.0
and,3,1,408,0.34294678887547553,0.0,0.0,0.0,0.34294678887547553,0.0,0.485,0.0,0.0,0.0,0.485,0.0,0.33941125496954283,0.34294678887547553,0.34294678887547553,0.48,0.485,0.485,0.9373162375456258,0.46918819530336187,0.485,0.16674166666666665,0.1275375,0.17043614713541622,0.07012216867887701,0.16674166666666665,0.1275375,nan,nan,0.0,0.0,0.0,0.0
and,3,1,409,0.0,0.0,0.0,0.0,0.0,0.0,0.0,0.0,0.0,0.0,0.0,0.0,0.0,0.0,0.0,0.0,0.0,0.0,0.49876879663828205,0.24938439831914103,0.3274236552236261,0.17177135416666667,0.17177135416666667,0.18528688151041672,0.1952275780276539,0.17177135416666667,0.17177135416666667,nan,nan,0.6666666666666666,0.6666666666666666,0.0,0.0
and,3,1,410,0.0,0.0,0.0,0.0,0.0,0.0,0.0,0.0,0.0,0.0,0.0,0.0,0.0,0.0,0.0,0.0,0.0,0.0,1.0483757278126324,0.7705062345853245,0.21700288416542102,0.1673675925925926,0.1673675925925926,0.18384012098524305,0.10179361089430529,0.18344166666666664,0.18344166666666664,nan,nan,0.3333333333333333,0.3333333333333333,0.3333333333333333,0.3333333333333333
and,3,1,411,0.0,0.0,0.0,0.0,0.0,0.0,0.0,0.0,0.0,0.0,0.0,0.0,0.0,0.0,0.0,0.0,0.0,0.0,0.7693872968148097,0.5103515446365332,0.22154232101339008,0.11138300000000001,0.11138300000000001,0.15704274609375002,0.11394867171620371,0.08548300000000002,0.08548300000000002,nan,nan,0.0,0.0,0.3333333333333333,0.3333333333333333
and,3,1,412,0.0,0.0,0.0,0.0,0.0,0.0,0.0,0.0,0.0,0.0,0.0,0.0,0.0,0.0,0.0,0.0,0.0,0.0,0.46122798050421876,0.30709180626901894,0.20999999999999996,0.1947,0.1947,0.20090898437500002,0.20193417063720318,0.25,0.25,nan,nan,0.3333333333333333,0.3333333333333333,0.0,0.3333333333333333
and,3,1,413,0.0,0.0,0.0,0.0,0.0,0.0,0.0,0.0,0.0,0.0,0.0,0.0,0.0,0.0,0.0,0.0,0.0,0.0,0.533599217578137,0.40573371332372393,0.0,0.25,0.25,0.18914069010416665,0.15799563614593656,0.25,0.25,nan,nan,0.0,0.0,0.3333333333333333,0.3333333333333333
and,3,1,414,0.0,0.0,0.0,0.0,0.0,0.0,0.0,0.0,0.0,0.0,0.0,0.0,0.0,0.0,0.0,0.0,0.0,0.0,0.32808154474154744,0.22968046861949165,0.1875,0.20166041666666665,0.20166041666666665,0.20357578125,0.19586297808522035,0.20668541666666665,0.20668541666666665,nan,nan,0.3333333333333333,0.3333333333333333,0.3333333333333333,0.3333333333333333
and,3,1,415,0.0,0.0,0.0,0.0,0.0,0.0,0.0,0.0,0.0,0.0,0.0,0.0,0.0,0.0,0.0,0.0,0.0,0.0,0.7715919420263537,0.491431422471732,0.3387505313648969,0.09200085416666665,0.09200085416666665,0.11078698211249999,0.06346233349086651,0.09200085416666665,0.09200085416666665,nan,nan,0.0,0.0,0.0,0.0
and,3,1,416,0.0,0.0,0.0,0.0,0.0,0.0,0.0,0.0,0.0,0.0,0.0,0.0,0.0,0.0,0.0,0.0,0.0,0.0,0.4372141923588483,0.25660655039951524,0.06999999999999995,0.16110000000000002,0.16110000000000002,0.250057421875,0.25062451802530045,0.165475,0.165475,nan,nan,0.0,0.0,0.3333333333333333,0.3333333333333333
and,3,1,417,0.0,0.0,0.0,0.0,0.0,0.0,0.0,0.0,0.0,0.0,0.0,0.0,0.0,0.0,0.0,0.0,0.0,0.0,0.5052629266035654,0.3171294499511969,0.0,0.25,0.25,0.1684789713541667,0.17797463332506566,0.25,0.25,nan,nan,1.0,1.0,0.0,0.0
and,3,1,418,0.0,0.0,0.0,0.0,0.0,0.0,0.0,0.0,0.0,0.0,0.0,0.0,0.0,0.0,0.0,0.0,0.0,0.0,0.5311735239072068,0.283182800190733,0.0,0.25,0.25,0.17564469401041669,0.15718905254423543,0.25,0.25,nan,nan,0.3333333333333333,0.3333333333333333,0.0,0.0
and,3,1,419,0.16714290293039685,0.0,0.0,0.0,0.16165807537309534,0.0,0.28950000000000026,0.0,0.0,0.0,0.28000000000000025,0.0,0.18253891010878667,0.17772765786553985,0.16714290293039685,0.31616666666666665,0.30783333333333335,0.28950000000000026,0.9257640425616023,0.5248359709304347,0.31575000000000003,0.26514091666666667,0.25582866666666665,0.19832989583333335,0.22499664225912572,0.2652375,0.2565263888888889,nan,nan,0.3333333333333333,0.6666666666666666,0.3333333333333333,0.3333333333333333
and,3,1,420,0.0,0.0,0.0,0.0,0.03623922253581057,0.0,0.0,0.0,0.0,0.0,0.05125000000000002,0.0,0.0,0.0,0.0,0.0,0.0,0.0,0.5419705077308175,0.27668273351511274,0.28,0.10302734375,0.10302734375,0.178129779296875,0.1630270099107557,0.10346510416666667,0.10302734375,nan,nan,0.3333333333333333,0.3333333333333333,0.0,0.0
and,3,1,421,0.0,0.0,0.0,0.0,0.0,0.0,0.0,0.0,0.0,0.0,0.0,0.0,0.0,0.0,0.0,0.0,0.0,0.0,0.7747580267412529,0.45633234062271116,0.245,0.18834166666666666,0.18834166666666666,0.18631442057291667,0.20165448988310133,0.25,0.25,nan,nan,0.3333333333333333,0.3333333333333333,0.0,0.0
and,3,1,422,0.0,0.0,0.0,0.0,0.0,0.01539600717839012,0.0,0.0,0.0,0.0,0.0,0.026666666666666783,0.0,0.0,0.0,0.0,0.0,0.0,0.29303370113350447,0.2237319649278391,0.11698650279726591,0.4174541666666666,0.4174541666666666,0.2793396417942176,0.2717382895046029,0.4174541666666666,0.4174541666666666,nan,nan,0.6666666666666666,0.6666666666666666,0.6666666666666666,0.6666666666666666
and,3,1,423,0.0035355339059327407,0.0,0.0,0.0,0.1767766952966369,0.0,0.0050000000000000044,0.0,0.0,0.0,0.25,0.0,0.0035355339059327407,0.0035355339059327407,0.0035355339059327407,0.0050000000000000044,0.0050000000000000044,0.0050000000000000044,0.6188901356460612,0.3889814686268273,0.0050000000000000044,0.12584166666666666,0.12583750000000002,0.19799218750000003,0.19410174767505575,0.1875,0.17708333333333334,nan,nan,0.3333333333333333,0.3333333333333333,0.3333333333333333,0.3333333333333333
and,3,1,424,0.34957591494909945,0.0,0.0,0.0,0.34957591494909945,0.0,0.494375,0.0,0.0,0.0,0.494375,0.0,0.346128769390815,0.3494875266014511,0.34957591494909945,0.4895,0.49425,0.494375,0.7360758389086005,0.36803791945430026,0.499,0.10947721354166667,0.0687427734375,0.16017307584635418,0.0807505763905541,0.10947721354166667,0.0687427734375,nan,nan,0.0,0.0,0.0,0.0
and,3,1,425,0.0,0.0,0.0,0.0,0.0,0.0,0.0,0.0,0.0,0.0,0.0,0.0,0.0,0.0,0.0,0.0,0.0,0.0,0.36355306811156657,0.23226359441004318,0.1604247833444419,0.20260092592592593,0.20260092592592593,0.21188133680555557,0.2064103291908916,0.19141875,0.19141875,nan,nan,0.3333333333333333,0.3333333333333333,0.3333333333333333,0.0
and,3,1,426,0.38379137941960095,0.0,0.0,0.0,0.40011351253964383,0.0,0.478375,0.0,0.0,0.0,0.498375,0.0,0.3833642741137986,0.38443546272441353,0.38379137941960095,0.4785,0.47875,0.478375,0.8539414713193537,0.5193014426804374,0.3838324479836707,0.07691806770833333,0.02781946006944445,0.08466368036157818,0.01398592414635668,0.08345140104166666,0.030087793402777757,nan,nan,0.0,0.0,0.0,0.0
and,3,1,427,0.0,0.0,0.0,0.0,0.0,0.0,0.0,0.0,0.0,0.0,0.0,0.0,0.0,0.0,0.0,0.0,0.0,0.0,0.8380082506306248,0.5026524904257831,0.0,0.00037760937500000007,0.00037760937500000007,0.12572828808593753,0.07392039561593046,0.00037760937500000007,0.00037760937500000007,nan,nan,0.0,0.0,0.0,0.0
and,3,1,428,0.0,0.0,0.0,0.0,0.0,0.0,0.0,0.0,0.0,0.0,0.0,0.0,0.0,0.0,0.0,0.0,0.0,0.0,0.7692549154864077,0.3988412087047844,0.0,0.25,0.25,0.3113865234375,0.285970722237118,0.25,0.25,nan,nan,0.0,0.0,1.0,1.0
and,3,1,429,0.0,0.0,0.0,0.0,0.0,0.0,0.0,0.0,0.0,0.0,0.0,0.0,0.0,0.0,0.0,0.0,0.0,0.0,0.44,0.31210289106120065,0.0,0.25,0.25,0.21080703124999997,0.19268176277002932,0.25,0.25,nan,nan,0.3333333333333333,0.3333333333333333,0.3333333333333333,0.3333333333333333
and,3,1,430,0.3528462838120872,0.0,0.0,0.0,0.3528462838120872,0.0,0.499,0.0,0.0,0.0,0.499,0.0,0.3528462838120872,0.3528462838120872,0.3528462838120872,0.499,0.499,0.499,0.8541683455268054,0.5185018924435325,0.35285762001124477,0.16666699999999998,0.12516683333333334,0.08729737109375,0.01594522206810729,0.16666699999999998,0.12516683333333334,nan,nan,0.0,0.0,0.0,0.0
and,3,1,431,0.0,0.0,0.0,0.0,0.0,0.0,0.0,0.0,0.0,0.0,0.0,0.0,0.0,0.0,0.0,0.0,0.0,0.0,0.8075198139983935,0.5225721029524607,0.4025000000000001,0.08336066666666665,0.08336066666666665,0.2369351928125,0.16607980098349093,0.08336066666666665,0.08336066666666665,nan,nan,0.0,0.0,0.3333333333333333,0.3333333333333333
and,3,1,432,0.0,0.0,0.0,0.0,0.0,0.0,0.0,0.0,0.0,0.0,0.0,0.0,0.0,0.0,0.0,0.0,0.0,0.0,0.9248282272941278,0.6336731961621697,0.0175,0.00016700000000000002,0.00016700000000000002,0.09901641541666857,0.020474644702100496,0.00016700000000000002,0.00016700000000000002,nan,nan,0.0,0.0,0.0,0.0
and,3,1,433,0.0,0.0,0.0,0.0,0.0,0.0,0.0,0.0,0.0,0.0,0.0,0.0,0.0,0.0,0.0,0.0,0.0,0.0,0.8595374664608868,0.569789208670206,0.0009,0.166667,0.166667,0.11527093471354168,0.016880942262064682,0.166667,0.166667,nan,nan,0.0,0.0,0.0,0.0
and,3,1,434,0.0,0.0,0.0,0.0,0.027424137786507152,0.0,0.0,0.0,0.0,0.0,0.04749999999999999,0.0,0.0,0.0,0.0,0.0,0.0,0.0,0.8097893437493482,0.515028385405821,0.019166666666666665,0.3900761574074074,0.3900761574074074,0.24980565169270832,0.15845202435089165,0.39266875000000007,0.3818625,nan,nan,0.3333333333333333,0.3333333333333333,0.3333333333333333,0.3333333333333333
and,3,1,435,0.0,0.0,0.0,0.0,0.0,0.0028867513459480353,0.0,0.0,0.0,0.0,0.0,0.0050000000000000044,0.0,0.0,0.0,0.0,0.0,0.0,0.47,0.3064419111590718,0.14083333333333325,0.303555787037037,0.303555787037037,0.20396373697916667,0.18367545932338766,0.3522963541666666,0.3522963541666666,nan,nan,0.6666666666666666,0.6666666666666666,0.3333333333333333,0.3333333333333333
and,3,1,436,0.2474873734152916,0.0,0.0,0.0,0.2474873734152916,0.0,0.35,5.551115123125783e-17,0.0,0.0,0.35,0.0,0.2474873734152916,0.2474873734152916,0.2474873734152916,0.35,0.35,0.35,0.7765164699637735,0.5149102964863315,0.35,0.17416666666666666,0.15375,0.08660064211597389,0.04400553166145251,0.17416666666666666,0.15375,nan,nan,0.0,0.0,0.0,0.0
and,3,1,437,0.04596194077712555,0.0,0.0,0.0,0.04596194077712555,0.0,0.06499999999999995,0.0,0.0,0.0,0.06499999999999995,0.0,0.04596194077712555,0.04596194077712555,0.04596194077712555,0.06499999999999995,0.06499999999999995,0.06499999999999995,0.36585516259853434,0.265712066811611,0.06499999999999995,0.15494166666666667,0.15423750000000003,0.18669403211805558,0.19300476534709884,0.15494166666666667,0.15423750000000003,nan,nan,0.3333333333333333,0.0,0.3333333333333333,0.3333333333333333
and,3,1,438,0.08838834764831845,0.0,0.0,0.0,0.16617009357883866,0.0,0.125,0.0,0.0,0.0,0.235,0.0,0.08838834764831845,0.08308504678941933,0.08838834764831845,0.125,0.1175,0.125,0.6962719027075557,0.4457331332828103,0.21375,0.09751666666666668,0.09491250000000001,0.19212697005208335,0.17877065845844953,0.13015000000000002,0.12094583333333335,nan,nan,0.0,0.0,0.0,0.3333333333333333
and,3,1,439,0.0,0.0,0.0,0.0,0.0,0.0,0.0,0.0,0.0,0.0,0.0,0.0,0.0,0.0,0.0,0.0,0.0,0.0,0.8530038192323643,0.5429415964504295,0.0,0.25,0.25,0.055108666992187506,0.007133359769417611,0.25,0.25,nan,nan,0.0,0.0,0.0,0.0
and,3,1,440,0.0,0.0,0.0,0.0,0.0,0.0,0.0,0.0,0.0,0.0,0.0,0.0,0.0,0.0,0.0,0.0,0.0,0.0,0.4466209942445608,0.22331049712228043,0.28664274367232806,0.17493541666666668,0.17493541666666668,0.1919681315104167,0.18123056950034214,0.17493541666666668,0.17493541666666668,nan,nan,0.3333333333333333,0.3333333333333333,0.0,0.0
and,3,1,441,0.0,0.0,0.0,0.0,0.0,0.0,0.0,0.0,0.0,0.0,0.0,0.0,0.0,0.0,0.0,0.0,0.0,0.0,0.6894200461257273,0.5003104023748525,0.019999999999999907,0.16879999999999998,0.16879999999999998,0.10879270833333334,0.09335769359137054,0.16879999999999998,0.16879999999999998,nan,nan,0.0,0.0,0.0,0.0
and,3,1,442,0.0,0.0,0.0,0.0,0.0,0.0,0.0,0.0,0.0,0.0,0.0,0.0,0.0,0.0,0.0,0.0,0.0,0.0,0.8193240449449778,0.4096620224724889,0.0,0.25,0.25,0.21782899772135414,0.13149998423465944,0.25,0.25,nan,nan,0.0,0.0,0.3333333333333333,0.3333333333333333
and,3,1,443,0.0,0.0,0.0,0.0,0.0,0.0,0.0,0.0,0.0,0.0,0.0,0.0,0.0,0.0,0.0,0.0,0.0,0.0,0.28887713651308566,0.14443856825654283,0.0,0.25,0.25,0.2670163194444444,0.26193687305106156,0.25,0.25,nan,nan,0.0,0.0,0.6666666666666666,0.6666666666666666
and,3,1,444,0.1686440136302897,0.0,0.0,0.0,0.2590859332988445,0.0,0.2921,0.0,0.0,0.0,0.44875,0.0,0.1693657014667767,0.1693657014667767,0.1686440136302897,0.29335,0.29335,0.2921,0.7020973045098521,0.4398430887593932,0.20708917161454865,0.30399659500000004,0.22960521611111107,0.2232539757291667,0.18472525761036154,0.39711718749999997,0.2750197916666667,nan,nan,0.3333333333333333,0.3333333333333333,0.3333333333333333,0.3333333333333333
and,3,1,445,0.0,0.0,0.0,0.0,0.0,0.0,0.0,0.0,0.0,0.0,0.0,0.0,0.0,0.0,0.0,0.0,0.0,0.0,0.56283045848639,0.3566643658477912,0.0,0.36946666666666667,0.36946666666666667,0.3000127387152778,0.29464735948271475,0.36946666666666667,0.36946666666666667,nan,nan,0.6666666666666666,0.6666666666666666,0.6666666666666666,0.6666666666666666
and,3,1,446,0.0,0.0,0.0,0.0,0.0,0.0,0.0,0.0,0.0,0.0,0.0,0.0,0.0,0.0,0.0,0.0,0.0,0.0,0.47,0.34227010321768686,0.21499999999999997,0.19374166666666667,0.19374166666666667,0.16980289713541666,0.17959452423424963,0.19374166666666667,0.19374166666666667,nan,nan,0.6666666666666666,0.6666666666666666,0.0,0.0
and,3,1,447,0.0,0.0,0.0,0.0,0.0,0.0,0.0,0.0,0.0,0.0,0.0,0.0,0.0,0.0,0.0,0.0,0.0,0.0,0.8833631759575193,0.5584619886797235,0.0,0.3008333333333333,0.3008333333333333,0.22908117858471513,0.27077447684856837,0.3008333333333333,0.3008333333333333,nan,nan,0.6666666666666666,0.6666666666666666,0.3333333333333333,0.3333333333333333
and,3,1,448,0.0,0.0,0.0,0.0,0.0,0.0,0.0,0.0,0.0,0.0,0.0,0.0,0.0,0.0,0.0,0.0,0.0,0.0,0.7548157887855818,0.4812177202408774,0.0,0.25,0.25,0.16840722656250004,0.1506515446249855,0.25,0.25,nan,nan,0.3333333333333333,0.3333333333333333,0.3333333333333333,0.3333333333333333
and,3,1,449,0.09545941546018392,0.0,0.0,0.0,0.2262741699796952,0.0,0.135,0.0,0.0,0.0,0.32,0.0,0.09545941546018392,0.09545941546018392,0.09545941546018392,0.135,0.135,0.135,0.5937868409623103,0.3320372880468718,0.135,0.21107499999999998,0.20803750000000001,0.19342281901041666,0.1666495657106759,0.17746666666666666,0.1604,nan,nan,0.0,0.0,0.3333333333333333,0.3333333333333333
and,3,1,450,0.0,0.0,0.0,0.0,0.0,0.0,0.0,0.0,0.0,0.0,0.0,0.0,0.0,0.0,0.0,0.0,0.0,0.0,0.8520782772873629,0.4260391386436814,0.0,0.25,0.25,0.14215702897135418,0.027239978597980895,0.25,0.25,nan,nan,0.0,0.0,0.0,0.0
and,3,1,451,0.11330499032846408,0.0,0.0,0.0,0.11330499032846408,0.0,0.19624999999999998,0.0,0.0,0.0,0.19624999999999998,0.0,0.1366395637082115,0.11402667816495109,0.11330499032846408,0.23666666666666675,0.19749999999999995,0.19624999999999998,0.5396946474628037,0.4170831151248499,0.21749999999999997,0.3125713541666667,0.3082920138888889,0.3207056315104167,0.3949670587749851,0.3125713541666667,0.3082920138888889,nan,nan,0.6666666666666666,0.6666666666666666,0.6666666666666666,0.6666666666666666
and,3,1,452,0.048908219032069565,0.0,0.0,0.0,0.1590990257669732,0.0,0.06916666666666671,0.0,0.0,0.0,0.22500000000000003,0.0,0.0,0.0,0.048908219032069565,0.0,0.0,0.06916666666666671,0.6694027188471825,0.40660293029066635,0.06916666666666671,0.2843391203703704,0.2604862268518519,0.19073637152777775,0.2017843921847282,0.36214166666666675,0.2787041666666667,nan,nan,0.3333333333333333,0.3333333333333333,0.3333333333333333,0.3333333333333333
and,3,1,453,0.0,0.0,0.0,0.0,0.0,0.0,0.0,0.0,0.0,0.0,0.0,0.0,0.0,0.0,0.0,0.0,0.0,0.0,0.7593272207191047,0.45860349826835195,0.0,0.25,0.25,0.16281293131510416,0.13609186152763494,0.25,0.25,nan,nan,0.3333333333333333,0.3333333333333333,0.3333333333333333,0.3333333333333333
and,3,1,454,0.0,0.0,0.0,0.0,0.0,0.0,0.0,0.0,0.0,0.0,0.0,0.0,0.0,0.0,0.0,0.0,0.0,0.0,0.45225995013929765,0.2695723584787437,0.0,0.25,0.25,0.16773076171875,0.15539386583093998,0.25,0.25,nan,nan,0.0,0.0,0.0,0.0
and,3,1,455,0.0,0.0,0.0,0.0,0.0,0.0,0.0,0.0,0.0,0.0,0.0,0.0,0.0,0.0,0.0,0.0,0.0,0.0,0.5440588203494178,0.3661147809981607,0.15125,0.24040885416666666,0.24040885416666666,0.1948981119791667,0.19736478329651805,0.3108838541666667,0.3108838541666667,nan,nan,0.3333333333333333,0.3333333333333333,0.3333333333333333,0.3333333333333333
and,3,1,456,0.0,0.0,0.0,0.0,0.0,0.0,0.0,0.0,0.0,0.0,0.0,0.0,0.0,0.0,0.0,0.0,0.0,0.0,0.8156985120128637,0.5528404603018934,0.0,0.25,0.25,0.08258726822916665,0.024765399456576794,0.25,0.25,nan,nan,0.0,0.0,0.0,0.0
and,3,1,457,0.005303300858899072,0.0,0.0,0.0,0.005303300858899072,0.0,0.007499999999999951,0.0,0.0,0.0,0.007499999999999951,0.0,0.0,0.0,0.005303300858899072,0.0,0.0,0.007499999999999951,0.8103088627955393,0.5314609833750602,0.007499999999999951,0.24751875,0.247509375,0.18973899362304691,0.12814965513050927,0.24751875,0.247509375,nan,nan,0.0,0.0,0.3333333333333333,0.3333333333333333
and,3,1,458,0.0,0.0,0.0,0.0,0.0,0.0,0.0,0.0,0.0,0.0,0.0,0.0,0.0,0.0,0.0,0.0,0.0,0.0,0.780099152351802,0.5268226206007611,0.0,0.25,0.25,0.10905980631510415,0.07743210153064212,0.25,0.25,nan,nan,0.3333333333333333,0.3333333333333333,0.0,0.0
and,3,1,459,0.09718729531358694,0.0,0.0,0.0,0.15444119700822495,0.0,0.16833333333333328,0.0,0.0,0.0,0.26749999999999996,0.0,0.09141379262169068,0.10079573449602214,0.09718729531358694,0.15833333333333327,0.17458333333333328,0.16833333333333328,0.965023101245509,0.67282788496308,0.1275952803028214,0.10268981481481483,0.09954135802469137,0.09816301047092015,0.13546768236005527,0.09986875,0.09191805555555556,nan,nan,0.0,0.0,0.0,0.3333333333333333
and,3,1,460,0.05361109642475091,0.0,0.0,0.0,0.05361109642475091,0.0,0.09285714285714276,0.0,0.0,0.0,0.09285714285714276,0.0,0.06928203230275516,0.0,0.05361109642475091,0.12000000000000012,0.0,0.09285714285714276,1.0452452972891586,0.6675080385409431,0.11285714285714277,0.2086646258503401,0.20770657596371875,0.14101378272480866,0.13653608737317535,0.2086646258503401,0.20770657596371875,nan,nan,0.6666666666666666,0.6666666666666666,0.0,0.3333333333333333
and,3,1,461,0.33057242020471095,0.0,0.0,0.0,0.33057242020471095,0.00647002704785691,0.4675,0.0,0.0,0.0,0.4675,0.00915,0.32880465325174457,0.3252691193458119,0.33057242020471095,0.46499999999999997,0.45999999999999996,0.4675,0.8248604011020593,0.4875925081568883,0.3592700933837939,0.16701875,0.13059270833333333,0.12310006263138018,0.045809148985442284,0.16701875,0.13059270833333333,nan,nan,0.0,0.0,0.0,0.0
and,3,1,462,0.0,0.0,0.0,0.0,0.04949747468305833,0.0,0.0,0.0,0.0,0.0,0.07,0.0,0.0,0.0,0.0,0.0,0.0,0.0,0.7123156614609143,0.46209620791192935,0.060000000000000026,0.2196666666666667,0.2196666666666667,0.1872327768554687,0.23049860144165488,0.2749666666666667,0.25081666666666663,nan,nan,0.3333333333333333,0.3333333333333333,0.3333333333333333,0.3333333333333333
and,3,1,463,0.0,0.0,0.0,0.0,0.0,0.006735753140545373,0.0,0.0,0.0,0.0,0.0,0.011666666666666381,0.0,0.0,0.0,0.0,0.0,0.0,0.3735959827585589,0.28272446628091924,0.0,0.25,0.25,0.3065841796875,0.29407558851936016,0.25,0.25,nan,nan,0.0,0.0,0.6666666666666666,0.6666666666666666
and,3,1,464,0.0,0.0,0.0,0.0,0.0,0.0,0.0,0.0,0.0,0.0,0.0,0.0,0.0,0.0,0.0,0.0,0.0,0.0,0.5161788691916785,0.29614434165236575,0.0,0.11298020833333333,0.11298020833333333,0.1783341796875,0.15912698029571806,0.11298020833333333,0.11298020833333333,nan,nan,0.3333333333333333,0.3333333333333333,0.3333333333333333,0.3333333333333333
and,3,1,465,0.0,0.0,0.0,0.0,0.0,0.0,0.0,0.0,0.0,0.0,0.0,0.0,0.0,0.0,0.0,0.0,0.0,0.0,0.7811702759322068,0.5347489957870138,0.040000000000000036,0.2372,0.2372,0.10165762958541665,0.03129272069548918,0.25,0.25,nan,nan,0.0,0.0,0.0,0.0
and,3,1,466,0.05751892768059004,0.0,0.0,0.0,0.014273455454522743,0.0,0.08134404761904766,0.0,0.0,0.0,0.020185714285714293,0.0,0.021213203435596427,5.892556509890682e-05,0.05751892768058998,0.03,8.333333333337273e-05,0.08134404761904758,0.5020604207293433,0.3366471611797104,0.09380948861644255,0.008217086281651551,0.0071142772678099014,0.02672374467988237,0.017002550306240052,0.004108678163265304,0.004040767653061223,nan,nan,0.0,0.0,0.0,0.0
and,3,1,467,0.0,0.0,0.0,0.0,0.014142135623730963,0.022980970388562783,0.0,0.0,0.0,0.0,0.020000000000000018,0.03249999999999999,0.0,0.0,0.0,0.0,0.0,0.0,0.6276051953656853,0.45038944856779284,0.0,0.24339999999999998,0.24339999999999998,0.17881095377604164,0.1386811766574851,0.24346666666666664,0.24339999999999998,nan,nan,0.0,0.0,0.3333333333333333,0.3333333333333333
and,3,1,468,0.0,0.0,0.0,0.0,0.0,0.0,0.0,0.0,0.0,0.0,0.0,0.0,0.0,0.0,0.0,0.0,0.0,0.0,0.8444935797565307,0.5258641002164824,0.38514487939611725,0.08998427604168809,0.08998427604168809,0.08320037174479171,0.018974977506133996,0.08843844270833334,0.08843844270833334,nan,nan,0.0,0.0,0.0,0.0
or,3,1,469,0.0,0.0,0.0,0.0,0.0,0.0,0.0,0.0,0.0,0.0,0.0,0.0,0.0,0.0,0.0,0.0,0.0,0.0,0.8442656974036669,0.5923832952092377,0.1716297040506101,0.16679999999999998,0.16679999999999998,0.13434728005859375,0.040781068192510074,0.16679999999999998,0.16679999999999998,nan,nan,0.0,0.0,0.0,0.0
or,3,1,470,0.0,0.0,0.0,0.0,0.0,0.0,0.0,0.0,0.0,0.0,0.0,0.0,0.0,0.0,0.0,0.0,0.0,0.0,0.9087283678459909,0.5062687742299583,0.0,0.25,0.25,0.25566225745080473,0.19953710301089958,0.25,0.25,nan,nan,0.0,0.0,0.6666666666666666,0.6666666666666666
or,3,1,471,0.04772970773009196,0.0,0.0,0.0,0.29291814840795494,0.013856406460551031,0.0675,0.0,0.0,0.0,0.35875,0.02400000000000002,0.045961940777125586,0.0521491251125079,0.04772970773009196,0.065,0.07375000000000004,0.0675,0.6592668276198947,0.4563778039529934,0.17673151325633701,0.18346689814808148,0.18270752314808147,0.20567144618055141,0.16122721167286588,0.1733171875,0.1447168402777778,nan,nan,0.0,0.0,0.6666666666666666,0.0
or,3,1,472,0.0,0.0,0.0,0.0,0.0,0.0,0.0,0.0,0.0,0.0,0.0,0.0,0.0,0.0,0.0,0.0,0.0,0.0,0.8355911455370981,0.4177955727685491,0.48725,0.16672085416666668,0.16672085416666668,0.14394192838541667,0.04664059951889277,0.16672085416666668,0.16672085416666668,nan,nan,0.0,0.0,0.0,0.0
or,3,1,473,0.03859624513976575,0.0,0.0,0.0,0.0,0.0,0.05458333333333337,0.0,0.0,0.0,0.0,0.0,0.0,0.034766083408338644,0.03859624513976575,0.0,0.04916666666666675,0.05458333333333337,0.3959784821594898,0.2684204766956138,0.05458333333333337,0.16709866898148149,0.16660211226851848,0.18469025607638886,0.17216167281709363,0.19196875,0.19196875,nan,nan,0.0,0.0,0.0,0.0
or,3,1,474,0.18620478571225596,0.0,0.0,0.0,0.2616295090390226,0.0,0.2633333333330483,0.0,0.0,0.0,0.37,0.0,0.18620478571225596,0.18620478571225596,0.18620478571225596,0.2633333333330483,0.2633333333330483,0.2633333333330483,1.2992204019248552,0.6496257214353766,0.5641473962734137,0.2775596504628179,0.26600224305543557,0.19727634924768508,0.04532628912376808,0.33563366666666666,0.31281700000000007,nan,nan,0.3333333333333333,0.6666666666666666,0.0,0.0
or,3,1,475,0.028867513459481284,0.0,0.0,0.0,0.028867513459481284,0.0,0.04999999999999999,0.0,0.0,0.0,0.04999999999999999,0.0,0.028867513459481284,0.028867513459481284,0.028867513459481284,0.04999999999999999,0.04999999999999999,0.04999999999999999,0.5078524022784572,0.36079900130914505,0.22999999999999998,0.11843333333333333,0.11815555555555556,0.23826070963541665,0.21910541126073194,0.11843333333333333,0.11815555555555556,nan,nan,0.0,0.0,0.3333333333333333,0.3333333333333333
or,3,1,476,0.0,0.0,0.0,0.0,0.12993087104302808,0.0,0.0,0.0,0.0,0.0,0.18374999999999997,0.0,0.0,0.0,0.0,0.0,0.0,0.0,0.24758047933954724,0.12379023966977361,0.018124999999999947,0.19428085937499998,0.19428085937499998,0.233777001953125,0.22902647079908198,0.138134375,0.13250703125,nan,nan,0.3333333333333333,0.3333333333333333,0.6666666666666666,0.6666666666666666
or,3,1,477,0.0,0.0,0.0,0.0,0.0,0.0,0.0,0.0,0.0,0.0,0.0,0.0,0.0,0.0,0.0,0.0,0.0,0.0,0.5796887634757121,0.41486353875243265,0.0,0.25,0.25,0.28731539713541665,0.25472244146261636,0.25,0.25,nan,nan,0.0,0.0,0.6666666666666666,0.6666666666666666
or,3,1,478,0.1714642819949004,0.0,0.0,0.0,0.34292856398980087,0.0,0.20999999999999996,0.0,0.0,0.0,0.42,0.0,0.1714642819949004,0.1714642819949004,0.1714642819949004,0.20999999999999996,0.20999999999999996,0.20999999999999996,0.9990857507603886,0.5399497009655368,0.20999999999999996,0.1947,0.23156666666675152,0.22388684929049743,0.22741152986036073,0.16879999999999998,0.22293333333350307,nan,nan,0.3333333333333333,0.3333333333333333,0.3333333333333333,0.6666666666666666
or,3,1,479,0.0,0.0,0.0,0.0,0.33941125496954283,0.0,0.0,0.0,0.0,0.0,0.48,0.0,0.0,0.0,0.0,0.0,0.0,0.0,1.1236529945153588,0.5995826497780105,0.47504166666666664,0.3652743061342592,0.3652743061342592,0.1949485028211805,0.06114892035455204,0.4035838541666667,0.3651838541666666,nan,nan,0.6666666666666666,0.6666666666666666,0.0,0.0
or,3,1,480,0.0,0.0,0.0,0.0,0.0,0.0,0.0,0.0,0.0,0.0,0.0,0.0,0.0,0.0,0.0,0.0,0.0,0.0,0.8149893500071029,0.40749467500355147,0.0,0.25,0.25,0.22234807584635416,0.17726089628265182,0.25,0.25,nan,nan,0.3333333333333333,0.3333333333333333,0.3333333333333333,0.3333333333333333
or,3,1,481,0.1816790897893774,0.0,0.0,0.0,0.1816790897893774,0.0,0.22375,0.0,0.0,0.0,0.22375,0.0,0.3199658184869128,0.2051523823893686,0.1816790897893774,0.4525,0.27249999999999996,0.22375,0.5458107501689574,0.3836044929336588,0.3146674832263416,0.13467187500000002,0.22255833333337904,0.2436668131510417,0.24008663964920707,0.13467187500000002,0.22255833333337904,nan,nan,0.0,0.3333333333333333,0.3333333333333333,0.3333333333333333
or,3,1,482,0.05922019292437335,0.0,0.0,0.015340643062867258,0.15556349186104043,0.0,0.08374999999999999,0.0,0.0,0.026570773205665144,0.21999999999999997,0.0,0.03181980515339459,0.028284271247461926,0.05922019292437335,0.04499999999999993,0.040000000000000036,0.08374999999999999,0.6650741969885766,0.41845432362200413,0.08374999999999999,0.22442135416666667,0.25116901041666667,0.30562528515625004,0.40451356407464106,0.1928,0.25806666666666667,nan,nan,0.0,0.3333333333333333,0.6666666666666666,0.6666666666666666
or,3,1,483,0.10665527282897092,0.0,0.0,0.0,0.043310290347676014,0.28867513459481287,0.15083333333333332,0.0,0.0,0.0,0.06124999999999997,0.5,0.2474873734152916,0.2474873734152916,0.10665527282897092,0.35,0.35,0.15083333333333332,0.6609644153306086,0.46034884417868954,0.18585218514244653,0.12797528935185185,0.12418350694444442,0.18619388802083336,0.14885708029122235,0.14763385416666666,0.14700859375,nan,nan,0.0,0.0,0.3333333333333333,0.0
or,3,1,484,0.021773242158151972,0.0,0.0,0.0,0.06531972647433688,0.0,0.026666666666569694,0.0,0.0,0.0,0.08000000000000002,0.0,0.021773242158151972,0.021773242158151972,0.021773242158151972,0.026666666666569694,0.026666666666569694,0.026666666666569694,0.4590351634134361,0.30406772574233115,0.026666666666569694,0.24134814814817873,0.2411901234568219,0.1601647732204848,0.14540974981516014,0.22546666666666668,0.2240444444444444,nan,nan,0.0,0.0,0.0,0.0
or,3,1,485,0.12791779767861888,0.0,0.0,0.0,0.38375339303620576,0.0,0.15666666666652418,0.0,0.0,0.0,0.47,0.0,0.12791779767861888,0.12791779767861888,0.12791779767861888,0.15666666666652418,0.15666666666652418,0.15666666666652418,0.5901133718757785,0.3464519903691923,0.15666666666652418,0.2059592592592919,0.23531975308639896,0.22789167621524128,0.22117902994417682,0.16696666666666668,0.2223222222221272,nan,nan,0.3333333333333333,0.3333333333333333,0.3333333333333333,0.3333333333333333
or,3,1,486,0.0,0.0,0.0,0.024256114993779332,0.0,0.0,0.0,0.0,0.0,0.042012823563459034,0.0,0.0,0.0,0.0,0.0,0.0,0.0,0.0,0.6992632730238304,0.41201103162836245,0.22999999999999998,0.3443,0.3443,0.2276539401041667,0.1684460204261036,0.3443,0.3443,nan,nan,0.3333333333333333,0.3333333333333333,0.3333333333333333,0.3333333333333333
or,3,1,487,0.0,0.0,0.0,0.0,0.07071067811865474,0.0,0.0,0.0,0.0,0.0,0.09999999999999998,0.0,0.0,0.0,0.0,0.0,0.0,0.0,0.38105117766515295,0.241741202956788,0.06000000000000005,0.2946666666666667,0.2946666666666667,0.2753583333333333,0.2717230221414317,0.2669333333333333,0.2986,nan,nan,0.3333333333333333,0.3333333333333333,0.6666666666666666,0.6666666666666666
or,3,1,488,0.0,0.0,0.0,0.0,0.0,0.0,0.0,0.0,0.0,0.0,0.0,0.0,0.0,0.0,0.0,0.0,0.0,0.0,0.3555321715400731,0.20301796504099812,0.030052038200428257,0.17416666666666666,0.17416666666666666,0.23027506510416665,0.21958583389022,0.17416666666666666,0.17416666666666666,nan,nan,0.3333333333333333,0.3333333333333333,0.3333333333333333,0.3333333333333333
or,3,1,489,0.0,0.0,0.0,0.0,0.0,0.0,0.0,0.0,0.0,0.0,0.0,0.0,0.0,0.0,0.0,0.0,0.0,0.0,0.38778618464303244,0.22122258362030534,0.1433333333333333,0.3046259259259259,0.3046259259259259,0.24291586371527776,0.23717630469537218,0.3443,0.3443,nan,nan,0.3333333333333333,0.3333333333333333,0.6666666666666666,0.6666666666666666
or,3,1,490,0.0,0.0,0.0,0.0,0.0,0.0,0.0,0.0,0.0,0.0,0.0,0.0,0.0,0.0,0.0,0.0,0.0,0.0,0.6788501307357906,0.33942506536789524,0.0,0.25,0.25,0.16210078125000002,0.11557167542644986,0.25,0.25,nan,nan,0.0,0.0,0.0,0.0
or,3,1,491,0.0,0.0,0.0,0.0,0.0,0.0,0.0,0.0,0.0,0.0,0.0,0.0,0.0,0.0,0.0,0.0,0.0,0.0,0.485,0.3622381793020368,0.21999999999999997,0.33946666666666664,0.33946666666666664,0.28307138671875004,0.26877845136774187,0.33946666666666664,0.33946666666666664,nan,nan,0.6666666666666666,0.6666666666666666,0.3333333333333333,0.3333333333333333
or,3,1,492,0.1025304832720494,0.0,0.0,0.0,0.1025304832720494,0.0,0.14500000000000002,0.0,0.0,0.0,0.14500000000000002,0.0,0.04949747468305829,0.04949747468305829,0.1025304832720494,0.06999999999999995,0.06999999999999995,0.14500000000000002,0.8020837121211226,0.4647750043607349,0.14500000000000002,0.3053416666666667,0.3018375,0.3305664225260417,0.2984087083679781,0.3053416666666667,0.3018375,nan,nan,0.3333333333333333,0.6666666666666666,1.0,0.6666666666666666
or,3,1,493,0.12866625287791936,0.0,0.0,0.0,0.046948553403429634,0.0,0.15758333333333335,0.0,0.0,0.0,0.057499999999999996,0.0,0.0759341820264166,0.18071790991208558,0.12866625287791936,0.09299999999999997,0.22133333333333338,0.15758333333333335,0.5008746932450604,0.2504373466225302,0.15758333333333335,0.20574972453703702,0.20023138966049384,0.18729601649305558,0.16432651751798505,0.23193541666666664,0.23120069444444447,nan,nan,0.0,0.0,0.0,0.0
or,3,1,494,0.16619830023198676,0.0,0.0,0.0,0.293241581294339,0.0,0.2350000000000001,0.0,0.0,0.0,0.41375000000000006,0.0,0.1606756567332992,0.1624262653226806,0.16619830023198676,0.22499999999999998,0.22875000000000012,0.2350000000000001,0.8707764136102907,0.49587525247481823,0.2350000000000001,0.31028385416666665,0.37857656249992955,0.23845836588541666,0.18747195856235307,0.26405520833333335,0.3678916666666366,nan,nan,0.6666666666666666,0.6666666666666666,0.3333333333333333,0.3333333333333333
or,3,1,495,0.1741250448671873,0.0,0.0,0.0,0.1741250448671873,0.008838834764831813,0.24624999999999997,0.0,0.0,0.0,0.24624999999999997,0.012499999999999956,0.1873832970144351,0.17147339443773774,0.1741250448671873,0.265,0.24249999999999994,0.24624999999999997,0.48216552526077605,0.24108276263038805,0.24624999999999997,0.1881296875,0.26010651041666666,0.2343225748697917,0.2358657997485246,0.1881296875,0.26010651041666666,nan,nan,0.3333333333333333,0.6666666666666666,0.3333333333333333,0.3333333333333333
or,3,1,496,0.3259304700336586,0.0,0.0,0.0,0.36640284069148366,0.0,0.45375,0.0,0.0,0.0,0.44875,0.0,0.32817113873155146,0.3185826539653571,0.3259304700336586,0.45666666666666667,0.44416666666666665,0.45375,0.8128441578802175,0.4516665279091021,0.3358615062627196,0.12333894675929187,0.08792872299385533,0.11802845052083351,0.050679082773787874,0.16754218750000002,0.12279184027777779,nan,nan,0.0,0.0,0.0,0.0
or,3,1,497,0.0,0.0,0.0,0.0,0.0,0.0,0.0,0.0,0.0,0.0,0.0,0.0,0.0,0.0,0.0,0.0,0.0,0.0,0.7678758580222022,0.45497981708456087,0.2609012158739226,0.31324537037031724,0.31324537037031724,0.2775336805555297,0.266018791374558,0.25,0.25,nan,nan,0.6666666666666666,0.6666666666666666,0.6666666666666666,0.6666666666666666
or,3,1,498,0.0,0.0,0.0,0.0,0.23474276701682795,0.0,0.0,0.0,0.0,0.0,0.2875,0.0,0.0,0.0,0.0,0.0,0.0,0.0,0.3768330200499951,0.2824123746539821,0.1129658564445058,0.16041487268515442,0.16041487268515442,0.1585568359375041,0.14631419397154052,0.18171875,0.16335069444444444,nan,nan,0.0,0.0,0.0,0.0
or,3,1,499,0.08164965809292112,0.0,0.0,0.0,0.34292856398980087,5.551115123125783e-17,0.09999999999999998,0.0,0.0,0.0,0.42,5.551115123125783e-17,0.08164965809292116,0.08164965809292116,0.08164965809292116,0.10000000000000003,0.10000000000000003,0.10000000000000003,0.5119218690386259,0.25596093451931295,0.09999999999999998,0.22,0.23999999999991914,0.2144596666666667,0.1776982543661553,0.16879999999999998,0.22293333333324847,nan,nan,0.3333333333333333,0.3333333333333333,0.3333333333333333,0.3333333333333333
or,3,1,500,0.0,0.0,0.0,0.0,0.0,0.0,0.0,0.0,0.0,0.0,0.0,0.0,0.0,0.0,0.0,0.0,0.0,0.0,0.7116178749862878,0.3975933882916341,0.0,0.25,0.25,0.2387041666666667,0.2104808890050817,0.25,0.25,nan,nan,0.3333333333333333,0.3333333333333333,0.3333333333333333,0.3333333333333333
or,3,1,501,0.0,0.0,0.0,0.04623920479501734,0.0,0.0,0.0,0.0,0.0,0.08008865200655246,0.0,0.0,0.0,0.0,0.0,0.0,0.0,0.0,0.7591051475256902,0.5387055256662953,0.0709092730184142,0.2491760416666667,0.2491760416666667,0.21461087239583332,0.16377153148353618,0.2513854166666667,0.2513854166666667,nan,nan,0.3333333333333333,0.3333333333333333,0.3333333333333333,0.3333333333333333
or,3,1,502,0.29698484809835,0.0,0.0,0.0,0.29698484809835,0.0,0.42000000000000004,0.0,0.0,0.0,0.42000000000000004,0.0,0.29698484809835,0.29698484809835,0.29698484809835,0.42000000000000004,0.42000000000000004,0.42000000000000004,0.7441527270997533,0.37207636354987667,0.42000000000000004,0.44880000000000003,0.4194,0.368932568359375,0.34087588496029303,0.44880000000000003,0.4194,nan,nan,0.3333333333333333,0.6666666666666666,1.0,1.0
or,3,1,503,0.0,0.0,0.0,0.0,0.0,0.006481812160876678,0.0,0.0,0.0,0.0,0.0,0.009166666666666656,0.0,0.0,0.0,0.0,0.0,0.0,0.8178181720284772,0.4089090860142386,0.475,0.4835416666666667,0.4835416666666667,0.22507972005208332,0.18893202396083564,0.4835416666666667,0.4835416666666667,nan,nan,0.6666666666666666,0.6666666666666666,0.3333333333333333,0.3333333333333333
or,3,1,504,0.0,0.0,0.0,0.0,0.0,0.0,0.0,0.0,0.0,0.0,0.0,0.0,0.0,0.0,0.0,0.0,0.0,0.0,0.5290232745352514,0.36308428033589096,0.0,0.4803,0.4803,0.3724435546875,0.36233658828706955,0.4803,0.4803,nan,nan,0.6666666666666666,0.6666666666666666,0.6666666666666666,0.6666666666666666
or,3,1,505,0.33941125496954283,0.0,0.0,0.033139992983056546,0.33941125496954283,0.0,0.48,0.0,0.0,0.057400151609130035,0.48,0.0,0.33941125496954283,0.33941125496954283,0.33941125496954283,0.48,0.48,0.48,0.837097113915106,0.629551716578945,0.48,0.08560000000000001,0.0472,0.09459822902343751,0.022649869176852692,0.08560000000000001,0.0472,nan,nan,0.0,0.0,0.0,0.0
or,3,1,506,0.0,0.0,0.0,0.0,0.0,0.0,0.0,0.0,0.0,0.0,0.0,0.0,0.0,0.0,0.0,0.0,0.0,0.0,0.6487943546173192,0.32498341800772046,0.0,0.25,0.25,0.2885385579427282,0.27679752233012217,0.25,0.25,nan,nan,0.3333333333333333,0.3333333333333333,0.6666666666666666,0.6666666666666666
or,3,1,507,0.15556349186104043,0.0,0.0,0.0,0.15556349186104043,0.0,0.21999999999999997,0.0,0.0,0.0,0.21999999999999997,0.0,0.15556349186104043,0.15556349186104043,0.15556349186104043,0.21999999999999997,0.21999999999999997,0.21999999999999997,0.6218143814676531,0.31090719073382656,0.21999999999999997,0.1928,0.25806666666666667,0.3082636067708333,0.2931849616632226,0.1928,0.25806666666666667,nan,nan,0.0,0.3333333333333333,0.6666666666666666,0.6666666666666666
or,3,1,508,0.06176685629880352,0.0,0.0,0.0,0.24010554319923563,0.0010969655114602878,0.10698333333333343,0.0,0.0,0.0,0.4158750000000001,0.001899999999999999,0.08232052588195422,0.08857515379817503,0.06176685629880352,0.1425833333333334,0.15341666666666665,0.10698333333333343,0.7605901776471566,0.5162991474949369,0.17049817610624343,0.2267200982407408,0.2254483833950618,0.12281213892361113,0.07063367587780366,0.3677920260416667,0.3485751354166667,nan,nan,0.3333333333333333,0.6666666666666666,0.0,0.0
or,3,1,509,0.0,0.0,0.0,0.0,0.0,0.0,0.0,0.0,0.0,0.0,0.0,0.0,0.0038490017945152274,0.013952631505333718,0.0,0.006666666666524157,0.024166666666524228,0.0,0.45536348423816175,0.2974143347687291,0.23026290831200671,0.34973015046299555,0.34973015046299555,0.290815285011627,0.2954619962579064,0.41248385416666666,0.41248385416666666,nan,nan,0.3333333333333333,0.3333333333333333,0.6666666666666666,0.3333333333333333
or,3,1,510,0.26106971617058317,0.0,0.0,0.0,0.25102290732122434,0.0,0.36920833333333325,0.0,0.0,0.0,0.355,0.0,0.24018060334303065,0.2601563699115506,0.26106971617058317,0.3396666666666667,0.36791666666666667,0.36920833333333325,0.7204782193677567,0.36023910968387834,0.38454166666666667,0.0891138570601852,0.18946416927083334,0.22170324023437504,0.18588807616271597,0.09034208854166666,0.18767125520833336,nan,nan,0.0,0.3333333333333333,0.3333333333333333,0.3333333333333333
or,3,1,511,0.39191835884548676,0.0,0.0,0.0,0.39191835884548676,0.0,0.48,0.0,0.0,0.0,0.48,0.0,0.39191835884548676,0.39191835884548676,0.39191835884548676,0.48,0.48,0.48,0.9775382745064257,0.5137711814885585,0.48,0.16679999999999998,0.1156,0.1574141891276042,0.04143072475988809,0.16679999999999998,0.1156,nan,nan,0.0,0.0,0.0,0.0
or,3,1,512,0.053033008588991036,0.0,0.0,0.0,0.10606601717798214,0.0,0.07499999999999996,0.0,0.0,0.0,0.15000000000000002,0.0,0.053033008588991036,0.053033008588991036,0.053033008588991036,0.07499999999999996,0.07499999999999996,0.07499999999999996,0.5212500000000001,0.33627831562601246,0.07499999999999996,0.276875,0.27593749999999995,0.3661547200520833,0.36110493497026824,0.30750000000000005,0.30374999999999996,nan,nan,0.6666666666666666,1.0,1.0,1.0
or,3,1,513,0.0,0.0,0.0,0.0,0.0,0.0,0.0,0.0,0.0,0.0,0.0,0.0,0.0,0.0,0.0,0.0,0.0,0.0,0.8234654288432515,0.4117327144216258,0.0,0.25,0.25,0.22423115234375,0.18886488697256162,0.25,0.25,nan,nan,0.3333333333333333,0.3333333333333333,0.3333333333333333,0.3333333333333333
or,3,1,514,0.0,0.0,0.0,0.0,0.06634034720049843,0.0,0.0,0.0,0.0,0.0,0.08125000000000004,0.0,0.0,0.0,0.0,0.0,0.0,0.0,0.47,0.27826937142859215,0.06937499999999996,0.274729296875,0.274729296875,0.203927392578125,0.18275824657652753,0.22511718749999998,0.24170572916660096,nan,nan,0.6666666666666666,0.6666666666666666,0.3333333333333333,0.3333333333333333
or,3,1,515,0.3738503014915826,0.0,0.0,0.0,0.3385273714930596,0.0,0.5287041666666666,0.0,0.0,0.0,0.47874999999999995,0.0,0.44423983528044847,0.3705828789068497,0.3738503014915826,0.62825,0.5240833333333332,0.5287041666666666,1.0306546979246574,0.5376536656846888,0.47596224249920366,0.4344327965393518,0.38784478056423605,0.23332395128977537,0.21651182210822506,0.4712755208333334,0.4330752604166667,nan,nan,0.6666666666666666,0.3333333333333333,0.3333333333333333,0.3333333333333333
or,3,1,516,0.0,0.0,0.0,0.0,0.0,0.0,0.0,0.0,0.0,0.0,0.0,0.0,0.0,0.0,0.0,0.0,0.0,0.0,0.5121118957317825,0.25605594786589125,0.15291184143159095,0.16670885416666667,0.16670885416666667,0.2327553873697917,0.19630620833427317,0.16670885416666667,0.16670885416666667,nan,nan,0.0,0.0,0.6666666666666666,0.6666666666666666
or,3,1,517,0.0,0.0,0.0,0.0,0.450780573006424,0.0,0.0,0.0,0.0,0.0,0.6375,0.0,0.0,0.0,1.1102230246251565e-16,0.0,0.0,1.1102230246251565e-16,0.5165514404442213,0.34922437868932804,0.15379572490807394,0.33038437499999995,0.33038437499999995,0.16160814008245783,0.13066401480883386,0.39811875,0.33038437499999995,nan,nan,0.6666666666666666,0.6666666666666666,0.0,0.0
or,3,1,518,0.0,0.0,0.0,0.0,0.0,0.0,0.0,0.0,0.0,0.0,0.0,0.0,0.0,0.0,0.0,0.0,0.0,0.0,0.7185597574314889,0.5411736381748761,0.0,0.1667,0.1667,0.2144656901041667,0.1876253771237004,0.1667,0.1667,nan,nan,0.3333333333333333,0.3333333333333333,0.3333333333333333,0.3333333333333333
or,3,1,519,0.1850262744102784,0.0,0.0,0.0,0.2934493141924172,0.0,0.26166666666638166,0.0,0.0,0.0,0.41500000000000004,0.0,0.18620478571225596,0.18266925180632324,0.1850262744102784,0.2633333333330483,0.2583333333330483,0.26166666666638166,0.8474053536138023,0.47256487267593633,0.292499999999715,0.04183263888882365,0.03042106481477444,0.12995002893518484,0.07022040425139191,0.08599375,0.05728958333333332,nan,nan,0.0,0.0,0.0,0.0
or,3,1,520,0.0,0.0,0.0,0.0,0.0,0.0,0.0,0.0,0.0,0.0,0.0,0.0,0.0,0.0,0.0,0.0,0.0,0.0,0.39855990766759264,0.23104198109889432,0.16710774967068404,0.34674166666666667,0.34674166666666667,0.27659270833333327,0.2725387141579856,0.33946666666666664,0.33946666666666664,nan,nan,0.6666666666666666,0.6666666666666666,0.6666666666666666,0.6666666666666666
or,3,1,521,0.0,0.0,0.0,0.0,0.0,0.0,0.0,0.0,0.0,0.0,0.0,0.0,0.0,0.0,0.0,0.0,0.0,0.0,0.6057040067143967,0.3329514913492371,0.3174021748901826,0.41503971354170605,0.41503971354170605,0.29021202799480267,0.3018005369023753,0.3213671875,0.3213671875,nan,nan,1.0,1.0,0.6666666666666666,0.6666666666666666
or,3,1,522,0.07954951288333872,0.0,0.0,0.0,0.17500892834367054,0.0,0.11249999999979088,0.0,0.0,0.0,0.24750000000000005,0.0,0.07896025723231985,0.07129993376947098,0.07954951288333872,0.111666666666415,0.1008333333330893,0.11249999999979088,0.6984402265046525,0.449269819142249,0.11249999999979088,0.2917187499999146,0.28960937499992245,0.1879753906250067,0.15850481929230065,0.35291875,0.34270937500000004,nan,nan,0.3333333333333333,0.6666666666666666,0.0,0.0
or,3,1,523,0.0,0.0,0.0,0.02663405236493006,0.06062177826491074,0.0,0.0,0.0,0.0,0.04613153190750885,0.10500000000000004,0.0,0.0,0.0,0.0,0.0,0.0,0.0,0.6200806399170998,0.4091164312837388,0.11166666666666658,0.14675601851851852,0.14675601851851852,0.17157404513888885,0.1344796284687733,0.11040416666666668,0.10917916666666666,nan,nan,0.0,0.0,0.3333333333333333,0.3333333333333333
or,3,1,524,0.0,0.0,0.0,0.0,0.0,0.0,0.0,0.0,0.0,0.0,0.0,0.0,0.0,0.0,0.0,0.0,0.0,0.0,1.060052686387175,0.564857530313489,0.4847916666666667,0.16674376446759256,0.16674376446759256,0.1653528825954861,0.04208420618964646,0.16673083854166668,0.16673083854166668,nan,nan,0.0,0.0,0.0,0.0
or,3,1,525,0.0,0.0,0.0,0.0,0.0,0.0,0.0,0.0,0.0,0.0,0.0,0.0,0.0,0.0,0.0,0.0,0.0,0.0,0.7100005501758431,0.39658204404831565,0.0,0.25,0.25,0.2517041829427083,0.3091178763098714,0.25,0.25,nan,nan,0.3333333333333333,0.3333333333333333,0.6666666666666666,0.3333333333333333
or,3,1,526,0.08485281374238562,0.0,0.0,0.0,0.15556349186104043,0.0,0.11999999999999988,0.0,0.0,0.0,0.21999999999999997,0.0,0.08485281374238562,0.08485281374238562,0.08485281374238562,0.11999999999999988,0.11999999999999988,0.11999999999999988,0.6438167441127949,0.47804223171976573,0.1499999999999999,0.3086666666666667,0.34626666666666667,0.2497240885416667,0.22949735310728003,0.25733333333333336,0.3226,nan,nan,0.3333333333333333,0.3333333333333333,0.3333333333333333,0.3333333333333333
or,3,1,527,0.0,0.0,0.0,0.0,0.0,0.014914881954065352,0.0,0.0,0.0,0.0,0.0,0.025833333333333347,0.0,0.0,0.0,0.0,0.0,0.0,0.6433627476004498,0.3216813738002249,0.32375,0.17702135416666667,0.17702135416666667,0.16778990885416667,0.12281842535506805,0.17533385416666666,0.17533385416666666,nan,nan,0.0,0.0,0.0,0.0
or,3,1,528,0.0,0.0,0.0,0.0,0.0,0.0,0.0,0.0,0.0,0.0,0.0,0.0,0.0,0.0,0.0,0.0,0.0,0.0,0.6557438524302001,0.346257184643222,0.08000000000000002,0.22546666666666668,0.22546666666666668,0.27329166666666665,0.2516515138991168,0.22546666666666668,0.22546666666666668,nan,nan,0.0,0.0,0.6666666666666666,0.6666666666666666
or,3,1,529,0.38348122750922975,0.0,0.0,0.0,0.37967091013156523,0.0,0.4696666666666667,0.0,0.0,0.0,0.46499999999999997,0.0,0.3753162616999488,0.3793987446045893,0.38348122750922975,0.45966666666666667,0.4646666666666667,0.4696666666666667,0.9384103579991006,0.4758949121584761,0.4696666666666667,0.16697337037037038,0.11795408641975312,0.15617168055555555,0.050442588339241555,0.167075,0.119025,nan,nan,0.0,0.0,0.0,0.0
or,3,1,530,0.0,0.0,0.0,0.0,0.0,0.0,0.0,0.0,0.0,0.0,0.0,0.0,0.0,0.0,0.0,0.0,0.0,0.0,0.38105117766515295,0.19052558883257645,0.21999999999999997,0.28226666666666667,0.28226666666666667,0.23469166666666666,0.2363699233264452,0.28226666666666667,0.28226666666666667,nan,nan,0.6666666666666666,0.6666666666666666,0.3333333333333333,0.3333333333333333
or,3,1,531,0.16484426836411392,0.0,0.0,0.0,0.16882174400828823,0.0,0.23312500000000003,0.0,0.0,0.0,0.23875000000000002,0.0,0.15556349186104043,0.1608667927199396,0.16484426836411392,0.21999999999999997,0.22750000000000004,0.23312500000000003,0.5,0.3669462347509919,0.23312500000000003,0.190407421875,0.2590578776041667,0.2870425944010417,0.2786166626431536,0.1894171875,0.2595002604166667,nan,nan,0.3333333333333333,0.6666666666666666,0.3333333333333333,0.3333333333333333
or,3,1,532,0.0,0.0,0.0,0.0,0.0,0.0,0.0,0.0,0.0,0.0,0.0,0.0,0.0,0.0,0.0,0.0,0.0,0.0,0.7060912432186085,0.501620413869459,0.0,0.16666667,0.16666667,0.2687507625781251,0.22608909779366745,0.16666667,0.16666667,nan,nan,0.0,0.0,0.6666666666666666,0.6666666666666666
or,3,1,533,0.15556349186104043,0.0,0.0,0.0,0.15556349186104043,0.0,0.21999999999999997,0.0,0.0,0.0,0.21999999999999997,0.0,0.15556349186104043,0.15556349186104043,0.15556349186104043,0.21999999999999997,0.21999999999999997,0.21999999999999997,0.7116178749862878,0.49418807182583296,0.21999999999999997,0.3916,0.4568666666666667,0.3153604166666667,0.3484186748416078,0.3916,0.4568666666666667,nan,nan,0.3333333333333333,0.6666666666666666,0.6666666666666666,0.6666666666666666
or,3,1,534,0.0,0.0,0.0,0.0,0.0,0.0,0.0,0.0,0.0,0.0,0.0,0.0,0.0,0.0,0.0,0.0,0.0,0.0,1.0346028827526046,0.5689962903627999,0.0,0.49667500000000003,0.49667500000000003,0.26239225260416665,0.2244684002719387,0.49667500000000003,0.49667500000000003,nan,nan,0.6666666666666666,0.6666666666666666,0.6666666666666666,0.3333333333333333
or,3,1,535,0.0,0.0,0.0,0.0,0.0,0.0,0.0,0.0,0.0,0.0,0.0,0.0,0.0,0.0,0.0,0.0,0.0,0.0,0.5119516883945203,0.25597584419726016,0.326875,0.4840407552083333,0.4840407552083333,0.32827280273437504,0.3143303524935281,0.4442588541666666,0.4442588541666666,nan,nan,0.6666666666666666,0.6666666666666666,1.0,1.0
or,3,1,536,0.0,0.0,0.0,0.0,0.0,0.0,0.0,0.0,0.0,0.0,0.0,0.0,0.0,0.0,0.0,0.0,0.0,0.0,1.099475016769367,0.588728513912541,0.4825,0.16676875,0.16676875,0.17092177734375,0.05152034100707493,0.16676875,0.16676875,nan,nan,0.0,0.0,0.0,0.0
or,3,1,537,0.06805902768920524,0.0,0.0,0.0,0.2907976637629678,0.0,0.09625000000000006,0.0,0.0,0.0,0.4112500000000001,0.0,0.07071067811865482,0.061871843353822925,0.06805902768920524,0.10000000000000009,0.08750000000000002,0.09625000000000006,0.6988092550904003,0.416912408908209,0.09625000000000006,0.28517135416666667,0.2836273437499999,0.19946529947916666,0.14728866421781384,0.4434588541666667,0.4152710937500001,nan,nan,0.3333333333333333,0.6666666666666666,0.3333333333333333,0.3333333333333333
or,3,1,538,0.1614560483707526,0.0,0.0,0.0,0.28461047942758533,0.0,0.22833333333308475,0.0,0.0,0.0,0.40249999999999997,0.0,0.15792051446481986,0.1614560483707526,0.1614560483707526,0.22333333333308478,0.22833333333308475,0.22833333333308475,0.70572768296277,0.3928536370776143,0.22833333333308475,0.1413070023149203,0.2087287615741156,0.21694777560767972,0.19906679309105754,0.08661927083333333,0.19378489583333328,nan,nan,0.3333333333333333,0.3333333333333333,0.3333333333333333,0.3333333333333333
or,3,1,539,0.0,0.0,0.0,0.0,0.0,0.0,0.0,0.0,0.0,0.0,0.0,0.0,0.0,0.0,0.0,0.0,0.0,0.0,0.7636753236814713,0.49814013673480506,0.3464823227814083,0.166668,0.166668,0.09601945833333332,0.04866361541034178,0.166668,0.166668,nan,nan,0.0,0.0,0.0,0.0
or,3,1,540,0.0,0.0,0.0,0.0,0.0,0.0,0.0,0.0,0.0,0.0,0.0,0.0,0.0,0.0,0.0,0.0,0.0,0.0,0.8398196979114029,0.4494900960316417,0.36125,0.16678385416666666,0.16678385416666666,0.13619160677083333,0.04041741087896366,0.16678385416666666,0.16678385416666666,nan,nan,0.0,0.0,0.0,0.0
or,3,1,541,0.0,0.0,0.0,0.0,0.0,0.0,0.0,0.0,0.0,0.0,0.0,0.0,0.0,0.0,0.0,0.0,0.0,0.0,0.9114047365194018,0.5926787499389409,0.0,0.25,0.25,0.2751733561197917,0.23863346499969465,0.25,0.25,nan,nan,0.3333333333333333,0.3333333333333333,0.6666666666666666,0.3333333333333333
or,3,1,542,0.0,0.0,0.0,0.0,0.0,0.0,0.0,0.0,0.0,0.0,0.0,0.0,0.0,0.0,0.0,0.0,0.0,0.0,0.7731695520712129,0.4194739286738363,0.3031720324337322,0.16699741666666668,0.16699741666666668,0.21662417773437503,0.17222287857887508,0.16699741666666668,0.16699741666666668,nan,nan,0.0,0.0,0.6666666666666666,0.0
or,3,1,543,0.0,0.0,0.0,0.0,0.0,0.0,0.0,0.0,0.0,0.0,0.0,0.0,0.0,0.0,0.0,0.0,0.0,0.0,0.8806318754167373,0.5110910611801808,0.3326409475695979,0.4803,0.4803,0.2932768229166666,0.30375151052029065,0.4803,0.4803,nan,nan,1.0,1.0,0.6666666666666666,0.6666666666666666
or,3,1,544,0.0,0.0,0.0,0.0,0.0,0.0,0.0,0.0,0.0,0.0,0.0,0.0,0.0,0.0,0.0,0.0,0.0,0.0,0.5506147132977832,0.2927936581401484,0.0,0.1828,0.1828,0.27244534505208334,0.2572937260011701,0.1828,0.1828,nan,nan,0.0,0.0,0.6666666666666666,0.6666666666666666
or,3,1,545,0.0,0.0,0.0,0.0,0.0,0.0,0.0,0.0,0.0,0.0,0.0,0.0,0.0,0.0,0.0,0.0,0.0,0.0,0.5053124033704297,0.3530206053046306,0.0,0.25,0.25,0.34038626302083336,0.3403913103775653,0.25,0.25,nan,nan,0.6666666666666666,0.6666666666666666,1.0,1.0
or,3,1,546,0.0,0.0,0.0,0.0,0.08750446417183527,0.0,0.0,0.0,0.0,0.0,0.12375000000000003,0.0,0.0,0.0008838834764831656,0.0,0.0,0.0012499999999999734,0.0,0.7974542829111482,0.5084491187760695,0.1269269871597228,0.2836298755787037,0.2836298755787037,0.2673380805121528,0.2820329716551566,0.2396046875,0.27830234375,nan,nan,0.3333333333333333,0.3333333333333333,0.3333333333333333,0.3333333333333333
or,3,1,547,0.0,0.0,0.0,0.0,0.0,0.0,0.0,0.0,0.0,0.0,0.0,0.0,0.0,0.0,0.0,0.0,0.0,0.0,0.5803729942890177,0.3671968569704205,0.24,0.3492,0.3492,0.28172568359375,0.2805362481990428,0.25,0.25,nan,nan,1.0,1.0,0.6666666666666666,0.6666666666666666
or,3,1,548,0.041954119561200105,0.0,0.0,0.0,0.0,0.0,0.07266666666681787,0.0,0.0,0.0,0.0,0.0,0.041954119561200105,0.041954119561200105,0.041954119561200105,0.07266666666681787,0.07266666666681787,0.07266666666681787,0.6924355565682541,0.46767943062432815,0.3360558815965075,0.256755629629596,0.2561689135802108,0.25442325021701134,0.22262449061998246,0.25,0.25,nan,nan,0.3333333333333333,0.3333333333333333,0.6666666666666666,0.6666666666666666
or,3,1,549,0.030641293851305585,0.0,0.0,0.0,0.09192388155425119,0.0,0.04333333333317568,0.0,0.0,0.0,0.13,0.0,0.030641293851305585,0.030641293851305585,0.030641293851305585,0.04333333333317568,0.04333333333317568,0.04333333333317568,0.7166087670409844,0.4004639289974101,0.3022097436659706,0.4087861689815295,0.40847320601856874,0.2166495442708992,0.2041735198642369,0.35721875,0.3544020833333334,nan,nan,0.3333333333333333,0.3333333333333333,0.3333333333333333,0.3333333333333333
or,3,1,550,0.0,0.0,0.0,0.0,0.0,0.0,0.0,0.0,0.0,0.0,0.0,0.0,0.0,0.0,0.0,0.0,0.0,0.0,0.3536075243119128,0.1768037621559564,0.050381358159541534,0.17416666666666666,0.17416666666666666,0.2234382975260417,0.21236041496834898,0.17416666666666666,0.17416666666666666,nan,nan,0.3333333333333333,0.3333333333333333,0.3333333333333333,0.3333333333333333
or,3,1,551,0.0,0.0,0.0,0.0,0.0,0.0,0.0,0.0,0.0,0.0,0.0,0.0,0.0,0.0,0.0,0.0,0.0,0.0,0.7809902901658466,0.42572391116606106,0.12,0.2948,0.2948,0.32259331597222224,0.27631591003804856,0.25,0.25,nan,nan,0.3333333333333333,0.3333333333333333,0.6666666666666666,0.6666666666666666
or,3,1,552,0.0,0.0,0.0,0.0,0.0,0.0,0.0,0.0,0.0,0.0,0.0,0.0,0.0,0.0,0.0,0.0,0.0,0.0,0.2931030109023106,0.1465515054511553,0.0,0.25,0.25,0.27074811197916665,0.26917207978712443,0.25,0.25,nan,nan,0.3333333333333333,0.3333333333333333,0.6666666666666666,0.6666666666666666
or,3,1,553,0.0,0.0,0.0,0.0,0.0,0.0,0.0,0.0,0.0,0.0,0.0,0.0,0.0,0.0,0.0,0.0,0.0,0.0,0.5014105104602415,0.25070525523012077,0.0,0.25,0.25,0.23232109374999999,0.19962082000083456,0.25,0.25,nan,nan,0.0,0.0,0.6666666666666666,0.6666666666666666
or,3,1,554,0.0,0.0,0.0,0.0,0.14142135623730953,0.0,0.0,0.0,0.0,0.0,0.20000000000000007,0.0,0.0,0.0,0.0,0.0,0.0,0.0,0.5031898250163651,0.3937788026604505,0.0,0.40773333333333334,0.40773333333333334,0.32364374999999995,0.3114784174372279,0.3477333333333333,0.40773333333333334,nan,nan,0.6666666666666666,0.6666666666666666,0.6666666666666666,0.6666666666666666
or,3,1,555,0.3137786341515305,0.0,0.0,0.0,0.32261746891636234,0.0,0.4437500000000001,0.0,0.0,0.0,0.45625000000000004,0.0,0.3199658184869128,0.31819805153394637,0.3137786341515305,0.4525,0.44999999999999996,0.4437500000000001,0.9485465855718422,0.54188403000724,0.4437500000000001,0.09610677083333334,0.2112044270833333,0.2270583984375,0.23330207206460551,0.09569010416666666,0.2130794270833333,nan,nan,0.0,0.3333333333333333,0.3333333333333333,0.6666666666666666
or,3,1,556,0.13063945294837678,0.0,0.0,0.0,0.39191835884548676,0.0,0.15999999999985448,0.0,0.0,0.0,0.48,0.0,0.13063945294837678,0.13063945294837678,0.13063945294837678,0.15999999999985448,0.15999999999985448,0.15999999999985448,0.7534094379884022,0.3780868937307891,0.15999999999985448,0.205200000000033,0.19951111111115447,0.09661946072048526,0.05895819447330384,0.16679999999999998,0.1156,nan,nan,0.0,0.0,0.0,0.0
or,3,1,557,0.3009623237425243,0.0,0.0,0.0,0.30493979938669863,0.0,0.42562500000000003,0.0,0.0,0.0,0.43125,0.0,0.29698484809835,0.29963649852779956,0.3009623237425243,0.42000000000000004,0.42375000000000007,0.42562500000000003,0.7339708994571924,0.407773697049101,0.31809061700245106,0.452260546875,0.42206777343750007,0.396276318359375,0.3695972517840059,0.4557421875,0.42474609375,nan,nan,0.3333333333333333,0.6666666666666666,1.0,1.0
or,3,1,558,0.15556349186104043,0.0,0.0,0.0,0.15556349186104043,0.0,0.21999999999999997,0.0,0.0,0.0,0.21999999999999997,0.0,0.15556349186104043,0.15556349186104043,0.15556349186104043,0.21999999999999997,0.21999999999999997,0.21999999999999997,0.6276051953656855,0.31380259768284274,0.21999999999999997,0.33946666666666664,0.3314,0.3458101725260417,0.3255394767120727,0.33946666666666664,0.3314,nan,nan,0.3333333333333333,0.6666666666666666,1.0,1.0
or,3,1,559,0.0,0.0,0.0,0.0,0.0,0.0,0.0,0.0,0.0,0.0,0.0,0.0,0.0,0.0,0.0,0.0,0.0,0.0,0.37298625980054545,0.28614708591911964,0.0,0.25,0.25,0.323609765625,0.34061250454466335,0.25,0.25,nan,nan,0.6666666666666666,0.6666666666666666,0.6666666666666666,0.6666666666666666
or,3,1,560,0.0,0.0,0.0,0.0,0.0,0.0,0.0,0.0,0.0,0.0,0.0,0.0,0.0,0.0,0.0,0.0,0.0,0.0,0.5138853228104496,0.2569426614052248,0.0,0.25,0.25,0.2615432942708333,0.24022136626264215,0.25,0.25,nan,nan,0.0,0.0,0.6666666666666666,0.6666666666666666
or,3,1,561,0.0,0.0,0.0,0.0,0.3323401871576773,0.0,0.0,0.0,0.0,0.0,0.47,0.0,0.0,0.0,0.0,0.0,0.0,0.0,0.7636753236814714,0.49812563449006336,0.3323401871576773,0.28681666666666666,0.28681666666666666,0.20626022916666667,0.1807065069701653,0.16696666666666668,0.28681666666666666,nan,nan,0.3333333333333333,0.3333333333333333,0.3333333333333333,0.3333333333333333
or,3,1,562,0.3291582066423379,0.0,0.0,0.16044275061118235,0.32438523586932866,0.0,0.4655,0.0,0.0,0.27789499576467036,0.45875,0.0,0.33210448489728184,0.3285689509913491,0.3291582066423379,0.4696666666666667,0.4646666666666667,0.4655,1.1582037277612258,0.7174221818877146,0.46556285558450644,0.08375010416666667,0.2028017291666667,0.23230723822916668,0.21330009336794165,0.08390085416666666,0.20174226041666665,nan,nan,0.0,0.3333333333333333,0.6666666666666666,0.3333333333333333
or,3,1,563,0.0,0.0,0.0,0.0,0.0,0.0,0.0,0.0,0.0,0.0,0.0,0.0,0.0,0.0,0.0,0.0,0.0,0.0,0.6239541249161944,0.4495276858758323,0.0,0.4570999999999999,0.4570999999999999,0.3421428385416842,0.33893714037892425,0.4570999999999999,0.4570999999999999,nan,nan,0.6666666666666666,0.6666666666666666,0.6666666666666666,0.6666666666666666
or,3,1,564,0.0,0.0,0.0,0.0,0.0,0.0,0.0,0.0,0.0,0.0,0.0,0.0,0.0,0.0,0.0,0.0,0.0,0.0,0.4450280890011326,0.304072104227363,0.025000000000000022,0.17734166666666665,0.17734166666666665,0.21841722005208333,0.20381945739568844,0.16879999999999998,0.16879999999999998,nan,nan,0.3333333333333333,0.3333333333333333,0.3333333333333333,0.3333333333333333
or,3,1,565,0.0,0.0,0.0,0.0,0.0,0.0,0.0,0.0,0.0,0.0,0.0,0.0,0.0,0.0,0.0,0.0,0.0,0.0,0.6948128120220582,0.44788161611755667,0.0,0.17416666666666666,0.17416666666666666,0.13944431966145832,0.08574313508421605,0.17416666666666666,0.17416666666666666,nan,nan,0.0,0.0,0.0,0.0
or,3,1,566,0.048713928962874666,0.0,0.0,0.0,0.01804219591217576,0.0,0.08437499999999998,0.0,0.0,0.0,0.031249999999999944,0.0,0.04907477288111817,0.04402295802570896,0.048713928962874666,0.08499999999999996,0.07624999999999998,0.08437499999999998,0.6916200410991573,0.4257017900491296,0.284375,0.30174804687500006,0.28220703124999996,0.2263612141927083,0.21337833212767235,0.27490885416666666,0.26785590277777777,nan,nan,0.3333333333333333,0.3333333333333333,0.3333333333333333,0.3333333333333333
or,3,1,567,0.0,0.0,0.0,0.0,0.0,0.0,0.0,0.0,0.0,0.0,0.0,0.0,0.0,0.0,0.0,0.0,0.0,0.0,0.42579337712087534,0.337612281175873,0.18124999999999997,0.1894171875,0.1894171875,0.21273857421875006,0.19905046467487064,0.1894171875,0.1894171875,nan,nan,0.3333333333333333,0.3333333333333333,0.3333333333333333,0.3333333333333333
or,3,1,568,0.0,0.0,0.0,0.0,0.0,0.0,0.0,0.0,0.0,0.0,0.0,0.0,0.0,0.0,0.0,0.0,0.0,0.0,0.8002962732638457,0.5015116300033758,0.3733333333333333,0.17201481481481484,0.17201481481481484,0.08828270790225813,0.037433315698573534,0.17201481481481484,0.17201481481481484,nan,nan,0.0,0.0,0.0,0.0
or,3,1,569,0.0,0.0,0.0,0.0,0.0,0.0,0.0,0.0,0.0,0.0,0.0,0.0,0.0,0.0,0.0,0.0,0.0,0.0,0.3361570503499815,0.16807852517499075,0.21999999999999997,0.33946666666666664,0.33946666666666664,0.24120836588541664,0.23633968543829154,0.33946666666666664,0.33946666666666664,nan,nan,0.6666666666666666,0.6666666666666666,0.3333333333333333,0.3333333333333333
or,3,1,570,0.0,0.0,0.0,0.0,0.0,0.0,0.0,0.0,0.0,0.0,0.0,0.0,0.0,0.0,0.0,0.0,0.0,0.0,0.8321067013911136,0.4160533506955568,0.48125,0.16678385416666666,0.16678385416666666,0.14432086588541668,0.049470763942530915,0.16678385416666666,0.16678385416666666,nan,nan,0.0,0.0,0.0,0.0
or,3,1,571,0.0,0.0,0.0,0.0,0.0,0.0,0.0,0.0,0.0,0.0,0.0,0.0,0.0,0.0,0.0,0.0,0.0,0.0,0.3120321497858834,0.1560160748929417,0.21999999999999997,0.3317380208333333,0.3317380208333333,0.25004925130208333,0.24951505039631897,0.3317380208333333,0.3317380208333333,nan,nan,0.6666666666666666,0.6666666666666666,0.3333333333333333,0.3333333333333333
or,3,1,572,0.021448562500307144,0.0,0.0,0.0,0.08485281374238571,0.0,0.037149999999848526,0.0,0.0,0.0,0.12,0.0,0.026307927265986502,0.026307927265986502,0.021448562500307144,0.04556666666651521,0.04556666666651521,0.037149999999848526,0.7192345757817821,0.42332207664892824,0.05322713645830045,0.08522215379632997,0.08506880685188678,0.09032143714120906,0.062100602521145354,0.131467,0.12906700000000002,nan,nan,0.0,0.0,0.0,0.0
or,3,1,573,0.0,0.0,0.0,0.0,0.0,0.0,0.0,0.0,0.0,0.0,0.0,0.0,0.01876388374866282,0.0,0.0,0.03249999999999997,0.0,0.0,0.4169732205629745,0.2115197750192572,0.2533333333332849,0.15198518518517593,0.15198518518517593,0.20553333333333348,0.19424775210604342,0.14317760416666667,0.14317760416666667,nan,nan,0.3333333333333333,0.3333333333333333,0.0,0.0
or,3,1,574,0.0,0.0,0.0,0.0,0.0,0.0,0.0,0.0,0.0,0.0,0.0,0.0,0.0,0.0,0.0,0.0,0.0,0.0,0.775043204440888,0.387521602220444,0.45195833333333335,0.1674360005787037,0.1674360005787037,0.15075747157118055,0.0799402025487726,0.16679999999999998,0.16679999999999998,nan,nan,0.0,0.0,0.0,0.0
or,3,1,575,0.2861425441201562,0.0,0.0,0.0,0.28107494552165263,0.0,0.4046666666666666,0.0,0.0,0.0,0.39749999999999996,0.0,0.2873210554221338,0.2920351006300442,0.2861425441201562,0.4063333333333333,0.41300000000000003,0.4046666666666666,0.7590036231797579,0.5159920269787238,0.4046666666666666,0.08636281814814815,0.19395918851851848,0.195488641875,0.171577606859206,0.08683542,0.193001045,nan,nan,0.0,0.3333333333333333,0.3333333333333333,0.3333333333333333
or,3,1,576,0.0,0.0,0.0,0.0,0.04242640687119289,0.0,0.0,0.0,0.0,0.0,0.06000000000000005,0.0,0.0,0.0,0.0,0.0,0.0,0.0,0.43220365569948616,0.25307294536844754,0.11999999999999988,0.3094666666666666,0.3094666666666666,0.27934166666666665,0.2774005603269778,0.27226666666666666,0.2916666666666667,nan,nan,0.3333333333333333,0.3333333333333333,0.6666666666666666,0.6666666666666666
or,3,1,577,0.0,0.0,0.0,0.0,0.31201086719856413,0.0,0.0,0.0,0.0,0.0,0.44125000000000003,0.0,0.0,0.0,0.0,0.0,0.0,0.0,0.4824765214494899,0.31853134888778384,0.009722718241314978,0.25461484375,0.25461484375,0.292507470703125,0.2744777067156468,0.2870651041666667,0.25461484375,nan,nan,0.6666666666666666,0.6666666666666666,0.6666666666666666,0.6666666666666666
or,3,1,578,0.0,0.0,0.0,0.1419487205000037,0.0,0.0,0.0,0.0,0.0,0.24586239597540027,0.0,0.0,0.0,0.0,0.0,0.0,0.0,0.0,1.106295295682848,0.6604834472175319,0.0,0.16679999999999998,0.16679999999999998,0.28746618294270837,0.1588338924351069,0.16679999999999998,0.16679999999999998,nan,nan,0.0,0.0,0.6666666666666666,0.3333333333333333
or,3,1,579,0.0,0.0,0.0,0.0,0.3323401871576773,0.0,0.0,0.0,0.0,0.0,0.47,0.0,0.0,0.0,0.0,0.0,0.0,0.0,0.4994506982676068,0.32304339484992783,0.0,0.15681699999999998,0.15681699999999998,0.17693411805555267,0.139109721817496,0.19363366666666668,0.15681699999999998,nan,nan,0.0,0.0,0.0,0.0
or,3,1,580,0.0,0.0,0.0,0.0,0.0,0.0,0.0,0.0,0.0,0.0,0.0,0.0,0.0,0.0,0.0,0.0,0.0,0.0,0.6885327470425789,0.34426637352128947,0.400625,0.437041796875,0.437041796875,0.29404327799479163,0.26254850491236253,0.4359171875,0.4359171875,nan,nan,0.3333333333333333,0.3333333333333333,0.6666666666666666,0.6666666666666666
or,3,1,581,0.0,0.0,0.0,0.0,0.0,0.0,0.0,0.0,0.0,0.0,0.0,0.0,0.0,0.0,0.0,0.0,0.0,0.0,0.4734272207354931,0.2367136103677466,0.0,0.25,0.25,0.26562499999999195,0.2618868483557339,0.25,0.25,nan,nan,0.3333333333333333,0.3333333333333333,0.6666666666666666,0.6666666666666666
or,3,1,582,0.34593696667641816,0.0,0.0,0.0,0.34453777913314526,0.0,0.48922875,0.0,0.0,0.0,0.48725,0.0,0.3489571965155612,0.34825008973437466,0.34593696667641816,0.4935,0.4925,0.48922875,0.8536112946750851,0.551742238261392,0.4958258980886853,0.08830626586811342,0.048415470897019676,0.04728026036677516,0.005016432949007864,0.08742085416666667,0.04785209375000001,nan,nan,0.0,0.0,0.0,0.0
or,3,1,583,0.0,0.0,0.0,0.0,0.0,0.0,0.0,0.0,0.0,0.0,0.0,0.0,0.0,0.0,0.0,0.0,0.0,0.0,0.30587477012659936,0.16407494608539788,0.0,0.25,0.25,0.29623896846066583,0.30328980522417376,0.25,0.25,nan,nan,0.6666666666666666,0.6666666666666666,1.0,1.0
or,3,1,584,0.049055532944816745,0.0,0.0,0.0,0.25367455775067393,0.0,0.06937500000000002,0.0,0.0,0.0,0.35875,0.0,0.045961940777125586,0.0521491251125079,0.049055532944816745,0.065,0.07375000000000004,0.06937500000000002,0.47847495362871395,0.37448202077514864,0.06937500000000002,0.365198046875,0.3643958984375,0.2625527940538195,0.27519644156186984,0.31003593749999997,0.2885856770833333,nan,nan,0.3333333333333333,0.3333333333333333,0.3333333333333333,0.3333333333333333
or,3,1,585,0.0,0.0,0.0,0.0,0.0,0.0,0.0,0.0,0.0,0.0,0.0,0.0,0.0,0.0,0.0,0.0,0.0,0.0,0.8440771526248849,0.5619879205080803,0.0,0.25,0.25,0.116853810546875,0.029205758201158855,0.25,0.25,nan,nan,0.0,0.0,0.0,0.0
or,3,1,586,0.0,0.0,0.0,0.0,0.0,0.0,0.0,0.0,0.0,0.0,0.0,0.0,0.0,0.0,0.0,0.0,0.0,0.0,1.0534229919647664,0.5680576117204373,0.0,0.25,0.25,0.25486875,0.20693228311237666,0.25,0.25,nan,nan,0.3333333333333333,0.3333333333333333,0.3333333333333333,0.3333333333333333
or,3,1,587,0.004714045207841734,0.0,0.0,0.0,0.014142135623730963,0.0,0.006666666666569676,0.0,0.0,0.0,0.020000000000000018,0.0,0.004714045207841734,0.004714045207841734,0.004714045207841734,0.006666666666569676,0.006666666666569676,0.006666666666569676,0.475,0.3584344143476335,0.19782070041815597,0.19359063946762448,0.19358323206021733,0.1624860760124411,0.1379071252316976,0.1934713541666667,0.19340468749999998,nan,nan,0.0,0.0,0.0,0.0
or,3,1,588,0.29698484809834996,0.0,0.0,0.0,0.29698484809834996,0.0,0.42,0.0,0.0,0.0,0.42,0.0,0.29698484809834996,0.29698484809834996,0.29698484809834996,0.42,0.42,0.42,0.7720265539474662,0.41850602242755075,0.48,0.086875,0.05747500000000002,0.1430421875,0.07584677069878469,0.086875,0.05747500000000002,nan,nan,0.0,0.0,0.0,0.0
or,3,1,589,0.010886621079115555,0.0,0.0,0.0,0.0,0.0,0.013333333333333308,0.0,0.0,0.0,0.0,0.0,0.010886621079115555,0.010886621079115555,0.010886621079115555,0.013333333333333308,0.013333333333333308,0.013333333333333308,0.6811129449291065,0.47214044909014546,0.013333333333333308,0.2456148148148148,0.24557530864197533,0.10876419813368055,0.07257370365700573,0.25,0.25,nan,nan,0.0,0.0,0.0,0.0
or,3,1,590,0.21213203435596426,0.0,0.0,0.0,0.2474873734152916,0.0,0.3,0.0,0.0,0.0,0.35,0.0,0.21213203435596426,0.21213203435596426,0.21213203435596426,0.3,0.3,0.3,0.55,0.4123273031658203,0.3,0.09830000000000001,0.08329999999999999,0.11433472222222223,0.09080506529051048,0.09246666666666668,0.07204999999999999,nan,nan,0.0,0.0,0.0,0.0
or,3,1,591,0.0,0.0,0.0,0.0,0.0,0.0,0.0,0.0,0.0,0.0,0.0,0.0,0.0,0.0,0.0,0.0,0.0,0.0,1.453614449237228,0.731553743953258,0.0,0.25,0.25,0.2747199941048177,0.4079332406244498,0.25,0.25,nan,nan,0.6666666666666666,0.6666666666666666,0.6666666666666666,0.6666666666666666
or,3,1,592,0.16219261793466433,0.0,0.0,0.0,0.16882174400828823,0.0,0.229375,0.0,0.0,0.0,0.23875000000000002,0.0,0.1608667927199396,0.16351844314938907,0.16219261793466433,0.22750000000000004,0.23124999999999996,0.229375,0.7206412617419293,0.3700615140349164,0.229375,0.191079296875,0.25876881510416666,0.25062106933593753,0.2594368135283381,0.1894171875,0.2595002604166667,nan,nan,0.3333333333333333,0.6666666666666666,0.3333333333333333,0.6666666666666666
or,3,1,593,0.0,0.0,0.0,0.0,0.16086679271993953,0.08485281374238571,0.0,0.0,0.0,0.0,0.22749999999999995,0.12,0.017677669529663664,0.04242640687119281,0.0,0.024999999999999967,0.05999999999999994,0.0,0.8456229212834763,0.5854133229464609,0.007500000000000062,0.045543749999999994,0.045543749999999994,0.18333144531250004,0.1377802991585003,0.022435416666666656,0.013809374999999999,nan,nan,0.0,0.0,0.3333333333333333,0.0
or,3,1,594,0.3656311142255468,0.0,0.0,0.0,0.3949797529093527,0.0,0.6332916666666667,0.0,0.0,0.0,0.684125,0.0,0.31311629599050705,0.35593644095540433,0.3656311142255468,0.5423333333333333,0.6165,0.6332916666666667,0.7788095449412948,0.4981857170680249,0.44855307695658736,0.20684465335648147,0.16228261612654318,0.13377283821903999,0.08275917496704202,0.24378400520833332,0.19178100347222218,nan,nan,0.3333333333333333,0.3333333333333333,0.0,0.0
or,3,1,595,0.0,0.0,0.0,0.0,0.0,0.012374368670764632,0.0,0.0,0.0,0.0,0.0,0.01750000000000007,0.0,0.0,0.0,0.0,0.0,0.0,0.41800960664798126,0.2582556130848068,0.04190763653560055,0.13363020833333333,0.13363020833333333,0.211974560546875,0.19900539576045873,0.13363020833333333,0.13363020833333333,nan,nan,0.0,0.0,0.3333333333333333,0.3333333333333333
or,3,1,596,0.0,0.0,0.0,0.0,0.0,0.0,0.0,0.0,0.0,0.0,0.0,0.0,0.0,0.0,0.0,0.0,0.0,0.0,0.722090884169022,0.4328303136793228,0.172776047240351,0.34036718750000006,0.34036718750000006,0.2735036005902778,0.2430425328487994,0.28716718750000003,0.28716718750000003,nan,nan,0.6666666666666666,0.6666666666666666,0.6666666666666666,0.6666666666666666
or,3,1,597,0.0,0.0,0.0,0.0,0.0,0.0,0.0,0.0,0.0,0.0,0.0,0.0,0.0,0.0,0.0,0.0,0.0,0.0,0.5657231728799283,0.2828615864399642,0.0,0.25,0.25,0.2798620008680555,0.2588708114973541,0.25,0.25,nan,nan,0.0,0.0,0.6666666666666666,0.6666666666666666
or,3,1,598,0.0,0.0,0.0,0.0,0.0,0.0,0.0,0.0,0.0,0.0,0.0,0.0,0.0,0.0,0.0,0.0,0.0,0.0,0.6159545437773797,0.30797727188868984,0.0,0.25,0.25,0.23068194444444445,0.2092604738878192,0.25,0.25,nan,nan,0.3333333333333333,0.3333333333333333,0.3333333333333333,0.3333333333333333
or,3,1,599,0.0,0.0,0.0,0.0,0.0,0.0,0.0,0.0,0.0,0.0,0.0,0.0,0.0,0.0,0.0,0.0,0.0,0.0,0.32,0.2340538426029364,0.0,0.25,0.25,0.26864441731770833,0.27752972134813986,0.25,0.25,nan,nan,0.3333333333333333,0.3333333333333333,0.3333333333333333,0.3333333333333333
or,3,1,600,0.09572458050303821,0.0,0.0,0.0,0.4546696603029501,0.0,0.1353749999998718,0.0,0.0,0.0,0.643,0.0,0.09439875528831343,0.09174710485886389,0.09572458050303821,0.13349999999987178,0.1297499999998718,0.1353749999998718,0.24421916386721174,0.19482366755130678,0.1353749999998718,0.30764223437503074,0.34971283593749375,0.28505073632814887,0.29053695542454366,0.20757268750000002,0.3529978541666667,nan,nan,0.6666666666666666,0.6666666666666666,0.6666666666666666,0.6666666666666666
or,3,1,601,0.11646013465104318,0.0,0.0,0.0,0.4000833246547677,0.0,0.16333333333318478,0.0,0.0,0.0,0.49,0.0,0.11646013465104318,0.11646013465104318,0.11646013465104318,0.16333333333318478,0.16333333333318478,0.16333333333318478,0.6975619745462763,0.4151974861520915,0.11836853936365703,0.18467407407407388,0.23052345679007966,0.20872345920136706,0.19169381810302225,0.1667,0.22223333333323428,nan,nan,0.3333333333333333,0.3333333333333333,0.3333333333333333,0.3333333333333333
or,3,1,602,0.29698484809835,0.0,0.0,0.014344957312914937,0.29698484809835,0.0,0.42000000000000004,0.0,0.0,0.024846194898375362,0.42000000000000004,0.0,0.29698484809835,0.29698484809835,0.29698484809835,0.42000000000000004,0.42000000000000004,0.42000000000000004,1.1138473916803528,0.6173810806436808,0.42000000000000004,0.16879999999999998,0.27940000000000004,0.23037795142089848,0.26709416838247385,0.16879999999999998,0.27940000000000004,nan,nan,0.0,0.3333333333333333,0.6666666666666666,0.6666666666666666
partition,7,2,134,0.05799954829867786,0.0,5.887846720064156e-17,0.09703639193944011,0.687386354243376,0.03509670106514246,0.15345238095238112,1.1102230246251565e-16,0.0,0.2567341611947511,1.65,0.09285714285714264,0.05867448485762284,0.05732461173973273,0.05799954829867778,0.15523809523809495,0.1516666666666664,0.15345238095238067,0.5270600173649694,0.3233809353397707,0.15345238095238095,0.11510431041464207,0.11462374647137767,0.12331064519557823,0.1162828019371961,0.18178571428571427,0.11428571428571431,0.11432748460609357,0.0,0.14285714285714285,0.14285714285714285,0.14285714285714285,0.14285714285714285
partition,7,2,135,0.11457428844944287,0.0,6.049187461416408e-17,0.19438695880817686,0.6320601237224192,6.798699777552591e-17,0.2523809523809524,0.0,0.0,0.5142995511205923,1.44,2.220446049250313e-16,0.11457428844944302,0.11457428844944302,0.11457428844944302,0.2523809523809524,0.2523809523809524,0.2523809523809524,0.7122800412357888,0.45347929746566207,0.2613327085928948,0.21354201490119856,0.19598641885325557,0.1536191326530612,0.14842768259095526,0.3079714285714285,0.1837571428571429,0.18792361565771618,0.0,0.2857142857142857,0.2857142857142857,0.14285714285714285,0.14285714285714285
partition,6,2,136,0.05670115145331421,0.0,0.0,0.1649379050981282,0.683780849395477,0.0,0.13888888888888884,2.220446049250313e-16,0.0,0.4040137067340104,1.6325000000000003,0.0,0.043818649843121185,0.047288760312063985,0.05443310539518161,0.10733333333333306,0.11583333333333323,0.13333333333333308,0.6910432368588332,0.3922599879275109,0.16896562584161723,0.1359310699588477,0.13539523319615912,0.09185613440996333,0.09562305102193323,0.21125937500000003,0.1333333333333334,0.13562261533125214,0.0,0.16666666666666666,0.16666666666666666,0.16666666666666666,0.16666666666666666
partition,3,2,137,0.22709110588125273,0.0,0.0,0.0743407000325204,0.2886751345948128,0.0,0.3933333333333333,0.0,0.0,0.12876186952656266,0.5,0.0,0.22709110588125273,0.22709110588125273,0.22709110588125273,0.3933333333333333,0.3933333333333333,0.3933333333333333,0.5107510809255978,0.33588469933498327,0.23556079658739665,0.22368148148148148,0.20649135802469135,0.21979181857638888,0.2160673106337219,0.25,0.22222222222222224,0.2106674908236228,0.0,0.3333333333333333,0.3333333333333333,0.3333333333333333,0.3333333333333333
partition,6,2,138,0.011340230290662844,0.0,0.0,0.19497093644730382,0.816496580927726,0.009117545153692883,0.02777777777777768,0.0,0.0,0.47757930896850165,2.0,0.022333333333333205,0.01360827634879559,0.01360827634879559,0.01360827634879559,0.03333333333333344,0.03333333333333344,0.03333333333333344,0.8464207730201333,0.5805206600230682,0.02777777777777779,0.1405606995884774,0.14053926611796982,0.07102567877121911,0.07485734790342745,0.25,0.13888888888888887,0.14049184319454586,0.0,0.16666666666666666,0.16666666666666666,0.16666666666666666,0.16666666666666666
partition,6,2,139,0.10478372788572486,0.0,0.0,0.19054912493688297,0.43044308566870954,6.798699777552591e-17,0.2566666666666667,0.0,0.0,0.4667481270292052,0.9625000000000001,2.220446049250313e-16,0.09797958971132707,0.10138165879852597,0.10478372788572485,0.24,0.2483333333333333,0.2566666666666666,0.6668840791321982,0.4149491643506385,0.22320969836556034,0.18848894675925928,0.1866590084876543,0.1755527886284722,0.17514225630020738,0.30950520833333334,0.21445833333333333,0.20616082919423273,0.0,0.16666666666666666,0.16666666666666666,0.16666666666666666,0.16666666666666666
partition,3,2,140,0.0,0.0,9.614813431917819e-17,0.12606341604014312,0.2886751345948128,0.0,0.0,0.0,1.1102230246251565e-16,0.2183482415572212,0.5,0.0,0.0,0.0,0.0,0.0,0.0,0.0,0.7552676126159963,0.3776338063079981,0.0,0.22222222222222224,0.22222222222222224,0.13132838541666667,0.12208778893488309,0.25,0.22222222222222224,0.22222222222222224,0.0,0.3333333333333333,0.3333333333333333,0.3333333333333333,0.0
partition,4,2,141,0.008854166666666607,0.0,0.0,0.08094965854227763,0.20207259421636906,0.0,0.017708333333333215,0.0,0.0,0.1618993170845553,0.3500000000000001,0.0,0.004166666666666652,0.007291666666666682,0.008854166666666607,0.008333333333333304,0.014583333333333282,0.017708333333333215,0.38297084310253526,0.25580981138580294,0.01770833333333338,0.1637936740451389,0.1637740749782986,0.16507181803385418,0.15578680146862764,0.15562499999999999,0.14541666666666667,0.1637162369595018,0.0,0.25,0.25,0.25,0.25
partition,3,2,142,0.07024428275140439,0.0,0.0,0.004966834816598398,0.3002221399786054,0.0009622504486494145,0.12166666666666659,0.0,0.0,0.008602810255150528,0.52,0.0016666666666667052,0.0731310340973526,0.07168765842437859,0.07024428275140439,0.1266666666666667,0.12416666666666676,0.12166666666666659,0.17060859200716316,0.08530429600358162,0.11960147945944846,0.2541935185185185,0.25254876543209875,0.22317584635416668,0.22130215345940216,0.2568,0.22675555555555557,0.24894115118852325,0.0,0.3333333333333333,0.3333333333333333,0.3333333333333333,0.3333333333333333
partition,3,2,143,0.036244766899126465,0.0,3.925231146709438e-17,0.16189159923194618,0.2886751345948128,1.6184142622847344e-16,0.06277777777777771,0.0,1.1102230246251565e-16,0.28040447518830947,0.5,2.220446049250313e-16,0.024056261216234432,0.024056261216234432,0.024056261216234432,0.04166666666666674,0.04166666666666674,0.04166666666666674,0.700484951063666,0.4078026764353997,0.13072565750786722,0.17693096707818934,0.17649307270233194,0.10189445408950619,0.08508763618383734,0.25,0.22222222222222224,0.173805828524485,8.326672684688674e-17,0.3333333333333333,0.3333333333333333,0.0,0.0
partition,3,2,144,0.16666177770607205,0.0,9.614813431917819e-17,0.06554557897060219,0.3002221399786054,0.0,0.28866666666666685,2.220446049250313e-16,2.220446049250313e-16,0.11352827298860124,0.52,0.0,0.16550707716769272,0.16550707716769272,0.16666177770607205,0.2866666666666666,0.2866666666666666,0.28866666666666685,0.5179517352031943,0.27618121320547945,0.21826487476356685,0.29558355555555554,0.2863248395061728,0.19337487499999997,0.17409909194684134,0.2568,0.22675555555555557,0.270814660500807,9.614813431917819e-17,0.6666666666666666,0.3333333333333333,0.3333333333333333,0.3333333333333333
partition,3,2,145,0.04233901974057254,0.0,0.0,0.012424637158114198,0.2886751345948128,0.0,0.07333333333333325,0.0,0.0,0.02152010282346195,0.5,0.0,0.04233901974057254,0.04233901974057254,0.04233901974057254,0.07333333333333325,0.07333333333333325,0.07333333333333325,0.23906066175763832,0.1495864246053953,0.0733333333333333,0.1914222222222222,0.19082469135802468,0.19865034722222222,0.19622033303865713,0.25,0.22222222222222224,0.19289379267775164,0.0,0.3333333333333333,0.3333333333333333,0.3333333333333333,0.3333333333333333
partition,7,2,146,0.2065348304672728,0.0,0.0,0.1265345371717537,0.5046038049797088,0.018628249026883384,0.47279761904761886,0.0,0.0,0.33477891761711853,1.085,0.04928571428571438,0.20712985728228023,0.20672919835196762,0.20653483046727283,0.47833333333333306,0.4747619047619045,0.47279761904761886,0.6845067958548174,0.48309317980975014,0.2881858439281666,0.08342872580579853,0.07733492063492063,0.050013277264030605,0.046422862389118635,0.1435178571428571,0.10714285714285714,0.08452938668854978,0.0,0.14285714285714285,0.14285714285714285,0.14285714285714285,0.14285714285714285
partition,4,2,147,0.12281249999999999,0.0,0.0,0.09600120761163757,0.438125,1.1443916996305594e-16,0.24562499999999998,0.0,0.0,0.1920024152232751,0.87625,2.220446049250313e-16,0.12812500000000004,0.12468750000000006,0.12906250000000008,0.2562500000000001,0.24937500000000012,0.25812500000000016,0.4223742416388575,0.2476853850978852,0.15396960942017096,0.19131728515625,0.18754655761718755,0.1767340087890625,0.16431663081130327,0.28476601562500004,0.23677763671875,0.18719607940385427,0.0,0.25,0.25,0.25,0.25
partition,5,2,148,0.07472500000000004,0.0,0.0,0.044599549938594905,0.2899820396737241,0.0,0.14945000000000008,0.0,2.220446049250313e-16,0.09972762542859481,0.5275000000000001,0.0,0.05795000000000006,0.07272500000000004,0.07472500000000004,0.11590000000000011,0.14545000000000008,0.14945000000000008,0.31230995554630236,0.15615497777315118,0.14945,0.13780039383333337,0.13668362870833334,0.1313525521875,0.1286591652415458,0.15015125,0.13333333333333336,0.1378412969454142,0.0,0.2,0.2,0.2,0.2
partition,6,2,149,0.010886621079036303,0.0,0.0,0.12123662176935851,0.2886751345948128,0.0,0.026666666666666616,0.0,0.0,0.29696786147372733,0.5,0.0,0.010886621079036303,0.010886621079036303,0.010886621079036303,0.026666666666666616,0.026666666666666616,0.026666666666666616,0.8155787822154277,0.4181660350728971,0.026666666666666727,0.11715555555555557,0.11713580246913581,0.06605384114583333,0.05897278128829216,0.125,0.11111111111111112,0.11728279226871836,0.0,0.16666666666666666,0.16666666666666666,0.16666666666666666,0.16666666666666666
partition,5,2,150,0.07535549084174295,0.0,0.0,0.0544855067059494,0.37912574183903686,0.0022360679774997417,0.16849999999999987,0.0,0.0,0.12183329678302346,0.8474999999999999,0.004999999999999893,0.08184008797649234,0.07647352483049283,0.07535549084174295,0.18300000000000005,0.17100000000000004,0.1685000000000001,0.46379413536611264,0.23189706768305632,0.12045175382699914,0.23086839166666664,0.22973270166666673,0.2540638125,0.2539167079649376,0.28763812499999997,0.258890859375,0.21783182940042814,1.1274368112207335e-16,0.2,0.2,0.2,0.2
partition,3,2,151,0.0,0.0,0.0,0.008608394314930951,0.2886751345948128,0.0,0.0,0.0,0.0,0.01491017632504732,0.5,0.0,0.0,0.0,0.0,0.0,0.0,0.0,0.2525020626978455,0.12654355992603983,5.551115123125783e-17,0.22222222222222224,0.22222222222222224,0.22055709635416662,0.2177884081551058,0.25,0.22222222222222224,0.22222222222222224,0.0,0.3333333333333333,0.3333333333333333,0.3333333333333333,0.3333333333333333
partition,5,2,152,0.3322797014564688,0.0,0.0,0.17911608354839137,0.3292610096868441,0.0,0.743,2.220446049250313e-16,1.1102230246251565e-16,0.40051573867773493,0.7362500000000001,0.0,0.33049084707446896,0.33160888106321884,0.3322797014564688,0.7390000000000001,0.7415,0.743,0.8413532007030896,0.42516012760053234,0.3898940561229422,0.206103475,0.18402151499999997,0.1284613567708333,0.21181247163819497,0.2063378125,0.18465525,0.29240828778634037,0.0,0.2,0.2,0.2,0.2
partition,6,2,153,0.26906113893383965,0.0,1.0315407380583415e-16,0.3652092008086425,0.17809831671486026,0.0,0.6590624999999999,0.0,2.220446049250313e-16,0.8945761913508118,0.43625,0.0,0.2694438717061496,0.2694438717061496,0.26906113893383965,0.6599999999999999,0.6599999999999999,0.6590624999999999,0.966891564176149,0.587979155552575,0.4660451706953654,0.18519273907696762,0.1731270896629051,0.15528290066189238,0.1456702985695685,0.20883151041666667,0.20354500868055556,0.326046663055319,4.0937115672263684e-17,0.16666666666666666,0.16666666666666666,0.16666666666666666,0.16666666666666666
partition,2,2,154,0.09545941546018392,0.0,0.0,0.012749861816207875,0.19091883092036782,0.0,0.135,0.0,0.0,0.018031027498864094,0.27,0.0,0.09545941546018392,0.09545941546018392,0.09545941546018392,0.135,0.135,0.135,0.36769552621700474,0.194748992651795,0.10007809450624047,0.1916125,0.18705625,0.23613525390625,0.2361806567291331,0.15145,0.13322499999999998,0.17805472952654616,0.0,0.5,0.0,0.0,0.0
partition,3,2,155,0.05605108863382608,0.0,0.0,0.00988132828096378,0.15227613349876376,0.0,0.09708333333333319,0.0,0.0,0.017114962628896446,0.26374999999999993,0.0,0.024056261216234432,0.02309401076758507,0.021410072482448507,0.04166666666666663,0.039999999999999925,0.037083333333333246,0.22404659113675437,0.14688195477555335,0.07327767774401395,0.16662320601851852,0.16557596450617282,0.2122020182291667,0.2094722789072455,0.1898546875,0.18212534722222226,0.16060132596830975,8.326672684688674e-17,0.3333333333333333,0.3333333333333333,0.3333333333333333,0.3333333333333333
partition,3,2,156,0.0384900179459752,0.0,0.0,0.010836016619586181,0.2886751345948128,0.0,0.06666666666666687,2.220446049250313e-16,0.0,0.018768531336784022,0.5,0.0,0.094300543967639,0.094300543967639,0.094300543967639,0.16333333333333355,0.16333333333333355,0.16333333333333355,0.22951261766331418,0.14349389617192967,0.06666666666666665,0.23851851851851855,0.23802469135802465,0.19395158420138894,0.19264013692881132,0.25,0.22222222222222224,0.23697916666666666,0.0,0.3333333333333333,0.3333333333333333,0.3333333333333333,0.3333333333333333
partition,3,2,157,0.1972613419731222,0.0,1.1443916996305594e-16,0.11580400628351711,0.41569219381653055,0.0,0.3416666666666668,1.1102230246251565e-16,2.220446049250313e-16,0.20057842260307712,0.72,0.0,0.1972613419731222,0.1958179663001482,0.1972613419731222,0.3416666666666668,0.33916666666666684,0.3416666666666668,0.4200793575821914,0.25585873502810563,0.24786308944881463,0.16271574074074077,0.1497450617283951,0.17470729166666668,0.1605548775910491,0.23866666666666667,0.18106666666666668,0.1664225917209984,8.326672684688674e-17,0.0,0.3333333333333333,0.3333333333333333,0.3333333333333333
partition,3,2,158,0.29541088773535856,0.0,0.0,0.13665754995830037,0.12701705922171766,0.00384900179459745,0.5116666666666666,0.0,0.0,0.2366978197656583,0.21999999999999997,0.0066666666666663765,0.24826061575153904,0.24826061575153904,0.2472983653028897,0.42999999999999994,0.42999999999999994,0.42833333333333323,0.5815066637623338,0.3986610388930376,0.36533470194390844,0.3783787037037037,0.34928950617283955,0.32478784722222226,0.42668617885641336,0.4428,0.4374222222222222,0.5222270109921684,0.0,0.3333333333333333,0.6666666666666666,0.3333333333333333,0.6666666666666666
partition,3,2,159,0.0,0.0,0.0,0.20085493093046394,0.2886751345948128,0.0,0.0,0.0,0.0,0.34789094532230114,0.5,0.0,0.0,0.0,0.0,0.0,0.0,0.0,0.7350658984063946,0.37829943673896493,0.0,0.22222222222222224,0.22222222222222224,0.2561445529513889,0.3792757307881461,0.25,0.22222222222222224,0.22222222222222224,0.0,0.3333333333333333,0.3333333333333333,0.3333333333333333,0.3333333333333333
partition,4,2,160,0.2416666666666667,0.0,0.0,0.07770043308362021,0.053125000000000006,0.0,0.4833333333333334,0.0,0.0,0.15540086616724047,0.10624999999999996,0.0,0.23916666666666664,0.2416666666666667,0.24166666666666664,0.4783333333333333,0.4833333333333334,0.4833333333333333,0.5617286377780646,0.3187514228246998,0.340114487464638,0.12836391059027777,0.11376321614583335,0.1342146728515625,0.1270536109978834,0.084553515625,0.08384794921875,0.07196678264828303,0.0,0.25,0.25,0.25,0.25
partition,3,2,161,0.11787567995954856,0.0,0.0,0.07141876632359707,0.3204293994002422,0.0,0.2041666666666666,0.0,0.0,0.12370093188635922,0.5549999999999999,0.0,0.12413030787576962,0.11980018085684732,0.11787567995954856,0.21500000000000008,0.20750000000000002,0.2041666666666666,0.4934867441650957,0.28429217043278693,0.1642681581371684,0.1715872685185185,0.1669557098765432,0.18929435763888888,0.1706843343835732,0.2800416666666667,0.24581666666666666,0.17571181698814273,0.0,0.3333333333333333,0.3333333333333333,0.3333333333333333,0.3333333333333333
partition,3,2,162,0.0,0.0,0.0,0.03065704658066832,0.2886751345948128,0.0,0.0,0.0,0.0,0.05309956228772328,0.5,0.0,0.0,0.0,0.0,0.0,0.0,0.0,0.3625660859300917,0.18128304296504585,5.551115123125783e-17,0.22222222222222224,0.22222222222222224,0.22343307291666667,0.21316666043539634,0.25,0.22222222222222224,0.22222222222222224,0.0,0.3333333333333333,0.3333333333333333,0.3333333333333333,0.3333333333333333
partition,8,2,163,0.20340971072361977,0.0,0.0,0.09988884077580666,0.7886350946413685,0.0,0.4982500000000001,1.1102230246251565e-16,0.0,0.2825283067097448,1.88125,0.0,0.20276331759705193,0.20038186923601273,0.20340971072361977,0.4966666666666666,0.49083333333333323,0.49824999999999986,0.6136657274119192,0.4509329006300415,0.2990435796000308,0.12241544531249998,0.11724350651041662,0.1034623876953125,0.100376617598277,0.1946533203125,0.11691015625,0.10553675461351553,0.0,0.25,0.25,0.125,0.125
partition,4,2,164,0.125,0.0,0.0,0.08411496239993978,0.2886751345948128,0.0,0.25,0.0,0.0,0.16822992479987953,0.5,0.0,0.125,0.125,0.125,0.25,0.25,0.25,0.34438350715445126,0.20983491399519974,0.19113456483587685,0.171875,0.16796875,0.15514650268554686,0.14854197885295461,0.1875,0.16666666666666669,0.16666666666666669,0.0,0.25,0.25,0.25,0.25
partition,5,2,165,0.04248529157249593,0.0,0.0,0.07322764549686393,0.26375,0.0,0.09499999999999986,2.220446049250313e-16,0.0,0.16374199316324423,0.5237499999999999,0.0,0.04561578674099565,0.0355534808422466,0.04248529157249593,0.10199999999999987,0.0794999999999999,0.09499999999999986,0.7149541069187589,0.39363683776670394,0.0792499561864583,0.11992277777777778,0.11956177777777774,0.1662182421875,0.16558632272697846,0.1374328125,0.12352,0.1176941417471316,3.0436364816617976e-17,0.2,0.2,0.2,0.2
partition,7,2,166,0.10488514126006057,0.0,5.374844106186573e-17,0.31996581856836953,0.3960370287296379,0.0025197631533948215,0.2775000000000001,0.0,1.1102230246251565e-16,0.8465499839731185,0.8970000000000002,0.006666666666666599,0.10331028928918874,0.10520011165423493,0.10488514126006057,0.2733333333333332,0.2783333333333333,0.2775000000000001,1.0281096123468547,0.6440169490639011,0.24746632767577356,0.11458184523809524,0.11301028911564626,0.08483341703869049,0.12700419720156092,0.11845708928571427,0.09605061383928572,0.11400497508182998,0.0,0.14285714285714285,0.14285714285714285,0.14285714285714285,0.14285714285714285
partition,3,2,167,0.10392304845413274,0.0,0.0,0.011923936584302575,0.34063665882187916,0.0,0.17999999999999994,2.220446049250313e-16,0.0,0.020652863990241244,0.5899999999999999,0.0,0.10777205024873018,0.10392304845413264,0.10392304845413264,0.18666666666666676,0.17999999999999994,0.17999999999999994,0.24913182588073055,0.1547415354072861,0.12806248474865703,0.19820000000000002,0.19460000000000002,0.20789305555555557,0.20619317233459725,0.2227,0.18402222222222223,0.19836253950014368,0.0,0.3333333333333333,0.3333333333333333,0.3333333333333333,0.3333333333333333
partition,3,2,168,0.12268693220279542,0.0,0.0,0.015554390036651992,0.38105117766515295,0.0,0.2124999999999999,0.0,0.0,0.026940993824224324,0.6600000000000001,0.0,0.12124355652982141,0.12124355652982141,0.12268693220279542,0.20999999999999996,0.20999999999999996,0.2124999999999999,0.26025828517071264,0.13012914258535635,0.15026019100214127,0.20613715277777778,0.20111979166666663,0.2059250217013889,0.2024785903362436,0.25426666666666664,0.20586666666666667,0.20445554492743354,0.0,0.3333333333333333,0.3333333333333333,0.3333333333333333,0.3333333333333333
partition,3,2,169,0.13984706520370932,0.0,0.0,0.0750106236122102,0.1616580753730952,0.0,0.24222222222222212,0.0,0.0,0.12992221120377367,0.28,0.0,0.20207259421636897,0.20207259421636897,0.20207259421636897,0.34999999999999987,0.34999999999999987,0.34999999999999987,0.6075625825103671,0.35449006107156067,0.17537965871604957,0.30206337448559667,0.2955443072702331,0.21442316502700617,0.19685327791131532,0.33946666666666664,0.3307555555555555,0.27993115314744466,0.0,0.6666666666666666,0.3333333333333333,0.3333333333333333,0.3333333333333333
partition,3,2,170,0.11883793040819797,0.0,0.0,0.014320128842587246,0.15660626051768595,0.00384900179459745,0.2058333333333333,0.0,0.0,0.024803190726293556,0.27125,0.006666666666666821,0.12124355652982133,0.12220580697847075,0.1188379304081979,0.20999999999999985,0.21166666666666656,0.2058333333333332,0.2520933193614354,0.12604665968071774,0.14554614579423109,0.19060393518518523,0.18589645061728396,0.20639342447916667,0.2032273772194033,0.1911921875,0.18301701388888889,0.17955411878396565,0.0,0.3333333333333333,0.3333333333333333,0.3333333333333333,0.3333333333333333
partition,3,2,171,0.06415002990995841,0.0,1.1443916996305594e-16,0.17075116257597403,0.040414518843273864,8.582937747229195e-17,0.11111111111111105,0.0,2.220446049250313e-16,0.29574968903304055,0.07000000000000006,1.1102230246251565e-16,0.16550707716769272,0.16550707716769272,0.16550707716769272,0.2866666666666666,0.2866666666666666,0.2866666666666666,0.7156500177577492,0.3918669823549295,0.07856742013183857,0.20164609053497942,0.20027434842249656,0.12928486388406635,0.11276964657578163,0.1683,0.16775555555555555,0.19791666666666666,0.0,0.3333333333333333,0.3333333333333333,0.3333333333333333,0.0
partition,3,2,172,0.2872317589218388,0.0,0.0,0.14293852464251544,0.23094010767585027,0.0,0.49749999999999994,1.1102230246251565e-16,0.0,0.2475767870397727,0.4,0.0,0.2867506336975141,0.2872317589218388,0.2872317589218388,0.4966666666666666,0.49749999999999994,0.49749999999999994,0.9074758949966659,0.45403282062181277,0.36593202920761125,0.3696354166666667,0.3421347222222222,0.2059120659722222,0.2701358033517658,0.40559999999999996,0.38782222222222223,0.4946137196824061,6.736447455048117e-17,0.3333333333333333,0.3333333333333333,0.3333333333333333,0.3333333333333333
partition,3,2,173,0.25283130538262366,0.0,0.0,0.2165281429256031,0.33053302911106064,0.0,0.43791666666666673,1.1102230246251565e-16,0.0,0.3750377448156801,0.5725,0.0,0.2549963688920846,0.25355299321911057,0.25283130538262366,0.44166666666666643,0.4391666666666665,0.43791666666666673,0.6929646455628166,0.4720818169561609,0.2563827569388306,0.26728107638888887,0.24597318672839508,0.23150904947916665,0.2693093441873431,0.22758541666666665,0.19116805555555558,0.2386121686556696,9.614813431917819e-17,0.3333333333333333,0.3333333333333333,0.3333333333333333,0.3333333333333333
partition,3,2,174,0.0385381304684076,0.0,0.0,0.022921828140095135,0.30238720348806664,0.008660254037844475,0.06674999999999986,0.0,0.0,0.0397017709410068,0.5237500000000002,0.015000000000000124,0.07890453678924889,0.07601778544330079,0.07818284895276183,0.13666666666666671,0.13166666666666682,0.13541666666666674,0.38021874186666116,0.22301278848267758,0.08852655753438558,0.24192815046296298,0.24143308796296292,0.18197096440972219,0.1802776339453649,0.2581046875,0.22762534722222225,0.2399742253816081,9.614813431917819e-17,0.3333333333333333,0.3333333333333333,0.3333333333333333,0.3333333333333333
partition,7,2,175,0.04075716900616171,0.0,5.979136609301385e-17,0.28676719531323497,0.7764953316021932,2.0014830212433605e-16,0.10783333333333345,0.0,1.1102230246251565e-16,0.7587146829703069,1.7649999999999997,2.220446049250313e-16,0.040757169006161546,0.042174535779946114,0.040757169006161546,0.107833333333333,0.11158333333333292,0.107833333333333,0.8257314938889033,0.639373377373532,0.32776655818839523,0.14507743253968255,0.14484012585034015,0.10769790922619049,0.13524305303233206,0.22016071428571427,0.13402571428571428,0.14974956185433008,0.0,0.14285714285714285,0.14285714285714285,0.14285714285714285,0.14285714285714285
partition,5,2,176,0.11925695879998878,0.0,0.0,0.1619337813178717,0.2995552258488129,0.0,0.2666666666666667,0.0,0.0,0.3620949428803466,0.5800000000000001,0.0,0.11925695879998878,0.11925695879998878,0.11925695879998878,0.2666666666666666,0.2666666666666666,0.2666666666666666,0.4558634207011277,0.33138746171889594,0.24906561496030624,0.15822222222222226,0.15537777777777778,0.13139625434027777,0.11457749999818809,0.15128,0.13333333333333336,0.1619834710743802,0.0,0.2,0.2,0.2,0.2
partition,4,2,177,0.04041666666666657,0.0,1.1102230246251565e-16,0.09403213285870193,0.19999999999999996,0.0,0.0808333333333332,1.1102230246251565e-16,2.220446049250313e-16,0.18806426571740387,0.3999999999999999,0.0,0.05916666666666662,0.04041666666666657,0.04041666666666657,0.11833333333333329,0.0808333333333332,0.0808333333333332,0.4062070490115437,0.31047367551427235,0.17461167232207336,0.1481084201388889,0.1477000434027778,0.11939241536458331,0.10748586162263847,0.14625,0.13624999999999998,0.14534527937899525,0.0,0.25,0.25,0.25,0.25
partition,4,2,178,0.04875000000000006,0.0,0.0,0.0766393454621136,0.3375,0.012499999999999956,0.09750000000000003,0.0,0.0,0.1532786909242272,0.675,0.02499999999999991,0.04249999999999998,0.04875000000000006,0.04875000000000007,0.08499999999999996,0.09750000000000003,0.09750000000000014,0.4973848275396693,0.3924451738404451,0.1542927412420947,0.1835515625,0.182957421875,0.13560403645833333,0.13352511663498096,0.19515625,0.16667968749999998,0.18338180339315993,0.0,0.25,0.25,0.25,0.25
partition,3,2,179,0.015396007178390023,0.0,0.0,0.010006544602271584,0.2655811238272278,0.0,0.026666666666666505,0.0,0.0,0.017331843659338375,0.45999999999999996,0.0,0.015396007178390023,0.015396007178390023,0.015396007178390023,0.026666666666666505,0.026666666666666505,0.026666666666666505,0.22862587707139947,0.12045949085408054,0.018856180831641232,0.23431111111111114,0.23423209876543213,0.21663478732638888,0.2141699715253056,0.2638666666666667,0.24035555555555557,0.2345655845374367,0.0,0.3333333333333333,0.3333333333333333,0.3333333333333333,0.3333333333333333
partition,3,2,180,0.176091832102836,0.0,1.1443916996305594e-16,0.05585458685727146,0.2655811238272278,0.0,0.30500000000000016,2.220446049250313e-16,2.220446049250313e-16,0.09674298227256306,0.45999999999999996,0.0,0.17705408255148522,0.17512958165418646,0.176091832102836,0.30666666666666664,0.30333333333333323,0.30500000000000016,0.37354718577443463,0.2986948999955001,0.21566756826189695,0.2038375,0.1935013888888889,0.1581646701388889,0.1508457640999786,0.2502666666666667,0.22675555555555557,0.19928835780775714,9.614813431917819e-17,0.3333333333333333,0.3333333333333333,0.3333333333333333,0.3333333333333333
partition,3,2,181,0.17214660526337336,0.0,0.0,0.050053360205017015,0.08140638795573725,0.0,0.2981666666666667,0.0,0.0,0.08669496296463564,0.14100000000000001,0.0,0.16704667788553182,0.16627687752661227,0.17214660526337347,0.28933333333333344,0.28800000000000003,0.2981666666666668,0.5665096351048821,0.34660426688086865,0.27218871108928167,0.24732519444444442,0.2374470432098766,0.14216277430555554,0.14929660263187045,0.2241936666666667,0.2219846666666667,0.2528845541289175,1.4220500840710912e-16,0.3333333333333333,0.3333333333333333,0.3333333333333333,0.3333333333333333
partition,3,2,182,0.1864360244258167,0.0,0.0,0.07782540472730962,0.041136206679760784,0.008660254037844341,0.32291666666666674,0.0,0.0,0.13479755510731128,0.07124999999999992,0.014999999999999902,0.1837898356920309,0.18523321136500492,0.1864360244258166,0.31833333333333336,0.3208333333333333,0.32291666666666674,0.6679547452235568,0.3350315122538408,0.3229166666666667,0.12284797453703704,0.11126184413580244,0.2259270182291667,0.2053851076482401,0.19747135416666664,0.19690729166666668,0.07729710453648912,0.0,0.3333333333333333,0.0,0.3333333333333333,0.3333333333333333
partition,5,2,183,0.1975193380124813,0.0,0.0,0.15418500040073907,0.6708203932499369,0.0,0.44166666666666643,2.220446049250313e-16,0.0,0.3447681420068849,1.5,0.0,0.17217723426748371,0.17217723426748371,0.17217723426748371,0.385,0.385,0.385,0.527304466129389,0.3698415894851963,0.22088332767423716,0.23434722222222226,0.22654444444444444,0.18741337500000002,0.17969258598323196,0.25,0.16000000000000006,0.19952554378696247,1.2412670766236366e-16,0.4,0.4,0.2,0.2
partition,5,2,184,0.044721359549995836,0.0,0.0,0.21000210870884706,0.5,0.0,0.10000000000000009,0.0,0.0,0.4695789904912826,1.0,0.0,0.044721359549995836,0.044721359549995836,0.044721359549995836,0.10000000000000009,0.10000000000000009,0.10000000000000009,0.4983472684785179,0.30151322086453297,0.07071067811865478,0.14100000000000001,0.14059999999999997,0.172541875,0.21287946876537514,0.2,0.15,0.13950617283950617,0.0,0.2,0.2,0.2,0.2
partition,4,2,185,0.028281250000000036,0.0,0.0,0.10228921086720828,0.42500000000000004,0.0,0.05656250000000007,0.0,0.0,0.20457842173441665,0.8500000000000001,0.0,0.02875000000000004,0.02875000000000004,0.028281250000000036,0.057499999999999996,0.057499999999999996,0.05656250000000007,0.37806542230368895,0.19744850741799688,0.056562500000000016,0.1812295166015625,0.18102955932617187,0.1724351582845052,0.15889725476392202,0.218125,0.17296875,0.18067975363275607,1.1102230246251565e-16,0.25,0.25,0.25,0.25
partition,5,2,186,0.09033714629099147,0.0,0.0,0.12407268169978888,0.24126403240709815,0.008646129512999196,0.20199999999999985,0.0,0.0,0.27743495043142197,0.45500000000000007,0.019333333333333313,0.08228730157199225,0.08586501033599189,0.09033714629099147,0.18399999999999994,0.19199999999999995,0.20199999999999985,0.5639375457934643,0.3037042941752836,0.3359345174286203,0.16736360000000006,0.16573144,0.1274086527777778,0.11881465075108599,0.134605,0.12296333333333334,0.17412641880390195,1.1487591453617797e-16,0.2,0.2,0.2,0.2
partition,7,2,187,0.17296374217231777,0.0,0.0,0.11851609276209879,0.944911182523068,0.0,0.4576190476190476,0.0,0.0,0.3135641078075755,2.5,0.0,0.17296374217231766,0.17296374217231766,0.17296374217231766,0.45761904761904737,0.45761904761904737,0.45761904761904737,0.5313163123879444,0.42552504812420433,0.26961087269570005,0.10208360868156786,0.09780982923781757,0.06962594068877552,0.07074844810793512,0.25,0.12244897959183677,0.10315358223732447,8.777083671441753e-17,0.14285714285714285,0.14285714285714285,0.14285714285714285,0.14285714285714285
partition,7,2,188,0.17079269624104457,0.0,0.0,0.14156385637933427,0.04204854762227653,9.614813431917819e-17,0.451875,2.220446049250313e-16,0.0,0.3745427586149831,0.11124999999999996,2.220446049250313e-16,0.17071395364250097,0.17083994180017076,0.1707926962410446,0.45166666666666666,0.45200000000000007,0.45187500000000014,0.6032803124722922,0.4464206703998208,0.31875061274450905,0.09376456473214285,0.0895974011479592,0.10355436430431546,0.09006752760547254,0.1171502232142857,0.11689764030612242,0.07909800752353822,0.0,0.14285714285714285,0.14285714285714285,0.14285714285714285,0.14285714285714285
partition,3,2,189,0.17926725858337877,0.0,0.0,0.08852865535100936,0.06928203230275509,0.0,0.3105,0.0,0.0,0.15333612899370264,0.12,0.0,0.17897858344878398,0.17955593371797365,0.17926725858337877,0.31000000000000005,0.31100000000000005,0.3105,0.7414196967080567,0.40886127748534057,0.22324681159848375,0.18271749074074073,0.17200524074074072,0.08495451041666663,0.08093540979921349,0.12666666666666668,0.12506666666666663,0.16165877942417256,0.0,0.3333333333333333,0.3333333333333333,0.0,0.0
partition,3,2,190,0.0,0.0,0.0,0.00903358595519203,0.2886751345948128,0.014433756729740706,0.0,0.0,0.0,0.01564662984893328,0.5,0.025000000000000133,0.0,0.0,0.0,0.0,0.0,0.0,0.210119013894507,0.10505950694725352,0.0,0.22222222222222224,0.22222222222222224,0.20564201388888884,0.20422293391670557,0.25,0.22222222222222224,0.22222222222222224,0.0,0.3333333333333333,0.3333333333333333,0.3333333333333333,0.3333333333333333
partition,5,2,191,0.008198915917499201,0.0,0.0,0.12687271992154872,0.5195686311739768,0.0,0.018333333333333313,0.0,0.0,0.2836960262348748,1.1412499999999999,0.0,0.0026087459737497653,0.008422522715249155,0.008198915917499201,0.005833333333333357,0.01883333333333348,0.018333333333333313,0.5483184521790234,0.3829261876674657,0.17607605679869648,0.21366722222222229,0.21365377777777775,0.16624774739583334,0.1581968794087769,0.3474903125,0.25,0.21257845125240743,0.0,0.2,0.2,0.2,0.2
partition,3,2,192,0.023094010767585084,0.0,0.0,0.019008227281218894,0.35795716689756796,0.0,0.040000000000000036,1.1102230246251565e-16,0.0,0.03292321541288801,0.6200000000000001,0.0,0.023094010767585084,0.023094010767585084,0.023094010767585084,0.040000000000000036,0.040000000000000036,0.040000000000000036,0.32242731739106717,0.20065934796363386,0.03999999999999998,0.2604444444444444,0.2602666666666666,0.20042083574459882,0.19652453834359362,0.2948,0.25208888888888886,0.2587113740959895,9.614813431917819e-17,0.3333333333333333,0.3333333333333333,0.3333333333333333,0.3333333333333333
partition,3,2,193,0.2061621586231289,0.0,0.0,0.026959184055403165,0.009381941874331395,0.0,0.3570833333333333,0.0,0.0,0.04669467651455894,0.016249999999999987,0.0,0.19629909152447267,0.20062921854339485,0.2061621586231289,0.33999999999999986,0.3474999999999999,0.3570833333333333,0.393886880969651,0.23172247828287937,0.25275736333927495,0.28861024305555555,0.2744426311728395,0.22678153211805555,0.23405702137986162,0.3093213541666667,0.3092920138888889,0.30960412301102114,0.0,0.3333333333333333,0.3333333333333333,0.3333333333333333,0.3333333333333333
partition,6,2,194,0.006804138174397694,0.0,5.2958809290937725e-17,0.2337600347079067,0.5048762224545735,0.005783517448238051,0.016666666666666607,0.0,1.1102230246251565e-16,0.5725928072896571,1.0700000000000003,0.01416666666666666,0.006804138174397694,0.006804138174397694,0.006804138174397694,0.016666666666666607,0.016666666666666607,0.016666666666666607,0.6449525580097603,0.4295432669774741,0.10929064207170003,0.2089351851851852,0.2089274691358025,0.11151351182725695,0.16667794235496203,0.3108166666666667,0.20833333333333334,0.2103801589581538,0.0,0.16666666666666666,0.16666666666666666,0.16666666666666666,0.16666666666666666
partition,3,2,195,0.11859736779603561,0.0,0.0,0.041417010738504345,0.06639528095680695,9.614813431917819e-17,0.2054166666666667,0.0,1.1102230246251565e-16,0.07173636689671525,0.11499999999999999,1.1102230246251565e-16,0.11258330249197702,0.11450780338927571,0.11859736779603561,0.19499999999999995,0.19833333333333325,0.20541666666666658,0.538803651620885,0.27929585676045715,0.18843332522554382,0.19063940972222224,0.18595096450617285,0.16287311197916668,0.16652750993035054,0.171075,0.16960555555555556,0.1796248872703048,0.0,0.3333333333333333,0.3333333333333333,0.3333333333333333,0.3333333333333333
partition,3,2,196,0.24874174097586374,0.0,0.0,0.04327265513473293,0.05773502691896257,0.0,0.4308333333333333,0.0,0.0,0.07495043727176387,0.09999999999999998,0.0,0.2501851166488379,0.24729836530288968,0.2487417409758638,0.43333333333333335,0.42833333333333323,0.4308333333333334,0.4386389935546846,0.26916760064600836,0.3093283494569772,0.3272650462962963,0.3066408950617284,0.24592508680555558,0.2627473443767617,0.3676,0.3664888888888889,0.38553106289751743,0.0,0.3333333333333333,0.3333333333333333,0.3333333333333333,0.3333333333333333
partition,8,2,197,0.20524196793201116,0.0,0.0,0.24944965760875065,0.8644657550572298,0.0,0.5027380952380951,1.1102230246251565e-16,0.0,0.7055501778392403,2.1174999999999997,0.0,0.22657780120744392,0.1989724406141733,0.20524196793201116,0.5549999999999999,0.48738095238095247,0.5027380952380953,0.7849662564782793,0.5060291126077826,0.2529123168662921,0.15425669111394558,0.14899115793886997,0.13721734095982144,0.12237619986297443,0.20391328125,0.11050065104166665,0.1309985807153451,0.0,0.125,0.125,0.125,0.125
partition,3,2,198,0.0,0.0,0.0,0.012015445460363395,0.2886751345948128,8.326672684688674e-17,0.0,0.0,0.0,0.020811362012922108,0.5,1.1102230246251565e-16,0.0,0.0,0.0,0.0,0.0,0.0,0.26545558322752727,0.1381273318283803,0.0,0.22222222222222224,0.22222222222222224,0.24910138888888889,0.25480815563318965,0.25,0.22222222222222224,0.22222222222222224,0.0,0.3333333333333333,0.3333333333333333,0.3333333333333333,0.3333333333333333
partition,5,2,199,0.2937891581465261,0.0,0.0,0.14181029584771013,0.6341595487993013,1.1443916996305594e-16,0.6565833333333335,2.220446049250313e-16,0.0,0.31709746142483597,1.4149999999999996,2.220446049250313e-16,0.2963158974997986,0.2961115124033137,0.2937891581465261,0.6613333333333336,0.6618333333333335,0.6565833333333335,0.6174655860855729,0.425959012906672,0.3467550668539522,0.15819225972222223,0.14092984583333334,0.16067973267431976,0.18415931180459483,0.20308500000000002,0.12265333333333335,0.1407422841183779,0.0,0.4,0.2,0.2,0.2
partition,4,2,200,0.08371578903249574,0.0,0.0,0.2676625048098379,0.436298349756219,0.0,0.14500000000000002,0.0,0.0,0.5353250096196757,0.8724999999999998,0.0,0.1032013606176456,0.08155072552303469,0.08371578903249574,0.17874999999999996,0.1412500000000001,0.14500000000000002,0.9830882462932816,0.5431048859316209,0.17755280904564708,0.40288124999999997,0.3769625,0.16525462239583333,0.2492441467963301,0.4467890625,0.3992,0.36661200205945726,0.0,0.5,0.5,0.25,0.25
neg,2,2,201,0.34427261409020027,0.0,5.551115123125783e-17,0.14176957943353133,0.34471455582844196,0.0,0.48687499999999995,0.0,0.0,0.2004924619668298,0.48750000000000004,0.0,0.3464823227814083,0.3455984393049251,0.34427261409020044,0.49,0.48875,0.48687499999999995,0.6885452281804006,0.3513436819020659,0.4578588927005786,0.1250861328125,0.06582431640625001,0.13747873535156255,0.0890512625038453,0.125078125,0.0656640625,nan,nan,0.0,0.0,0.0,0.0
neg,2,2,202,0.37476659402887036,0.0,0.0,0.056349310111827325,0.15556349186104043,1.5700924586837752e-16,0.5300000000000002,0.0,0.0,0.07968995859051353,0.21999999999999997,0.0,0.3747665940288702,0.3747665940288702,0.3747665940288702,0.53,0.53,0.53,0.7495331880577407,0.3747665940288703,0.3758324094593229,0.34062500000000007,0.27040000000000003,0.2601,0.26298352200275055,0.3842,0.3721,nan,nan,0.5,1.0,1.0,1.0
neg,2,2,203,0.14760854057269168,0.0,1.2412670766236366e-16,0.05851686773911774,0.24748737341529164,1.2412670766236366e-16,0.20874999999999977,0.0,0.0,0.08275534798425288,0.35,0.0,0.15909902576697318,0.14672465709620866,0.14760854057269182,0.2250000000000001,0.20750000000000002,0.20875,0.7316029803919386,0.38230064842365546,0.20874999999999977,0.06641328124999996,0.05551914062499999,0.1462721002072705,0.1379586511339684,0.13625,0.10562499999999997,nan,nan,0.0,0.0,0.0,0.0
neg,2,2,204,0.0,0.0,1.5700924586837752e-16,0.019349999747779532,0.030052038200428295,1.5700924586837752e-16,0.0,0.0,0.0,0.02736503207522578,0.04249999999999998,0.0,1.5700924586837752e-16,1.5700924586837752e-16,0.0,0.0,0.0,0.0,0.41365746699413025,0.2259795421542007,0.0,0.06695156250000002,0.06695156250000002,0.10664306640625006,0.10418296576254339,0.06740312500000001,0.06695156250000002,nan,nan,0.0,0.0,0.0,0.0
neg,2,2,205,0.10960155108391488,0.0,5.551115123125783e-17,0.12247912530238374,0.14142135623730948,0.0,0.15500000000000003,0.0,0.0,0.17321164011022483,0.19999999999999996,0.0,0.10960155108391481,0.10960155108391481,0.10960155108391481,0.1549999999999998,0.1549999999999998,0.1549999999999998,0.804333963599698,0.4151306061216023,0.11412712210513332,0.2790125000000001,0.27300625000000006,0.15528525390624998,0.11611162065701945,0.37,0.36,nan,nan,0.5,1.0,0.0,0.0
neg,2,2,206,0.0,0.0,5.551115123125783e-17,0.007859785632569019,0.0,0.06540737725975566,0.0,0.0,0.0,0.011115415438924359,0.0,0.09250000000000003,0.0,0.0,0.0,0.0,0.0,0.0,0.2377646551739767,0.11888232758698836,0.0,0.25,0.25,0.2937978759765625,0.29499699760410175,0.25,0.25,nan,nan,0.5,0.5,1.0,1.0
neg,2,2,207,0.0,0.0,0.0,0.014355263377072528,0.021213203435596444,0.0,0.0,0.0,0.0,0.02030140815929382,0.030000000000000027,0.0,1.5700924586837752e-16,1.5700924586837752e-16,1.5700924586837752e-16,0.0,0.0,0.0,0.33234018715767716,0.18974031961839022,0.0,0.5402249999999998,0.5402249999999998,0.34076406249999996,0.3438404387943178,0.54045,0.540225,nan,nan,1.0,1.0,1.0,1.0
neg,2,2,208,0.17795520659861438,0.0,0.0,0.126746622607996,0.037712361663282484,1.2412670766236366e-16,0.2516666666666665,0.0,0.0,0.17924679267721233,0.05333333333333323,0.0,0.17500892834367046,0.1779552065986144,0.1779552065986144,0.24750000000000005,0.2516666666666665,0.2516666666666665,1.0338490396598312,0.521638565037826,0.23252837341805052,0.6023347222222223,0.5865006944444445,0.34582975531684035,0.34289219144464206,0.6514222222222221,0.650711111111111,nan,nan,1.0,1.0,1.0,1.0
neg,2,2,209,0.02916815472394505,0.0,5.551115123125783e-17,0.005341765800230573,0.04949747468305833,0.0,0.04125000000000001,0.0,0.0,0.007554397641706845,0.06999999999999984,0.0,0.024748737341529107,0.024748737341529107,0.029168154723945013,0.03499999999999992,0.03499999999999992,0.04124999999999979,0.2262741699796951,0.12698459278808408,0.04124999999999995,0.13047578125000003,0.13005039062500007,0.17248447265624997,0.1719899201716099,0.047450000000000006,0.04622500000000002,nan,nan,0.0,0.0,0.0,0.0
neg,2,2,210,0.0,0.0,1.2412670766236366e-16,0.025807781262756763,0.0,0.04242640687119281,0.0,0.0,0.0,0.0364977142765488,0.0,0.06000000000000005,0.0,0.0,0.0,0.0,0.0,0.0,0.5188396006956296,0.26531235685770266,0.0,0.25,0.25,0.24456115722656255,0.24301182454350634,0.25,0.25,nan,nan,0.5,0.5,0.0,0.0
neg,2,2,211,0.045078057300642384,0.0,5.551115123125783e-17,0.0872213470360848,0.1361180553784104,0.0,0.06374999999999997,0.0,0.0,0.12334961190688154,0.1925,0.0,0.0724784450716211,0.06894291116568842,0.045078057300642384,0.10250000000000004,0.09750000000000003,0.06374999999999997,0.636396103067893,0.33322407063416065,0.06374999999999997,0.22015703125000002,0.21914101562500002,0.13805869140625002,0.11116868407646087,0.172278125,0.16301406250000006,nan,nan,0.5,0.0,0.0,0.0
neg,2,2,212,0.060104076400856556,0.0,1.2412670766236366e-16,0.027508175763632382,0.2262741699796952,1.2412670766236366e-16,0.08499999999999996,0.0,0.0,0.03890243524107184,0.32000000000000006,0.0,0.06010407640085648,0.06010407640085648,0.06010407640085648,0.08499999999999996,0.08499999999999996,0.08499999999999996,0.4896714459716841,0.26487041511946086,0.08499999999999996,0.09031249999999993,0.08850624999999993,0.09746103515624992,0.0931336542557551,0.1412,0.11559999999999998,nan,nan,0.0,0.0,0.0,0.0
neg,2,2,213,0.0,0.0,5.551115123125783e-17,0.02636642659405806,0.0,0.0,0.0,0.0,0.0,0.03728775808063167,0.0,0.0,0.0,0.0,0.0,0.0,0.0,0.0,0.41188970004116393,0.20594485002058197,0.0,0.25,0.25,0.18248916015625005,0.17686970017806844,0.25,0.25,nan,nan,0.5,0.5,0.0,0.0
neg,2,2,214,0.0,0.0,1.5700924586837752e-16,0.01614249881425985,0.0,1.5700924586837752e-16,0.0,0.0,0.0,0.022828940753717886,0.0,0.0,0.0,0.0,0.0,0.0,0.0,0.0,0.33234018715767716,0.16617009357883858,0.0,0.25,0.25,0.19470156250000012,0.19187226984547923,0.25,0.25,nan,nan,0.5,0.5,0.0,0.0
neg,2,2,215,0.1131370849898477,0.0,5.551115123125783e-17,0.011360577202050005,0.0,1.5700924586837752e-16,0.16000000000000014,0.0,0.0,0.016066282355525763,0.0,0.0,0.11313708498984758,0.11313708498984758,0.11313708498984758,0.16000000000000014,0.16000000000000014,0.16000000000000014,0.33941125496954305,0.18620478571245766,0.1140175425099139,0.18279999999999996,0.17639999999999995,0.2139062499999999,0.21326268407822727,0.25,0.25,nan,nan,0.0,0.0,0.0,0.0
neg,2,2,216,0.0,0.0,0.0,0.13184621298737545,0.0,0.0,0.0,0.0,0.0,0.1864587025542781,0.0,0.0,0.0,0.0,0.0,0.0,0.0,0.0,0.6797063934155686,0.3398531967077843,0.0,0.25,0.25,0.14428127441406252,0.09926807633240209,0.25,0.25,nan,nan,0.5,0.5,0.0,0.0
neg,2,2,217,0.0,0.0,0.0,0.018902378986149385,0.0,0.0,0.0,0.0,0.0,0.026732000723328708,0.0,0.0,0.0,0.0,0.0,0.0,0.0,0.0,0.3765343609818364,0.2118374065304698,0.0,0.25,0.25,0.16682119140625,0.1635199790539937,0.25,0.25,nan,nan,0.5,0.5,0.0,0.0
neg,2,2,218,0.0,0.0,0.0,0.060494710239902424,0.0,1.5700924586837752e-16,0.0,0.0,0.0,0.08555243967310056,0.0,0.0,0.0,0.0,0.0,0.0,0.0,0.0,0.7636753236814714,0.3818376618407357,0.0,0.25,0.25,0.22800625000000002,0.2215547931825785,0.25,0.25,nan,nan,0.5,0.5,0.0,0.0
neg,2,2,219,0.0,0.0,1.5700924586837752e-16,0.10735929963844748,0.0,0.0035355339059327407,0.0,0.0,0.0,0.15182897759556935,0.0,0.0050000000000000044,0.0,0.0,0.0,0.0,0.0,0.0,0.6752869760331529,0.40732296874600077,0.0,0.25,0.25,0.4806388916015626,0.5475259884780365,0.25,0.25,nan,nan,0.5,0.5,1.0,1.0
neg,2,2,220,0.08794640591007682,0.0,5.551115123125783e-17,0.02042799625593633,0.18296387963201918,0.0,0.1243749999999999,0.0,0.0,0.028889549357251965,0.25875000000000004,0.0,0.09722718241315026,0.09103999807776803,0.08794640591007685,0.13749999999999996,0.12875000000000003,0.12437500000000001,0.43045125304731063,0.24233138646913965,0.1243749999999999,0.10807519531250001,0.10420791015625004,0.18288986816406255,0.18042601872853034,0.15410078124999999,0.13736289062499998,nan,nan,0.0,0.0,0.0,0.0
neg,2,2,221,0.3124528089368057,0.0,1.2412670766236366e-16,0.07478329665911089,0.3058236828631818,0.0,0.441875,0.0,0.0,0.10575955237428514,0.4325000000000001,0.0,0.30935921676911454,0.30935921676911454,0.3124528089368057,0.4375,0.4375,0.441875,0.6249056178736114,0.3631287949218416,0.3125656181108217,0.1266892578125,0.07787587890625,0.11274904785156258,0.0939791576809701,0.127278125,0.08051406249999998,nan,nan,0.0,0.0,0.0,0.0
neg,2,2,222,0.0,0.0,1.2412670766236366e-16,0.0403999303131159,0.0,0.012374368670764592,0.0,0.0,0.0,0.05713412936773654,0.0,0.01750000000000007,0.0,0.0,0.0,0.0,0.0,0.0,0.5011619311659656,0.30597099677592904,0.0,0.25,0.25,0.12436643066406244,0.1169446632268451,0.25,0.25,nan,nan,0.5,0.5,0.0,0.0
neg,2,2,223,0.0,0.0,5.551115123125783e-17,0.16640900237847644,0.0,0.00530330085889915,0.0,0.0,0.0,0.23533786806461798,0.0,0.007500000000000062,0.0,0.0,0.0,0.0,0.0,0.0,0.7024221987611868,0.465084753934177,0.0,0.25,0.25,0.06504890844726557,0.03197311241793563,0.25,0.25,nan,nan,0.5,0.5,0.0,0.0
neg,2,2,224,0.19754795699399183,0.0,5.551115123125783e-17,0.22203757099506785,0.15556349186104043,0.0,0.27937500000000015,0.0,0.0,0.3140085442576038,0.21999999999999997,0.0,0.23334523779156074,0.20064154916168292,0.19754795699399175,0.33000000000000007,0.28374999999999995,0.27937499999999993,0.7662461871611703,0.43910238042452027,0.24116335879440728,0.3768923828125,0.35737978515624996,0.45413038554575097,0.6369634213861392,0.1642,0.1521,nan,nan,0.5,1.0,1.0,1.0
neg,2,2,225,0.16970562748477142,0.0,5.551115123125783e-17,0.1512853094296189,0.33941125496954283,0.0,0.24,0.0,0.0,0.21394973638317738,0.48,0.0,0.16970562748477142,0.16970562748477142,0.16970562748477142,0.24,0.24,0.24,0.943103669407558,0.5281203771987028,0.24,0.1588,0.1444,0.13448264160156248,0.09768519073069146,0.1252,0.06760000000000001,nan,nan,0.5,0.0,0.0,0.0
neg,2,2,226,0.0,0.0,5.551115123125783e-17,0.16100789024412435,0.0,0.0017677669529664489,0.0,0.0,0.0,0.22769954203231935,0.0,0.0024999999999999467,0.0,0.0,0.0,0.0,0.0,0.0,0.7001064240528007,0.46348492484174236,0.0,0.25,0.25,0.06549760562499998,0.033582068692521075,0.25,0.25,nan,nan,0.5,0.5,0.0,0.0
neg,2,2,227,0.0,0.0,0.0,0.022495550334263946,0.12374368670764585,0.0,0.0,0.0,0.0,0.03181351237576269,0.17500000000000004,0.0,0.0,0.0,0.0,0.0,0.0,0.0,0.4419417382415922,0.2209708691207961,0.0,0.19140625,0.19140625,0.299072265625,0.30368976368273004,0.1990625,0.19140625,nan,nan,0.0,0.0,1.0,1.0
neg,2,2,228,0.16440232662587226,0.0,0.0,0.015764990003241563,0.15202795795510773,0.0,0.23249999999999993,0.0,0.0,0.022295062673260535,0.21499999999999986,0.0,0.16617009357883872,0.16617009357883872,0.16440232662587226,0.23499999999999988,0.23499999999999988,0.23249999999999993,0.3288046532517445,0.16440232662587226,0.23249999999999993,0.16077812500000002,0.14726406250000001,0.195253515625,0.1925173273079123,0.1656125,0.15405625000000003,nan,nan,0.0,0.0,0.0,0.0
neg,2,2,229,0.0,0.0,0.0,0.012354464672974175,0.04242640687119289,0.0,0.0,0.0,0.0,0.01747185149637942,0.06000000000000005,0.0,0.0,0.0,0.0,0.0,0.0,0.0,0.3509017401638244,0.18252193789377769,0.0,0.22089999999999999,0.22089999999999999,0.26057834472656255,0.26160864886415447,0.2218,0.22089999999999999,nan,nan,0.0,0.0,1.0,1.0
neg,2,2,230,0.0,0.0,0.0,0.07842244548380274,0.02032931995911323,0.04065863991822652,0.0,0.0,0.0,0.1109060859976585,0.028750000000000053,0.05750000000000011,5.551115123125783e-17,5.551115123125783e-17,5.551115123125783e-17,0.0,0.0,0.0,0.6408155204503087,0.40879610787347276,0.0,0.008906640624999976,0.008906640624999976,0.10031076660156246,0.08634123155423139,0.009113281249999997,0.008906640624999981,nan,nan,0.0,0.0,0.0,0.0
neg,2,2,231,0.18322904467496415,0.0,1.1102230246251565e-16,0.05162908508504389,0.3487804198202646,5.551115123125783e-17,0.25912500000000005,0.0,0.0,0.0730145523401835,0.49324999999999997,0.0,0.18190321946023935,0.1835825980655574,0.18322904467496412,0.25725,0.259625,0.25912500000000005,0.3664580893499283,0.2104526557506462,0.1833903367819581,0.036509132812500004,0.01972269140625,0.027753477539062495,0.018586133121735925,0.12502278125,0.064198890625,nan,nan,0.0,0.0,0.0,0.0
neg,2,2,232,0.08308504678941944,0.0,5.551115123125783e-17,0.02294214542706385,0.056568542494923775,0.0,0.11750000000000016,0.0,0.0,0.032445093212889575,0.08000000000000007,0.0,0.08308504678941937,0.08308504678941937,0.08308504678941937,0.11750000000000016,0.11750000000000016,0.11750000000000016,0.4092380496117143,0.23231404040233028,0.11750000000000016,0.19815312499999993,0.19470156249999993,0.15862795410156244,0.1544049793957406,0.2132,0.21159999999999995,nan,nan,0.0,0.0,0.0,0.0
neg,2,2,233,0.525468726769253,0.0,5.551115123125783e-17,0.14153926255120328,0.4569677573418064,0.0,0.7431249999999998,0.0,0.0,0.20016674470819806,0.64625,0.0,0.5515432893255071,0.5117685328837638,0.5254687267692532,0.78,0.7237500000000001,0.743125,1.050937453538506,0.5785017353582441,0.5310017802465448,0.33691894531249994,0.19886025390624998,0.17365451660156253,0.16197749289377336,0.2579757812500001,0.15356601562500008,nan,nan,0.5,0.0,0.0,0.0
neg,2,2,234,0.0,0.0,5.551115123125783e-17,0.21758255455997294,0.0,0.010606601717798222,0.0,0.0,0.0,0.3077081995944977,0.0,0.015000000000000124,0.0,0.0,0.0,0.0,0.0,0.0,1.0915960934567326,0.5457980467283662,0.0,0.25,0.25,0.20067600097656252,0.1325835461364357,0.25,0.25,nan,nan,0.5,0.5,0.0,0.0
neg,2,2,235,0.4308931947855524,0.0,5.551115123125783e-17,0.09325282123838319,0.3995153313703994,0.0,0.609375,0.0,0.0,0.13187940452487534,0.565,0.0,0.4224963017589622,0.43045125304731086,0.43089319478555244,0.5975000000000001,0.6087500000000001,0.609375,0.8617863895711048,0.4638915112409246,0.44201995500768965,0.23747207031250003,0.14463759765625003,0.14451877441406247,0.127808245244373,0.2148625,0.13505625,nan,nan,0.5,0.0,0.0,0.0
neg,2,2,236,0.11269514325160604,0.0,1.5700924586837752e-16,0.046032059839984464,0.051265241636024646,0.0,0.15937500000000004,0.0,0.0,0.06509916332967591,0.0724999999999999,0.0,0.22804193693266164,0.13346640494896087,0.11269514325160604,0.3225,0.18874999999999997,0.15937500000000004,0.5444722215136416,0.3098011585073561,0.15937500000000004,0.17012207031249998,0.16377197265625,0.12680275878906241,0.1162799672060406,0.03600312499999998,0.03468906249999997,nan,nan,0.0,0.0,0.0,0.0
neg,2,2,237,0.17500892834367054,0.0,5.551115123125783e-17,0.0647673634360618,0.0035355339059327407,0.0,0.24750000000000005,0.0,0.0,0.0915948837704259,0.0050000000000000044,0.0,0.17500892834367054,0.17500892834367054,0.17500892834367054,0.24750000000000005,0.24750000000000005,0.24750000000000005,0.5983891135791158,0.3575308662374481,0.24750000000000005,0.15687812499999998,0.14156406249999998,0.11045236816406245,0.09593405184914655,0.2475125,0.24750625000000007,nan,nan,0.5,0.0,0.0,0.0
neg,2,2,238,0.15556349186104043,0.0,0.0,0.020265455328497214,0.0,0.007071067811865481,0.21999999999999997,0.0,0.0,0.028659681773226864,0.0,0.010000000000000009,0.15556349186104043,0.15556349186104043,0.15556349186104043,0.21999999999999997,0.21999999999999997,0.21999999999999997,0.3429467888754755,0.22273863607376243,0.2175143673415621,0.1642,0.1521,0.14726406250000001,0.14461457557362567,0.25,0.25,nan,nan,0.5,0.0,0.0,0.0
neg,2,2,239,0.0,0.0,5.551115123125783e-17,0.03128342499278985,0.0,0.0,0.0,0.0,0.0,0.044241443902284905,0.0,0.0,0.0,0.0,0.0,0.0,0.0,0.0,0.44547727214752486,0.2250956586777176,0.0,0.25,0.25,0.17535156249999997,0.16819551015955514,0.25,0.25,nan,nan,0.5,0.5,0.0,0.0
neg,2,2,240,0.3106850419838394,0.0,1.5700924586837752e-16,0.07683559140593428,0.3084753332926314,0.0,0.43937500000000007,0.0,0.0,0.10866193543922986,0.43625,0.0,0.31466251762801367,0.3058236828631818,0.3106850419838394,0.44500000000000006,0.4325000000000001,0.43937500000000007,0.6213700839676788,0.38537319574666845,0.3397293270016588,0.1268376953125,0.07857509765624998,0.09668212890625005,0.08057566663001993,0.12703203125,0.079453515625,nan,nan,0.0,0.0,0.0,0.0
neg,2,2,241,0.27488776118627045,0.0,1.2412670766236366e-16,0.11263587207645383,0.15556349186104043,0.0,0.38875000000000015,0.0,0.0,0.15929117790024194,0.21999999999999997,0.0,0.2793071785686863,0.2793071785686863,0.2748877611862704,0.395,0.395,0.38874999999999993,0.8670896904300042,0.4874617372804763,0.27915329569969266,0.2545882812500001,0.21680664062500007,0.13655334472656255,0.11166050238096997,0.1642,0.1521,nan,nan,0.5,0.0,0.0,0.0
neg,2,2,242,0.09722718241315026,0.0,5.551115123125783e-17,0.016474957587705556,0.0,1.2412670766236366e-16,0.13749999999999996,0.0,0.0,0.023299108460054674,0.0,0.0,0.09722718241315026,0.09722718241315026,0.09722718241315026,0.13749999999999996,0.13749999999999996,0.13749999999999996,0.37299882707590376,0.2189084743423353,0.13749999999999996,0.19070312500000003,0.18597656250000003,0.18089072265624997,0.17921300614097577,0.25,0.25,nan,nan,0.0,0.0,0.0,0.0
neg,2,2,243,0.03579728079756903,0.0,0.0,0.0011162980323815594,0.05391689206547428,0.09369164850721755,0.05062500000000014,0.0,0.0,0.0015786838170444017,0.07624999999999993,0.13249999999999995,0.08131727983645295,0.02740038777097872,0.03579728079756899,0.11499999999999999,0.03875000000000006,0.05062500000000003,0.08573669721886878,0.05480077554195741,0.05062500000000009,0.22596894531249995,0.22532822265624994,0.22296103515625,0.22291817490976723,0.29103203125,0.289578515625,nan,nan,0.5,0.0,0.0,0.0
neg,2,2,244,0.20859650045003147,0.0,0.0,0.04333943175095378,0.25632620818012347,0.0,0.29499999999999993,0.0,0.0,0.061291212167742026,0.36250000000000004,0.0,0.21920310216782968,0.21036426740299788,0.20859650045003153,0.30999999999999994,0.2975,0.29500000000000004,0.6434671708797584,0.3217335854398791,0.29499999999999993,0.4410124999999999,0.41925624999999994,0.28488906249999996,0.2921406906179583,0.49695312500000005,0.4641015625,nan,nan,0.5,1.0,1.0,1.0
neg,2,2,245,0.003093592167691158,0.0,1.5700924586837752e-16,5.0755804968497355e-06,0.167937860531805,0.0,0.004375000000000018,0.0,0.0,7.177954775561268e-06,0.23750000000000004,0.0,0.005303300858899111,0.0026516504294494966,0.003093592167691158,0.00749999999999984,0.00374999999999992,0.004375000000000018,0.006187184335382316,0.0030935921676911574,0.004375000000000018,0.24782207031249998,0.24781728515624998,0.2489074462890626,0.24890742801023602,0.159453125,0.14535156249999998,nan,nan,0.5,0.0,0.0,0.0
neg,2,2,246,0.0680590276892052,0.0,1.2412670766236366e-16,0.005286783573266731,0.21831921869134657,1.2412670766236366e-16,0.09624999999999995,0.0,0.0,0.007476641030645048,0.3087500000000001,0.0,0.08308504678941933,0.05303300858899107,0.06805902768920524,0.11749999999999994,0.07499999999999996,0.09625000000000006,0.24218407255639274,0.12109203627819637,0.09624999999999995,0.20650703125,0.20419101562500003,0.24471572265624997,0.24459670331592676,0.14328828124999998,0.11945664062499997,nan,nan,0.5,0.0,0.0,0.0
neg,2,2,247,0.0,0.0,0.0,0.006140342100286281,0.0,0.0,0.0,0.0,0.0,0.008683755075835409,0.0,0.0,0.0,0.0,0.0,0.0,0.0,0.0,0.21124815087948112,0.10562407543974056,0.0,0.25,0.25,0.21405080566406248,0.21334377875989702,0.25,0.25,nan,nan,0.5,0.5,0.0,0.0
neg,2,2,248,0.0,0.0,1.5700924586837752e-16,0.013449353918045344,0.0,0.0,0.0,0.0,0.0,0.019020258716055505,0.0,0.0,0.0,0.0,0.0,0.0,0.0,0.0,0.3058236828631819,0.15291184143159095,0.0,0.25,0.25,0.30698525390625014,0.309712405947764,0.25,0.25,nan,nan,0.5,0.5,1.0,1.0
neg,2,2,249,0.29875261505131623,0.0,5.551115123125783e-17,0.11251517071719094,0.28284271247461906,0.0,0.4224999999999999,0.0,0.0,0.1591204804009756,0.3999999999999999,0.0,0.2952170811453836,0.2952170811453836,0.2987526150513163,0.4175,0.4175,0.4224999999999999,0.9369164850721753,0.4684582425360877,0.4224999999999999,0.5505031249999999,0.5058765624999999,0.297706640625,0.3299423570368923,0.53,0.48999999999999994,nan,nan,1.0,1.0,1.0,1.0
neg,2,2,250,0.0,0.0,5.551115123125783e-17,0.026961921134830355,0.015909902576697336,0.00530330085889919,0.0,0.0,0.0,0.038129914536510934,0.022499999999999964,0.007500000000000062,1.2412670766236366e-16,1.2412670766236366e-16,0.0,0.0,0.0,0.0,0.5250267850310116,0.2625133925155058,0.0,0.5347265625,0.5347265625,0.2733329101562499,0.2762156403389392,0.5348531249999999,0.5347265625,nan,nan,1.0,1.0,1.0,1.0
neg,2,2,251,0.0,0.0,1.5700924586837752e-16,0.04047462646338121,0.010606601717798222,1.2412670766236366e-16,0.0,0.0,0.0,0.05723976567649869,0.015000000000000124,0.0,0.0,1.5700924586837752e-16,0.0,0.0,0.0,0.0,0.6151828996322964,0.3075914498161482,0.0,0.6320249999999998,0.6320249999999998,0.29025156249999984,0.2979114057340768,0.6320812499999999,0.6320249999999998,nan,nan,1.0,1.0,1.0,1.0
neg,2,2,252,0.0,0.0,0.0,0.07952902172309587,0.03447145558284418,1.2412670766236366e-16,0.0,0.0,0.0,0.11247102112306662,0.04875000000000007,0.0,5.551115123125783e-17,5.551115123125783e-17,5.551115123125783e-17,0.0,0.0,0.0,0.8069856140291476,0.44120516867785636,0.0,0.010894140624999975,0.010894140624999975,0.16389846191406246,0.14980933737850963,0.011488281249999996,0.010894140624999982,nan,nan,0.0,0.0,0.0,0.0
neg,2,2,253,0.003535533905932662,0.0,0.0,0.028083229544913303,0.0,5.551115123125783e-17,0.004999999999999893,0.0,0.0,0.03971568409765325,0.0,0.0,0.003535533905932819,0.003535533905932819,0.003535533905932819,0.0050000000000001155,0.0050000000000001155,0.0050000000000001155,0.3623922253581054,0.1965167596047612,0.004999999999999893,0.11056250000000001,0.11055625000000001,0.06359853515625001,0.05713013288508438,0.25,0.25,nan,nan,0.0,0.0,0.0,0.0
neg,2,2,254,0.050381358159541534,0.0,5.551115123125783e-17,0.03148118752575035,0.2068287334970652,0.0,0.07125000000000004,0.0,0.0,0.0445211223585269,0.2925000000000001,0.0,0.09015611460128477,0.06363961030678934,0.050381358159541534,0.12749999999999995,0.09000000000000008,0.07125000000000004,0.540936687607709,0.28785138550802375,0.07125000000000004,0.37260703125,0.371337890625,0.24533447265625005,0.24178574769017058,0.435803125,0.41441406250000007,nan,nan,1.0,1.0,0.0,0.0
neg,2,2,255,0.0,0.0,1.5700924586837752e-16,0.047819850367507806,0.0,5.551115123125783e-17,0.0,0.0,0.0,0.06762748094038162,0.0,0.0,0.0,0.0,0.0,0.0,0.0,0.0,0.6814741603685353,0.3407370801842677,0.0,0.25,0.25,0.27875100097656236,0.28549869719845455,0.25,0.25,nan,nan,0.5,0.5,1.0,1.0
neg,2,2,256,0.0,0.0,5.551115123125783e-17,0.05217899808156992,0.0,0.0,0.0,0.0,0.0,0.0737922467579959,0.0,0.0,0.0,0.0,0.0,0.0,0.0,0.0,0.5594982406138557,0.3304251062919638,0.0,0.25,0.25,0.12064768066406255,0.10926759426208998,0.25,0.25,nan,nan,0.5,0.5,0.0,0.0
neg,2,2,257,0.04242640687119289,0.0,1.5700924586837752e-16,0.05741141742154328,0.08485281374238571,0.0,0.06000000000000005,0.0,0.0,0.08119200515260949,0.12,0.0,0.04242640687119289,0.04242640687119289,0.04242640687119289,0.06000000000000005,0.06000000000000005,0.06000000000000005,0.7539526054401564,0.39111843834380916,0.06000000000000005,0.2218,0.22089999999999999,0.22726076660156236,0.22612878343378268,0.1972,0.19359999999999997,nan,nan,0.5,0.0,0.0,0.0
neg,2,2,258,0.0,0.0,5.551115123125783e-17,0.04951893338160149,0.0,5.551115123125783e-17,0.0,0.0,0.0,0.07003034718251056,0.0,0.0,0.0,0.0,0.0,0.0,0.0,0.0,0.5444722215136416,0.3293939089027334,0.0,0.25,0.25,0.11773476562499993,0.10780935030819287,0.25,0.25,nan,nan,0.5,0.5,0.0,0.0
neg,2,2,259,0.0,0.0,1.5700924586837752e-16,0.0233785021655196,0.0,0.0,0.0,0.0,0.0,0.03306219483044659,0.0,0.0,0.0,0.0,0.0,0.0,0.0,0.0,0.4092380496117143,0.22033250883222485,0.0,0.25,0.25,0.16891243760850705,0.16417849085143257,0.25,0.25,nan,nan,0.5,0.5,0.0,0.0
neg,2,2,260,0.1520279579551078,0.0,5.551115123125783e-17,0.06300852634392246,0.30405591591021547,5.551115123125783e-17,0.21500000000000008,0.0,0.0,0.08910751250071758,0.43000000000000016,0.0,0.1520279579551078,0.1520279579551078,0.1520279579551078,0.21500000000000008,0.21500000000000008,0.21500000000000008,0.7371588193869758,0.41807688437654617,0.21500000000000008,0.3806125000000001,0.36905625000000003,0.1803594726562501,0.1772599557194776,0.55745,0.5112250000000002,nan,nan,1.0,1.0,0.0,0.0
neg,2,2,261,0.0,0.0,0.0,0.005981413965651312,0.0,0.0,0.0,0.0,0.0,0.008458996752391812,0.0,0.0,0.0,0.0,0.0,0.0,0.0,0.0,0.20859650045003147,0.10429825022501575,0.0,0.25,0.25,0.288234765625,0.2890249227366346,0.25,0.25,nan,nan,0.5,0.5,1.0,1.0
neg,2,2,262,0.1767766952966369,0.0,0.0,0.047432035929373645,0.3535533905932738,1.2412670766236366e-16,0.25,0.0,0.0,0.0670790285022882,0.5,0.0,0.1767766952966369,0.1767766952966369,0.1767766952966369,0.25,0.25,0.25,0.6885452281804005,0.3616556557943696,0.1910579100691725,0.40625,0.390625,0.2721904541015625,0.2717799269506796,0.625,0.5625,nan,nan,1.0,1.0,1.0,1.0
neg,2,2,263,0.3084753332926314,0.0,5.551115123125783e-17,0.036353905000159906,0.15026019100214136,0.0,0.43625,0.0,0.0,0.051412185496449214,0.21250000000000002,0.0,0.32173358543987907,0.3128947506750472,0.3084753332926314,0.45499999999999996,0.4424999999999999,0.43625,0.6169506665852628,0.3084753332926314,0.30848672986045933,0.29570703125000003,0.24812851562500005,0.24906337890624997,0.24890286755479554,0.378828125,0.36753906249999996,nan,nan,0.5,0.0,0.0,0.0
neg,2,2,264,0.28284271247461895,0.0,1.5700924586837752e-16,0.06568947311044897,0.42426406871192845,5.551115123125783e-17,0.3999999999999999,0.0,0.0,0.09289894377793972,0.6000000000000001,0.0,0.2651650429449553,0.2740038777097871,0.28284271247461895,0.375,0.38749999999999996,0.3999999999999999,0.7495331880577402,0.42426406871192834,0.28319604517012587,0.30010000000000003,0.2601,0.34809999999999985,0.3574248585924973,0.26639999999999997,0.17639999999999995,nan,nan,0.5,1.0,1.0,1.0
neg,2,2,265,0.3822796035789772,0.0,1.2412670766236366e-16,0.06449116963341357,0.24748737341529164,0.0,0.5406249999999999,0.0,0.0,0.09120428674887737,0.35,0.0,0.383605428793702,0.383605428793702,0.3822796035789773,0.5425,0.5425,0.540625,0.7645592071579544,0.41999196524225973,0.3832921739678492,0.3437939453124999,0.27072509765624997,0.24025314941406253,0.24440193631978546,0.48624999999999996,0.45562500000000006,nan,nan,0.5,1.0,0.0,0.0
neg,2,2,266,0.11078006238589246,0.0,5.551115123125783e-17,0.04647935467013195,0.17206265008872662,0.017677669529663705,0.15666666666666673,0.0,0.0,0.06573173374484986,0.2433333333333334,0.02499999999999991,0.11490485194281395,0.1107800623858923,0.11078006238589241,0.16249999999999998,0.1566666666666665,0.15666666666666662,0.6611448404094219,0.36749910766667515,0.15666666666666668,0.2578055555555556,0.2516694444444445,0.2565000434027779,0.2575822782348606,0.30460555555555546,0.2898027777777778,nan,nan,0.5,1.0,1.0,1.0
neg,2,2,267,0.10341436674853256,0.0,5.551115123125783e-17,0.013792391569556745,0.17147339443773776,0.0,0.14625,0.0,0.0,0.019505387215227543,0.24249999999999994,0.0,0.10606601717798214,0.10606601717798214,0.10341436674853256,0.15000000000000002,0.15000000000000002,0.14625,0.32703688629877814,0.1835531352830079,0.14625,0.43847578125,0.43312851562499993,0.33531337890625,0.33827442592949125,0.40065312499999994,0.38595156249999996,nan,nan,1.0,1.0,1.0,1.0
neg,2,2,268,0.09545941546018392,0.0,1.5700924586837752e-16,0.026355529599488583,0.0,0.0,0.135,0.0,0.0,0.03727234740312224,0.0,0.0,0.09545941546018392,0.09545941546018392,0.09545941546018392,0.135,0.135,0.135,0.517955717219146,0.25897785860957295,0.135,0.1916125,0.18705625,0.27464150390624986,0.27760571128771866,0.25,0.25,nan,nan,0.0,0.0,1.0,1.0
neg,2,2,269,0.3005203820042828,0.0,1.5700924586837752e-16,0.03802562946567215,0.24748737341529164,0.0,0.42500000000000027,0.0,0.0,0.05377636090812754,0.35,0.0,0.3005203820042827,0.3005203820042827,0.3005203820042827,0.42500000000000004,0.42500000000000004,0.42500000000000004,0.6010407640085658,0.3005203820042829,0.3175295261861487,0.22791250000000007,0.18275624999999998,0.2150640625000001,0.20935494235702565,0.13625,0.10562499999999997,nan,nan,0.5,0.0,0.0,0.0
neg,2,2,270,0.0512652416360247,0.0,5.551115123125783e-17,0.001405674800885323,0.1767766952966369,0.007071067811865481,0.07250000000000001,0.0,0.0,0.001987924367698124,0.25,0.010000000000000009,0.04596194077712555,0.053033008588991036,0.0512652416360247,0.06499999999999995,0.07499999999999996,0.07250000000000001,0.1025304832720494,0.0512652416360247,0.07250000000000001,0.21637812499999998,0.2150640625,0.23220351562500005,0.23212230066868952,0.15625,0.140625,nan,nan,0.5,0.0,0.0,0.0
neg,2,2,271,0.049497474683058366,0.0,5.551115123125783e-17,0.0013096423121081212,0.09899494936611666,0.0,0.07000000000000006,0.0,0.0,0.0018521139196410186,0.14,0.0,0.049497474683058366,0.049497474683058366,0.049497474683058366,0.07000000000000006,0.07000000000000006,0.07000000000000006,0.09899494936611673,0.049497474683058366,0.07000000000000006,0.28745000000000004,0.286225,0.2678062500000001,0.26788470806171566,0.3298,0.3249000000000001,nan,nan,0.5,1.0,1.0,1.0
neg,2,2,272,0.0,0.0,5.551115123125783e-17,0.0226364247337453,0.05656854249492382,0.0,0.0,0.0,0.0,0.03201273886210032,0.08000000000000007,0.0,0.0,1.5700924586837752e-16,0.0,0.0,0.0,0.0,0.42426406871192857,0.21213203435596428,0.0,0.5776,0.5776,0.30802499999999994,0.313297182416653,0.5792,0.5776,nan,nan,1.0,1.0,1.0,1.0
neg,2,2,273,0.0,0.0,0.0,0.0632860313250722,0.0,0.0,0.0,0.0,0.0,0.08949996380868563,0.0,0.0,0.0,0.0,0.0,0.0,0.0,0.0,0.5718726092846202,0.2859363046423101,0.0,0.25,0.25,0.15912619628906252,0.14092619720234276,0.25,0.25,nan,nan,0.5,0.5,0.0,0.0
neg,2,2,274,0.18649941353795188,0.0,0.0,0.03521757878101072,0.2669328098979218,1.2412670766236366e-16,0.26374999999999993,0.0,0.0,0.049805177546048296,0.37749999999999995,0.0,0.18031222920256962,0.18031222920256962,0.18649941353795194,0.2549999999999999,0.2549999999999999,0.26374999999999993,0.5957374631496665,0.31849267935944087,0.19677477607660995,0.22498515624999993,0.20759414062499995,0.29058837890625,0.29249372064300616,0.27206562500000003,0.23643906250000005,nan,nan,0.5,0.0,1.0,1.0
neg,2,2,275,0.03181980515339463,0.0,1.2412670766236366e-16,0.12523677026008947,0.0636396103067893,1.2412670766236366e-16,0.04499999999999993,0.0,0.0,0.17711153900962195,0.09000000000000008,0.0,0.03181980515339467,0.03181980515339467,0.03181980515339467,0.04500000000000004,0.04500000000000004,0.04500000000000004,0.6788225099390857,0.35001785668734103,0.04499999999999993,0.2285125,0.22800625000000002,0.13597656249999995,0.09421959576620849,0.20904999999999999,0.20702499999999996,nan,nan,0.5,0.0,0.0,0.0
neg,2,2,276,0.34604038104316664,0.0,5.551115123125783e-17,0.06949609665091148,0.21213203435596423,1.5700924586837752e-16,0.4893749999999999,0.0,0.0,0.09828232241571044,0.2999999999999998,0.0,0.35532115754624016,0.3438306723519587,0.3460403810431668,0.5025,0.48625000000000007,0.4893750000000001,0.6920807620863333,0.4048480950118478,0.3686143182582575,0.17568457031249998,0.11581259765625002,0.12800742285156247,0.11455496815264896,0.06249999999999999,0.04000000000000003,nan,nan,0.5,0.0,0.0,0.0
neg,2,2,277,0.0,0.0,0.0,0.07172547041016501,0.0,0.0,0.0,0.0,0.0,0.10143513302164553,0.0,0.0,0.0,0.0,0.0,0.0,0.0,0.0,0.5939696961966998,0.2969848480983499,0.0,0.25,0.25,0.15602500000000002,0.13464887706383555,0.25,0.25,nan,nan,0.5,0.5,0.0,0.0
neg,2,2,278,0.06363961030678918,0.0,5.551115123125783e-17,0.03311447188205279,0.0,1.5700924586837752e-16,0.08999999999999986,0.0,0.0,0.04683093524642157,0.0,0.0,0.0636396103067893,0.0636396103067893,0.0636396103067893,0.08999999999999986,0.08999999999999986,0.08999999999999986,0.5365172702252927,0.26825863511264636,0.08999999999999986,0.2990499999999999,0.29702499999999993,0.20264064941406254,0.19646827194632915,0.25,0.25,nan,nan,1.0,1.0,0.0,0.0
neg,2,2,279,0.29831067331307476,0.0,5.551115123125783e-17,0.0975822298948907,0.29698484809835,0.0,0.421875,0.0,0.0,0.1380021129639637,0.41999999999999993,0.0,0.30228814895724904,0.29963649852779956,0.29831067331307476,0.4275,0.42375000000000007,0.421875,0.8441087200414412,0.42205436002072055,0.421875,0.1280517578125,0.08355712890625,0.19209045410156247,0.16634309715482726,0.1282,0.08410000000000001,nan,nan,0.0,0.0,0.0,0.0
neg,2,2,280,0.368579409693488,0.0,0.0,0.05411486815866543,0.22980970388562794,0.0,0.5212500000000002,0.0,0.0,0.07652998047601667,0.32499999999999996,0.0,0.36769552621700474,0.3623922253581056,0.3685794096934879,0.52,0.5125,0.52125,0.7371588193869761,0.368579409693488,0.3692411982701823,0.3025445312500001,0.234619140625,0.24224853515625,0.24018266554759396,0.1403125,0.11390625000000001,nan,nan,0.5,0.0,0.0,0.0
neg,2,2,281,0.03314563036811941,0.0,0.0,0.0005847024876759909,0.028284271247461926,0.0,0.046875,0.0,0.0,0.0008268941880247294,0.040000000000000036,0.0,0.028284271247461926,0.022980970388562776,0.03314563036811941,0.040000000000000036,0.03249999999999997,0.046875,0.06629126073623882,0.03314563036811941,0.046875,0.2745361328125,0.27398681640625,0.2618560791015625,0.2618792433289788,0.27080000000000004,0.27040000000000003,nan,nan,1.0,1.0,1.0,1.0
neg,2,2,282,0.25809397513308985,0.0,5.551115123125783e-17,0.07115726329998068,0.21920310216782973,0.010606601717798262,0.365,0.0,0.0,0.10063156682018604,0.31000000000000005,0.015000000000000124,0.263397275991989,0.2580939751330899,0.2580939751330899,0.37250000000000005,0.365,0.365,0.6045762979144981,0.3170195402319688,0.365,0.09833125,0.065025,0.14250624999999997,0.12160998135245206,0.072425,0.04839999999999999,nan,nan,0.0,0.0,0.0,0.0
neg,2,2,283,0.3217335854398791,0.0,0.0,0.05036144462963973,0.4879036790187178,1.2412670766236366e-16,0.45500000000000007,0.0,0.0,0.07122183801593818,0.69,0.0,0.2563262081801234,0.2952170811453836,0.32173358543987907,0.36249999999999993,0.4175,0.45499999999999996,0.6434671708797584,0.37123106012293744,0.3226840560052511,0.31956250000000014,0.2678062500000001,0.31500156250000005,0.3156925222432388,0.53505,0.41602500000000003,nan,nan,0.5,1.0,1.0,1.0
neg,2,2,284,0.0,0.0,5.551115123125783e-17,0.0036235638550140624,0.0,0.0,0.0,0.0,0.0,0.005124493147885767,0.0,0.0,0.0,0.0,0.0,0.0,0.0,0.0,0.16351844314938893,0.08175922157469447,0.0,0.25,0.25,0.2219293212890626,0.22160174321314155,0.25,0.25,nan,nan,0.5,0.5,0.0,0.0
neg,2,2,285,0.08131727983645295,0.0,5.551115123125783e-17,0.017668773964905116,0.0,0.0,0.11499999999999999,0.0,0.0,0.024987419771673403,0.0,0.0,0.08131727983645295,0.08131727983645295,0.08131727983645295,0.11499999999999999,0.11499999999999999,0.11499999999999999,0.43045125304731086,0.21522562652365543,0.11499999999999999,0.3141125,0.31080625,0.23175197753906254,0.23037460435877408,0.25,0.25,nan,nan,0.5,1.0,0.0,0.0
neg,2,2,286,0.04551999903888409,0.0,0.0,0.004972953827112177,0.24660348993880846,0.0,0.06437500000000007,0.0,0.0,0.007032818747357172,0.3487499999999999,0.0,0.033587572106361034,0.033587572106361034,0.04551999903888401,0.047499999999999876,0.047499999999999876,0.06437500000000007,0.19798989873223344,0.11681993280852761,0.06437500000000007,0.15484707031249995,0.15381103515624994,0.19899963378906246,0.1985536269688816,0.18593828124999998,0.15553164062500002,nan,nan,0.0,0.0,0.0,0.0
neg,2,2,287,0.17324116139070417,0.0,5.551115123125783e-17,0.016566442888991263,0.3464823227814083,1.2412670766236366e-16,0.2450000000000001,0.0,0.0,0.023428488213890764,0.49,0.0,0.17324116139070414,0.17324116139070414,0.17324116139070414,0.245,0.245,0.245,0.3464823227814084,0.1803122292025697,0.21708293346092414,0.1575125,0.14250624999999997,0.18597656249999991,0.1829814169959173,0.12505,0.065025,nan,nan,0.5,0.0,0.0,0.0
neg,2,2,288,5.551115123125783e-17,0.0,5.551115123125783e-17,0.07848839634280509,0.02740038777097871,0.0,0.0,0.0,0.0,0.11099935459690968,0.03875000000000006,0.0,0.0,5.551115123125783e-17,1.2412670766236366e-16,0.0,0.0,0.0,0.6213700839676787,0.32718420021152544,0.0,0.003675390624999995,0.0036753906249999916,0.13887268066406244,0.11534741231203993,0.0040507812500000006,0.003675390625000005,nan,nan,0.0,0.0,0.0,0.0
neg,2,2,289,0.0,0.0,1.2412670766236366e-16,0.11066700072085049,0.2333452377915607,0.0,0.0,0.0,0.0,0.15650677332657992,0.32999999999999996,0.0,0.0,0.0,0.0,0.0,0.0,0.0,0.8582508556651721,0.429125427832586,0.0,0.44222500000000003,0.44222500000000003,0.18557248535156243,0.15349538313372452,0.46945,0.44222500000000003,nan,nan,1.0,1.0,0.0,0.0
neg,2,2,290,0.17324116139070422,0.0,1.2412670766236366e-16,0.05237085588144528,0.0,0.00530330085889915,0.2450000000000001,0.0,0.0,0.07406357466062674,0.0,0.007500000000000062,0.17324116139070408,0.17324116139070408,0.17324116139070408,0.2450000000000001,0.2450000000000001,0.2450000000000001,0.5559627067079229,0.33572840715086283,0.24500000000000005,0.15751249999999997,0.14250624999999997,0.11591896972656243,0.10519259010209558,0.25,0.25,nan,nan,0.0,0.0,0.0,0.0
neg,2,2,291,0.14849242404917495,0.0,0.0,0.04920315108338582,0.0,0.0,0.20999999999999996,0.0,0.0,0.06958376357361673,0.0,0.0,0.14849242404917495,0.14849242404917495,0.14849242404917495,0.20999999999999996,0.20999999999999996,0.20999999999999996,0.7000357133746822,0.3500178566873411,0.20999999999999996,0.16705,0.15602500000000002,0.26910156250000006,0.2737606489505319,0.25,0.25,nan,nan,0.0,0.0,1.0,1.0
neg,2,2,292,0.0,0.0,5.551115123125783e-17,0.0014116735987655968,0.0,0.0,0.0,0.0,0.0,0.0019964079490182307,0.0,0.0,0.0,0.0,0.0,0.0,0.0,0.0,0.10606601717798207,0.06290304074305328,0.0,0.25,0.25,0.2800724853515626,0.280151606987504,0.25,0.25,nan,nan,0.5,0.5,1.0,1.0
neg,2,2,293,0.30052038200428255,0.0,1.5700924586837752e-16,0.036550034588912345,0.15556349186104043,0.0,0.4249999999999998,0.0,0.0,0.05168955462084557,0.21999999999999997,0.0,0.30052038200428266,0.30052038200428266,0.30052038200428266,0.4249999999999998,0.4249999999999998,0.4249999999999998,0.6010407640085651,0.3252691193458117,0.30220026472523137,0.2731625,0.22800625000000002,0.2139062499999999,0.2132347942131169,0.1642,0.1521,nan,nan,0.5,0.0,0.0,0.0
neg,2,2,294,0.030052038200428257,0.0,1.2412670766236366e-16,0.016998635405016557,0.09192388155425113,1.2412670766236366e-16,0.04249999999999998,0.0,0.0,0.02403970073160988,0.1299999999999999,0.0,0.021213203435596444,0.021213203435596444,0.030052038200428177,0.030000000000000027,0.030000000000000027,0.04249999999999998,0.35001785668734103,0.21389980130893063,0.04249999999999993,0.07539062499999996,0.07493906249999997,0.14203476562500003,0.13973146870918357,0.12325,0.11902499999999998,nan,nan,0.0,0.0,0.0,0.0
neg,2,2,295,0.0,0.0,0.0,0.133679233151271,0.0,0.0,0.0,0.0,0.0,0.18905098453016245,0.0,0.0,0.0,0.0,0.0,0.0,0.0,0.0,0.6810322186302935,0.34051610931514675,0.0,0.25,0.25,0.14410327758789065,0.09836431456068816,0.25,0.25,nan,nan,0.5,0.5,0.0,0.0
neg,2,2,296,0.10650795891622368,0.0,5.551115123125783e-17,0.03521271105136284,0.07778174593052029,0.0,0.150625,0.0,0.0,0.04979829353676224,0.10999999999999999,0.0,0.13081475451951124,0.10960155108391496,0.10650795891622365,0.18500000000000005,0.15500000000000025,0.1506249999999998,0.5453561049901247,0.2832846542128605,0.15062499999999995,0.04165332031250003,0.035981347656250044,0.08841330566406251,0.08219900274006484,0.010250000000000002,0.007224999999999999,nan,nan,0.0,0.0,0.0,0.0
neg,2,2,297,0.04949747468305825,0.0,0.0,0.04839444723326697,0.05656854249492382,0.0,0.06999999999999984,0.0,0.0,0.0684400836208352,0.08000000000000007,0.0,0.04949747468305829,0.04949747468305829,0.04949747468305829,0.06999999999999984,0.06999999999999984,0.06999999999999984,0.5957374631496665,0.3143678898025193,0.06999999999999984,0.09424999999999997,0.09302499999999997,0.08832041015624996,0.07807409140919569,0.2132,0.21159999999999995,nan,nan,0.0,0.0,0.0,0.0
neg,2,2,298,0.134350288425444,0.0,1.5700924586837752e-16,0.10679115864675987,0.0,0.0,0.18999999999999995,0.0,0.0,0.1510255048997846,0.0,0.0,0.134350288425444,0.134350288425444,0.134350288425444,0.18999999999999995,0.18999999999999995,0.18999999999999995,0.8776962921478021,0.43884814607390094,0.18999999999999995,0.36305,0.354025,0.1934625244140626,0.1650482922572111,0.25,0.25,nan,nan,1.0,1.0,0.0,0.0
neg,2,2,299,0.17324116139070422,0.0,5.551115123125783e-17,0.057505880527625314,0.0,1.5700924586837752e-16,0.2450000000000001,0.0,0.0,0.08132559615837454,0.0,0.0,0.17324116139070414,0.17324116139070414,0.17324116139070414,0.2450000000000001,0.2450000000000001,0.2450000000000001,0.7557203723931227,0.37786018619656137,0.2450000000000001,0.4025125000000001,0.38750625000000005,0.2390293212890626,0.23590969963972983,0.25,0.25,nan,nan,1.0,1.0,0.0,0.0
neg,2,2,300,0.0,0.0,0.0,0.13532804559221664,0.0,0.0,0.0,0.0,0.0,0.19138275744595734,0.0,0.0,0.0,0.0,0.0,0.0,0.0,0.0,0.9758073580374355,0.48790367901871784,0.0,0.25,0.25,0.20025625,0.16468615423352007,0.25,0.25,nan,nan,0.5,0.5,0.0,0.0
neg,2,2,301,0.1020885415338079,0.0,0.0,0.044633688491710365,0.03535533905932735,1.2412670766236366e-16,0.14437500000000014,0.0,0.0,0.06312156760371268,0.04999999999999993,0.0,0.10076271631908298,0.10341436674853252,0.10208854153380778,0.14250000000000007,0.14625,0.14437500000000003,0.6425832874032753,0.35664698276096507,0.1443750000000001,0.08239082031250003,0.07717978515625001,0.18396057128906254,0.1798849028191829,0.03124999999999999,0.030624999999999975,nan,nan,0.0,0.0,0.0,0.0
neg,2,2,302,0.0,0.0,5.551115123125783e-17,0.15742091374832834,8.673617379884035e-18,1.5700924586837752e-16,0.0,0.0,0.0,0.22262679122405116,0.0,0.0,0.0,0.0,0.0,0.0,0.0,0.0,0.7185972663808289,0.35929863319041444,0.0,0.9801,0.9801,0.38188537597656247,0.4885662080128085,0.9801,0.9801,nan,nan,1.0,1.0,1.0,1.0
neg,2,2,303,0.07513009550107064,0.0,1.5700924586837752e-16,0.015749646410518403,0.24748737341529164,0.0,0.10624999999999996,0.0,0.0,0.022273363556335912,0.35,0.0,0.1361180553784104,0.09722718241315026,0.07513009550107064,0.1925,0.13749999999999996,0.10624999999999996,0.34641161210328963,0.19824917121866836,0.10624999999999996,0.30876953124999995,0.30594726562499996,0.3455088400000001,0.34905079491505747,0.48624999999999996,0.45562500000000006,nan,nan,0.5,1.0,1.0,1.0
neg,2,2,304,0.08131727983645312,0.0,0.0,0.0727337951200315,0.014142135623730963,0.0,0.11500000000000021,0.0,0.0,0.10286111950161458,0.020000000000000018,0.0,0.08131727983645295,0.08131727983645295,0.08131727983645295,0.11499999999999999,0.11499999999999999,0.11499999999999999,0.7636753236814714,0.44312024954356977,0.11500000000000021,0.6313625,0.62805625,0.35105625,0.3625998711416621,0.5477,0.5476,nan,nan,1.0,1.0,1.0,1.0
neg,2,2,305,0.008838834764831813,0.0,5.551115123125783e-17,0.006764304478986532,0.1767766952966369,0.0,0.012499999999999956,0.0,0.0,0.009566171134203882,0.25,0.0,0.0,0.0,0.008838834764831813,0.0,0.0,0.012499999999999956,0.22627416997969538,0.11608336324479163,0.012499999999999956,0.243828125,0.24378906250000001,0.20873476562499993,0.20790095841338382,0.40625,0.390625,nan,nan,0.0,0.0,0.0,0.0
neg,2,2,306,0.04596194077712555,0.0,1.5700924586837752e-16,0.003629502059906935,0.0,0.0,0.06499999999999995,0.0,0.0,0.005132891037781473,0.0,0.0,0.04596194077712555,0.04596194077712555,0.04596194077712555,0.06499999999999995,0.06499999999999995,0.06499999999999995,0.16970562748477155,0.1001734606680943,0.06499999999999995,0.21961250000000004,0.21855625000000004,0.2058890624999999,0.20560637672629162,0.25,0.25,nan,nan,0.5,0.0,0.0,0.0
neg,2,2,307,0.24130018907990938,0.0,1.5700924586837752e-16,0.039047979167070396,0.2598617420860562,0.0,0.34125000000000005,0.0,0.0,0.055222181721332975,0.36749999999999994,0.0,0.28461047942758533,0.2872621298570349,0.2413001890799093,0.40249999999999997,0.40625,0.34124999999999994,0.48260037815981877,0.24130018907990938,0.34125000000000005,0.47885078125,0.449737890625,0.3425907226562501,0.3564869179116473,0.501278125,0.46751406249999994,nan,nan,0.5,1.0,1.0,1.0
neg,2,2,308,0.17324116139070422,0.0,5.551115123125783e-17,0.04586729415108398,0.3464823227814083,0.0,0.2450000000000001,0.0,0.0,0.0648661494578191,0.49,0.0,0.17324116139070408,0.17324116139070408,0.17324116139070408,0.2450000000000001,0.2450000000000001,0.2450000000000001,0.5860147449083511,0.35075442625107695,0.24500000000000005,0.15751249999999997,0.14250624999999997,0.1723547119140624,0.16941544055784444,0.12505,0.065025,nan,nan,0.0,0.0,0.0,0.0
neg,2,2,309,0.17324116139070417,0.0,5.551115123125783e-17,0.021720571375426607,0.3464823227814083,0.0,0.2450000000000001,0.0,0.0,0.030717526621621083,0.49,0.0,0.17324116139070414,0.17324116139070414,0.17324116139070414,0.245,0.245,0.245,0.3464823227814084,0.22774730910716723,0.2316584231147229,0.1575125,0.14250624999999997,0.14511337890624995,0.14224157100367055,0.12505,0.065025,nan,nan,0.5,0.0,0.0,0.0
neg,2,2,310,0.19357048134981736,0.0,5.551115123125783e-17,0.028746441923605915,0.16617009357883872,0.017677669529663664,0.27374999999999994,0.0,0.0,0.040653608038333955,0.23499999999999988,0.02499999999999991,0.20682873349706513,0.1979898987322333,0.19357048134981736,0.2925,0.2799999999999998,0.27374999999999994,0.44370950519455854,0.27488776118627034,0.23022068217256242,0.15059453125000002,0.131859765625,0.14846572265624997,0.1446603075192294,0.1601125,0.14630625000000003,nan,nan,0.0,0.0,0.0,0.0
neg,2,2,311,0.16970562748477142,0.0,5.551115123125783e-17,0.020690588709001756,0.33941125496954283,0.0,0.24,0.0,0.0,0.02926091116575391,0.48,0.0,0.16970562748477142,0.16970562748477142,0.16970562748477142,0.24,0.24,0.24,0.33941125496954283,0.22288594998650968,0.226082465596074,0.1588,0.1444,0.14714416503906247,0.14445252226252212,0.1252,0.06760000000000001,nan,nan,0.0,0.0,0.0,0.0
neg,2,2,312,0.0,0.0,5.551115123125783e-17,0.0018398627730389688,0.11313708498984755,0.0,0.0,0.0,0.0,0.002601958886537137,0.15999999999999992,0.0,0.0,0.0,0.0,0.0,0.0,0.0,0.12020815280171303,0.0618718433538229,0.0,0.25,0.25,0.22740976562499995,0.22728495495982837,0.2564,0.25,nan,nan,0.5,0.5,0.0,0.0
neg,2,2,313,0.22627416997969527,0.0,5.551115123125783e-17,0.033147881926392384,0.2050609665440988,0.0,0.32000000000000006,0.0,0.0,0.04687818418424605,0.29000000000000004,0.0,0.20682873349706513,0.2218547525972793,0.22627416997969527,0.2925,0.3137500000000002,0.32000000000000006,0.45254833995939053,0.22627416997969527,0.32000000000000006,0.1412,0.11559999999999998,0.17639999999999995,0.16870523370270593,0.14705,0.126025,nan,nan,0.0,0.0,0.0,0.0
neg,2,2,314,0.3588566914521729,0.0,5.551115123125783e-17,0.052436035016608325,0.35708892449920654,0.017677669529663743,0.5075000000000001,0.0,0.0,0.07415575187755807,0.5049999999999999,0.02499999999999991,0.3570889244992065,0.3659277592640383,0.3588566914521728,0.5049999999999999,0.5175000000000001,0.5074999999999998,0.7177133829043458,0.3682847818679935,0.3590699792519559,0.26801562500000004,0.20362656250000002,0.21680664062499996,0.21169911940326872,0.3112625,0.24750625000000004,nan,nan,0.5,0.0,0.0,0.0
neg,2,2,315,0.2368807716974934,0.0,1.5700924586837752e-16,0.052628024705455065,0.19268659787333417,1.5700924586837752e-16,0.33499999999999996,0.0,0.0,0.0744272662993608,0.27249999999999996,0.0,0.2368807716974934,0.23864853865045982,0.2368807716974934,0.33499999999999996,0.3374999999999999,0.33499999999999996,0.6434671708797584,0.37712361663282534,0.2553918557824426,0.1386125,0.11055625000000001,0.15015625000000013,0.14320511641926403,0.150878125,0.13231406250000002,nan,nan,0.0,0.0,0.0,0.0
neg,2,2,316,5.551115123125783e-17,0.0,5.551115123125783e-17,0.09886866768048834,0.002651650429449548,0.0,0.0,0.0,0.0,0.1398214107275051,0.00374999999999992,0.0,1.2412670766236366e-16,1.2412670766236366e-16,1.2412670766236366e-16,0.0,0.0,0.0,0.6903129951333672,0.3544667368523065,0.0,0.00014101562499999726,0.0001410156249999966,0.06921832128906245,0.04580602980099493,0.00014453125000000013,0.00014101562499999927,nan,nan,0.0,0.0,0.0,0.0
neg,2,2,317,0.30317203243373225,0.0,1.2412670766236366e-16,0.14658887380758415,0.30759144981614817,0.0,0.42874999999999996,0.0,0.0,0.20730797343168372,0.43500000000000005,0.0,0.29698484809834996,0.3022881489572491,0.3031720324337323,0.41999999999999993,0.4275,0.4287500000000001,0.6993286065934954,0.4507216474413251,0.42874999999999996,0.12753828125,0.08158164062500001,0.07246191015625006,0.041266777647526426,0.1271125,0.07980624999999998,nan,nan,0.5,0.0,0.0,0.0
neg,2,2,318,0.07778174593052013,0.0,5.551115123125783e-17,0.0029967952337752075,0.0,0.053033008588991036,0.10999999999999988,0.0,0.0,0.004238108463259893,0.0,0.07499999999999996,0.07778174593052022,0.07778174593052022,0.07778174593052022,0.10999999999999988,0.10999999999999988,0.10999999999999988,0.15556349186104027,0.08220116331293607,0.09315645441943339,0.20105000000000006,0.19802500000000006,0.21884853515624997,0.21859156244307815,0.25,0.25,nan,nan,0.0,0.0,0.0,0.0
neg,2,2,319,0.0,0.0,5.551115123125783e-17,0.015089168347651189,0.0,0.0,0.0,0.0,0.0,0.02133930652217908,0.0,0.0,0.0,0.0,0.0,0.0,0.0,0.0,0.33941125496954283,0.18502627441047992,0.0,0.25,0.25,0.3320640624999999,0.3355505837909287,0.25,0.25,nan,nan,0.5,0.5,1.0,1.0
neg,2,2,320,0.0,0.0,5.551115123125783e-17,0.026501104762320916,0.0,0.0,0.0,0.0,0.0,0.0374782217727444,0.0,0.0,0.0,0.0,0.0,0.0,0.0,0.0,0.412773583517647,0.2063867917588235,0.0,0.25,0.25,0.18235568847656247,0.17669652196988933,0.25,0.25,nan,nan,0.5,0.5,0.0,0.0
neg,2,2,321,0.0,0.0,5.551115123125783e-17,0.018950238352193925,0.33941125496954283,0.0,0.0,0.0,0.0,0.026799684087875364,0.48,0.0,0.0,0.0,0.0,0.0,0.0,0.0,0.33941125496954283,0.21772996304035774,0.0,0.06760000000000001,0.06760000000000001,0.15136962890625008,0.14892971172689995,0.1252,0.06760000000000001,nan,nan,0.0,0.0,0.0,0.0
neg,2,2,322,0.0,0.0,0.0,0.006131929751022202,0.0,0.0,0.0,0.0,0.0,0.008671858217414563,0.0,0.0,0.0,0.0,0.0,0.0,0.0,0.0,0.26162950903902266,0.13081475451951133,0.0,0.25,0.25,0.25125156249999997,0.2512847294402544,0.25,0.25,nan,nan,0.5,0.5,1.0,1.0
neg,2,2,323,0.0,0.0,0.0,0.014643772906740158,0.24395183950935886,0.0,0.0,0.0,0.0,0.020709422249023612,0.345,0.0,1.5700924586837752e-16,1.5700924586837752e-16,1.5700924586837752e-16,0.0,0.0,0.0,0.33234018715767716,0.17736595094762556,0.0,0.2047562500000001,0.2047562500000001,0.18436289062500005,0.18186639967319787,0.2345125,0.20475625,nan,nan,0.0,0.0,0.0,0.0
neg,2,2,324,0.0,0.0,1.1102230246251565e-16,0.15844207551101844,0.06894291116568842,0.03712310601229366,0.0,0.0,0.0,0.22407093203822437,0.09750000000000014,0.05249999999999988,0.0,0.0,0.0,0.0,0.0,0.0,0.9842926394116744,0.4979740580941163,0.0,0.4970250000000001,0.4970250000000001,0.0959876578515625,0.06584077333612713,0.4994015625,0.4970250000000001,nan,nan,1.0,1.0,0.0,0.0
neg,2,2,325,0.4523273690902696,0.0,5.551115123125783e-17,0.12206002011086901,0.4238221269736869,5.551115123125783e-17,0.6396875,0.0,0.0,0.17261893586432375,0.599375,0.0,0.3500178566873411,0.4331029034767604,0.45232736909026966,0.4950000000000001,0.6125,0.6396875,0.9607813389372215,0.508601283759699,0.5335963808500298,0.34255317382812506,0.24025314941406256,0.12266411743164062,0.1261509652962119,0.39265644531249994,0.30284384765625,nan,nan,0.5,0.0,0.0,0.0
neg,2,2,326,0.20285125785289082,0.0,0.0,0.04548488833431254,0.33587572106361,0.022980970388562776,0.286875,0.0,0.0,0.06432534596541051,0.4750000000000001,0.03249999999999997,0.20152543263816597,0.20682873349706513,0.20285125785289074,0.2849999999999999,0.2925,0.28687499999999977,0.6540737725975563,0.3569416105864593,0.2041990833108709,0.25428613281250007,0.23371181640625008,0.32187893066406253,0.3282606051643447,0.23071250000000004,0.17430625000000008,nan,nan,0.5,0.0,1.0,1.0
neg,2,2,327,0.12639533713709536,0.0,0.0,0.15020107283395967,0.15556349186104046,0.0,0.17874999999999996,0.0,0.0,0.21241639428477477,0.21999999999999997,0.0,0.12727922061357855,0.12727922061357855,0.1263953371370954,0.17999999999999994,0.17999999999999994,0.17874999999999996,0.8502959043768232,0.49821565291102154,0.17874999999999996,0.018113281249999988,0.010125390624999992,0.10787119140624996,0.07084240344432895,0.026500000000000003,0.0144,nan,nan,0.0,0.0,0.0,0.0
neg,2,2,328,0.16617009357883858,0.0,0.0,0.09464212487372022,0.15556349186104043,0.0,0.23499999999999988,0.0,0.0,0.13384417656822323,0.21999999999999997,0.0,0.16617009357883866,0.16617009357883866,0.16617009357883866,0.23499999999999988,0.23499999999999988,0.23499999999999988,0.8909545442950497,0.44547727214752486,0.23499999999999988,0.16011250000000005,0.14630625000000005,0.2916,0.31402843516541135,0.1642,0.1521,nan,nan,0.0,0.0,1.0,1.0
neg,2,2,329,0.10606601717798207,0.0,0.0,0.005503932750621266,0.0,0.0,0.1499999999999999,0.0,0.0,0.007783736342318104,0.0,0.0,0.10606601717798214,0.10606601717798214,0.10606601717798214,0.1499999999999999,0.1499999999999999,0.1499999999999999,0.21213203435596414,0.11696724672127472,0.11359192312836316,0.18625000000000003,0.18062500000000004,0.20334462890625,0.2027460926862518,0.25,0.25,nan,nan,0.0,0.0,0.0,0.0
neg,2,2,330,0.3531644818636211,0.0,5.551115123125783e-17,0.16169715461817466,0.3534826799151551,0.0,0.49944999999999995,0.0,0.0,0.22867430905816188,0.4999,0.0,0.35316448186362115,0.35316448186362115,0.35316448186362115,0.49944999999999995,0.49944999999999995,0.49944999999999995,0.7063289637272422,0.4455303051561139,0.4192246444330294,0.12500015125,0.06263757562500001,0.05390232847656252,0.023148543745603514,0.125000005,0.0625250025,nan,nan,0.5,0.0,0.0,0.0
neg,2,2,331,5.551115123125783e-17,0.0,5.551115123125783e-17,0.07529959886850861,0.025632620818012382,0.0,0.0,0.0,0.0,0.10648971396109852,0.036250000000000115,0.0,5.551115123125783e-17,5.551115123125783e-17,1.2412670766236366e-16,0.0,0.0,0.0,0.7751658088757524,0.3914130661693034,0.0,0.003828515625000012,0.0038285156250000155,0.09122287597656248,0.07920071741727067,0.004157031249999998,0.0038285156250000016,nan,nan,0.0,0.0,0.0,0.0
neg,2,2,332,0.1131370849898477,0.0,5.551115123125783e-17,0.06390353782004793,0.2262741699796952,1.5700924586837752e-16,0.16000000000000014,0.0,0.0,0.09037324986873374,0.32000000000000006,0.0,0.11313708498984763,0.11313708498984763,0.11313708498984763,0.16000000000000003,0.16000000000000003,0.16000000000000003,0.6774082963767123,0.3764165098516387,0.16000000000000014,0.18279999999999996,0.17639999999999995,0.1442100625,0.12971941918152258,0.1412,0.11559999999999998,nan,nan,0.5,0.0,0.0,0.0
neg,2,2,333,0.0,0.0,5.551115123125783e-17,0.0637545350957627,0.0,0.0,0.0,0.0,0.0,0.09016252819521897,0.0,0.0,0.0,0.0,0.0,0.0,0.0,0.0,0.5975052301026326,0.34942860103635226,0.0,0.25,0.25,0.11602539062499997,0.10091970711255965,0.25,0.25,nan,nan,0.5,0.5,0.0,0.0
neg,2,2,334,0.29389125593065873,0.0,5.551115123125783e-17,0.07796427435651197,0.30052038200428266,0.0,0.4156249999999999,0.0,0.0,0.11025813417555619,0.42500000000000004,0.0,0.2952170811453836,0.3014042654807659,0.29389125593065885,0.4175,0.42625,0.415625,0.7389265863399421,0.4260318356648949,0.29739559617620426,0.5441845703124999,0.5009985351562499,0.40600791015625004,0.43458969633522515,0.5528125,0.50765625,nan,nan,0.5,1.0,1.0,1.0
and,3,2,335,0.33941125496954283,0.0,0.0,0.0,0.33941125496954283,0.0,0.48,0.0,0.0,0.0,0.48,0.0,0.33941125496954283,0.33941125496954283,0.33941125496954283,0.48,0.48,0.48,0.7936791306945145,0.5332530827031293,0.48,0.3602588541666667,0.32185885416666676,0.19136305338541668,0.13152368927062183,0.3602588541666667,0.32185885416666676,nan,nan,0.3333333333333333,0.3333333333333333,0.3333333333333333,0.3333333333333333
and,3,2,336,0.0,0.0,0.0,0.0,0.0,0.0,0.0,0.0,0.0,0.0,0.0,0.0,0.0,0.0,0.0,0.0,0.0,0.0,0.8009774302375816,0.4004887151187908,0.0,0.25,0.25,0.14794926757812502,0.0907909361508266,0.25,0.25,nan,nan,0.3333333333333333,0.3333333333333333,0.0,0.0
and,3,2,337,0.0,0.0,0.0,0.0,0.042579582352734874,0.0,0.0,0.0,0.0,0.0,0.0737499999999999,0.0,0.0,0.0,0.0,0.0,0.0,0.0,0.3187720580603011,0.15938602903015056,0.19830225596856477,0.22102459490740742,0.22102459490740742,0.2623947699652778,0.25618220816209797,0.2654380208333333,0.24844479166666666,nan,nan,0.3333333333333333,0.3333333333333333,0.6666666666666666,0.6666666666666666
and,3,2,338,0.0,0.0,0.0,0.0,0.0,0.0,0.0,0.0,0.0,0.0,0.0,0.0,0.0,0.0,0.0,0.0,0.0,0.0,0.603048678245242,0.40037542286796807,0.2765467862767528,0.17146666666666666,0.17146666666666666,0.15062801649305554,0.1296792813091248,0.17146666666666666,0.17146666666666666,nan,nan,0.3333333333333333,0.3333333333333333,0.0,0.0
and,3,2,339,0.053404899900040416,0.0,0.0,0.0,0.06567359312031996,0.0,0.09250000000000005,0.0,0.0,0.0,0.11375000000000005,0.0,0.04907477288111831,0.053404899900040416,0.053404899900040416,0.0850000000000001,0.0925,0.09250000000000005,0.7670234676983488,0.47687383786694676,0.08202514858261463,0.29785208333333335,0.27634583333333335,0.20972415364583333,0.16763783249949793,0.2953463541666667,0.26863090277777774,nan,nan,0.3333333333333333,0.3333333333333333,0.3333333333333333,0.0
and,3,2,340,0.03535533905932741,0.0,0.0,0.0,0.03535533905932741,0.0,0.050000000000000044,0.0,0.0,0.0,0.050000000000000044,0.0,0.03535533905932741,0.03535533905932741,0.03535533905932741,0.050000000000000044,0.050000000000000044,0.050000000000000044,0.7718254336312066,0.6070135026709701,0.07999999999999996,0.2429666666666667,0.24255000000000002,0.10807780635416668,0.08684552692340791,0.2429666666666667,0.24255000000000002,nan,nan,0.3333333333333333,0.6666666666666666,0.0,0.0
and,3,2,341,0.13435028842544403,0.0,0.0,0.0,0.26870057685088805,0.0,0.19,0.0,0.0,0.0,0.38,0.0,0.13435028842544403,0.13435028842544403,0.13435028842544403,0.19,0.19,0.19,0.4581348054885156,0.2855436315294932,0.19,0.32536666666666664,0.31935,0.3211830729166667,0.3427575661982442,0.4248,0.40073333333333333,nan,nan,1.0,1.0,0.6666666666666666,0.6666666666666666
and,3,2,342,0.0,0.0,0.0,0.0,0.0,0.0,0.0,0.0,0.0,0.0,0.0,0.0,0.0,0.0,0.0,0.0,0.0,0.0,0.859393299805159,0.5707696747348092,0.0,0.25,0.25,0.06264897330729167,0.0029658884648295606,0.25,0.25,nan,nan,0.0,0.0,0.0,0.0
and,3,2,343,0.23231131456517556,0.0,0.0,0.0,0.23231131456517556,0.0,0.4023749999999999,3.0531133177191805e-16,0.0,0.0,0.4023749999999999,0.0,0.23094010767585027,0.23368252145450102,0.23231131456517556,0.3999999999999999,0.40474999999999994,0.4023749999999999,1.0557867401255805,0.7075854451333031,0.42,0.3655702135416667,0.25816403125000004,0.21321277006510417,0.14287224758080921,0.3655702135416667,0.25816403125000004,nan,nan,0.3333333333333333,0.3333333333333333,0.3333333333333333,0.3333333333333333
and,3,2,344,0.0,0.0,0.0,0.0,0.10392304845413254,0.0,0.0,0.0,0.0,0.0,0.17999999999999994,0.0,0.0,0.0,0.0,0.0,0.0,0.0,0.4389083403741606,0.3001120602960245,0.1711459791539246,0.15896706076388892,0.15896706076388892,0.20329084440104173,0.21254042288683236,0.12240416666666665,0.11880416666666667,nan,nan,0.0,0.0,0.3333333333333333,0.3333333333333333
and,3,2,345,0.04979210250855273,0.0,0.0,0.0,0.16882174400828823,0.0,0.07041666666666668,0.0,0.0,0.0,0.23875000000000002,0.0,0.04890821903206959,0.04890821903206959,0.04979210250855273,0.06916666666666674,0.06916666666666674,0.07041666666666668,0.6828198655209147,0.4957780232342585,0.15333333333333335,0.5029105324074074,0.4786118923611111,0.31040090603298615,0.28328289210052043,0.5543260416666667,0.46524244791666675,nan,nan,0.6666666666666666,0.6666666666666666,0.6666666666666666,0.6666666666666666
and,3,2,346,0.0,0.0,0.0,0.0,0.0,0.0,0.0,0.0,0.0,0.0,0.0,0.0,0.0,0.0,0.0,0.0,0.0,0.0,0.8500979722949585,0.42504898614747927,0.0,0.25,0.25,0.14236805338541667,0.030405136105591816,0.25,0.25,nan,nan,0.0,0.0,0.0,0.0
and,3,2,347,0.0,0.0,0.0,0.0,0.0,0.0,0.0,0.0,0.0,0.0,0.0,0.0,0.0,0.0,0.0,0.0,0.0,0.0,0.46193884876680363,0.28730271222268594,0.1958333333333333,0.1504724537037037,0.1504724537037037,0.23257682291666668,0.23619151011620357,0.14576666666666668,0.14576666666666668,nan,nan,0.0,0.0,0.6666666666666666,0.6666666666666666
and,3,2,348,0.29698484809834996,0.0,0.0,0.0,0.29698484809834996,0.0,0.42,0.0,0.0,0.0,0.42,0.0,0.29698484809834996,0.29698484809834996,0.29698484809834996,0.42,0.42,0.42,0.5939749573845685,0.4322917718445443,0.42,0.16879999999999998,0.1394,0.159885546875,0.12117211747149365,0.16879999999999998,0.1394,nan,nan,0.0,0.0,0.0,0.0
and,3,2,349,0.2616295090390226,0.0,0.0,0.0,0.33941125496954283,0.0,0.37,2.7755575615628914e-17,0.0,0.0,0.48,0.0,0.2616295090390226,0.2616295090390226,0.2616295090390226,0.37,0.37,0.37,0.7645270188162091,0.4298952513808183,0.2694262422259569,0.13416666666666668,0.11134999999999999,0.11277335026041668,0.0661501745608046,0.16679999999999998,0.1284,nan,nan,0.0,0.0,0.0,0.0
and,3,2,350,0.0,0.0,0.0,0.0,0.0,0.0,0.0,0.0,0.0,0.0,0.0,0.0,0.0,0.0,0.0,0.0,0.0,0.0,0.687388374776427,0.35136802369081965,0.0,0.25,0.25,0.17502436342592595,0.1358212857938544,0.25,0.25,nan,nan,0.0,0.0,0.0,0.0
and,3,2,351,0.225390286503212,0.0,0.0,0.0,0.225390286503212,0.0,0.31875,5.551115123125783e-17,0.0,0.0,0.31875,0.0,0.2262741699796952,0.2085965004500315,0.225390286503212,0.32,0.295,0.31875,0.5145416649796205,0.359366503967045,0.33875,0.12041718750000001,0.10348359374999999,0.13827662760416667,0.12528823851326246,0.12041718750000001,0.10348359374999999,nan,nan,0.0,0.0,0.0,0.0
and,3,2,352,0.0,0.0,0.0,0.0,0.0,0.0,0.0,0.0,0.0,0.0,0.0,0.0,0.0,0.0,0.0,0.0,0.0,0.0,0.8223588594707301,0.5264220728353689,0.0,0.25,0.25,0.1082224839734377,0.0658905315253717,0.25,0.25,nan,nan,0.3333333333333333,0.3333333333333333,0.0,0.0
and,3,2,353,0.0,0.0,0.0,0.0,0.0,0.0,0.0,0.0,0.0,0.0,0.0,0.0,0.0,0.0,0.0,0.0,0.0,0.0,0.48322161065084823,0.31626828403130997,0.03624999999999998,0.21153802083333337,0.21153802083333337,0.12582037760416667,0.13025306671582101,0.21153802083333337,0.21153802083333337,nan,nan,0.3333333333333333,0.3333333333333333,0.3333333333333333,0.3333333333333333
and,3,2,354,0.0,0.0,0.0,0.0,0.08220116331293613,0.0,0.0,0.0,0.0,0.0,0.11624999999999996,0.0,0.07071067811865474,0.0,0.0,0.09999999999999998,0.0,0.0,0.5320009398487938,0.3944710456047707,0.18977371393319992,0.17325468749999998,0.17325468749999998,0.15262164713541668,0.14159506483202197,0.21575468750000001,0.21350234375000002,nan,nan,0.3333333333333333,0.3333333333333333,0.0,0.0
and,3,2,355,0.0,0.0,0.0,0.0,0.0,0.0,0.0,0.0,0.0,0.0,0.0,0.0,0.0,0.0,0.0,0.0,0.0,0.0,0.2986724097290094,0.16462436672462677,0.1941666666666666,0.1798585648148148,0.1798585648148148,0.22670262586805556,0.22275927938613438,0.15684218749999998,0.15684218749999998,nan,nan,0.3333333333333333,0.3333333333333333,0.3333333333333333,0.3333333333333333
and,3,2,356,0.04949747468305833,0.0,0.0,0.0,0.04949747468305833,0.0,0.07,0.0,0.0,0.0,0.07,0.0,0.04949747468305833,0.04949747468305833,0.04949747468305833,0.07,0.07,0.07,0.8376098279976981,0.5806318412674413,0.33408249147644825,0.37275925925925923,0.37194259259259255,0.11959315234153557,0.06085869568781802,0.4651,0.4642833333333332,nan,nan,0.3333333333333333,0.3333333333333333,0.0,0.0
and,3,2,357,0.0,0.0,0.0,0.0,0.0,0.0,0.0,0.0,0.0,0.0,0.0,0.0,0.0,0.0,0.0,0.0,0.0,0.0,1.0895877947646073,0.5808613161459765,0.0,0.25,0.25,0.24326253255208333,0.17400742191094812,0.25,0.25,nan,nan,0.3333333333333333,0.3333333333333333,0.3333333333333333,0.3333333333333333
and,3,2,358,0.0,0.0,0.0,0.0,0.0,0.0,0.0,0.0,0.0,0.0,0.0,0.0,0.0,0.0,0.0,0.0,0.0,0.0,1.0483936298571257,0.5694219262471661,0.0,0.37749999999999995,0.37749999999999995,0.16182946256510417,0.03304615039925035,0.37749999999999995,0.37749999999999995,nan,nan,0.3333333333333333,0.3333333333333333,0.0,0.0
and,3,2,359,0.0,0.0,0.0,0.0,0.08485281374238571,0.0,0.0,0.0,0.0,0.0,0.12,0.0,0.0,0.0,0.0,0.0,0.0,0.0,0.7674450306047984,0.4573853197007316,0.21137980890120767,0.257024363425926,0.257024363425926,0.31594474826388885,0.360227238945557,0.23854166666666668,0.2361416666666667,nan,nan,0.6666666666666666,0.6666666666666666,0.3333333333333333,0.6666666666666666
and,3,2,360,0.0,0.0,0.0,0.0,0.0,0.0,0.0,0.0,0.0,0.0,0.0,0.0,0.0,0.0,0.0,0.0,0.0,0.0,0.8611130562678838,0.4985377925045494,0.2175,0.7743876441833386,0.7743876441833386,0.4507280269932295,0.69948341637238,0.7743876441833386,0.7743876441833386,nan,nan,1.0,1.0,1.0,1.0
and,3,2,361,0.0,0.0,0.0,0.0,0.0,0.0,0.0,0.0,0.0,0.0,0.0,0.0,0.0,0.0,0.0,0.0,0.0,0.0,1.1132298149931052,0.6576866240855374,0.0,0.25,0.25,0.16515664835394964,0.07190670716167553,0.25,0.25,nan,nan,0.0,0.0,0.0,0.0
and,3,2,362,0.0,0.0,0.0,0.0,0.0,0.009622504486493568,0.0,0.0,0.0,0.0,0.0,0.01666666666666644,0.0,0.0,0.0,0.0,0.0,0.0,0.9155624998016705,0.5129092660598848,0.0774999999999999,0.19096875000000002,0.19096875000000002,0.21585426439673094,0.19282690175981163,0.1576,0.1576,nan,nan,0.0,0.0,0.3333333333333333,0.3333333333333333
and,3,2,363,0.0,0.0,0.0,0.0,0.17962924780418138,0.0,0.0,0.0,0.0,0.0,0.21999999999999997,0.0,0.0,0.0,0.0,0.0,0.0,0.0,0.25731941483300474,0.12865970741650237,0.09437499999999999,0.22151054687500002,0.22151054687500002,0.26971277669270827,0.26709933252485835,0.33946666666666664,0.27982222222226666,nan,nan,0.3333333333333333,0.3333333333333333,0.6666666666666666,0.6666666666666666
and,3,2,364,0.0,0.0,0.0,0.0,0.0,0.0,0.0,0.0,0.0,0.0,0.0,0.0,0.0,0.0,0.0,0.0,0.0,0.0,0.45590226474541656,0.2833064378961363,0.1762499999999999,0.15969010416666665,0.15969010416666665,0.20230878906250002,0.19227088310709925,0.1412421875,0.1412421875,nan,nan,0.0,0.0,0.0,0.0
and,3,2,365,0.0,0.0,0.0,0.0,0.0,0.0,0.0,0.0,0.0,0.0,0.0,0.0,0.0,0.0,0.0,0.0,0.0,0.0,0.8999869790724754,0.5861200213056553,0.0,0.1683,0.1683,0.16440784505208336,0.12249686226229939,0.1683,0.1683,nan,nan,0.3333333333333333,0.3333333333333333,0.0,0.0
and,3,2,366,0.0,0.0,0.0,0.0,0.0,0.0,0.0,0.0,0.0,0.0,0.0,0.0,0.0,0.0,0.0,0.0,0.0,0.0,0.288676938808766,0.22637960203396482,0.1131370849898477,0.19096666666666665,0.19096666666666665,0.20818248697916666,0.2149852526502646,0.19096666666666665,0.19096666666666665,nan,nan,0.6666666666666666,0.6666666666666666,0.3333333333333333,0.3333333333333333
and,3,2,367,0.2740038777097872,0.0,0.0,0.0,0.30052038200428266,0.0,0.3875,0.0,0.0,0.0,0.425,0.0,0.28284271247461906,0.28284271247461906,0.2740038777097872,0.4,0.4,0.3875,0.5905188396655945,0.29525941983279724,0.3875,0.42921875,0.2750260416666666,0.2755981770833333,0.28281539017139956,0.451875,0.28010416666666665,nan,nan,0.3333333333333333,0.3333333333333333,0.6666666666666666,0.6666666666666666
and,3,2,368,0.27613402542980503,0.0,0.0,0.0,0.27613402542980503,0.0,0.35,0.0,0.0,0.0,0.35,0.0,0.28577380332483404,0.27613402542980503,0.27613402542980503,0.35,0.35,0.35,0.6771447408050955,0.3385723704025477,0.47762432936357,0.5510416666666665,0.5256249999999999,0.3558026041666667,0.45945855554936,0.5510416666666665,0.5256249999999999,nan,nan,1.0,1.0,1.0,1.0
and,3,2,369,0.23422912126804388,0.0,0.0,0.0,0.23422912126804388,0.0,0.33125000000000004,0.0,0.0,0.0,0.33125000000000004,0.0,0.23688077169749344,0.23688077169749341,0.23422912126804388,0.335,0.33499999999999996,0.33125000000000004,0.5950713367599813,0.2975979717408063,0.33207078604486184,0.18411811342598514,0.16583035300931848,0.18166374782986158,0.1534166507667168,0.13365885416666665,0.11537109374999999,nan,nan,0.3333333333333333,0.3333333333333333,0.0,0.0
and,3,2,370,0.3447145558284419,0.0,0.0,0.0,0.3464823227814083,0.0,0.4875,0.0,0.0,0.0,0.49,0.0,0.3464823227814083,0.3455984393049251,0.3447145558284419,0.49,0.48875,0.4875,1.3775103104196715,0.7956645687347773,0.4875,0.737548541875,0.535439166875,0.1810274710742187,0.20120505910703257,0.7391964585416666,0.5358464585416667,nan,nan,0.6666666666666666,0.6666666666666666,0.3333333333333333,0.3333333333333333
and,3,2,371,0.0,0.0,0.0,0.0,0.0,0.0,0.0,0.0,0.0,0.0,0.0,0.0,0.0,0.0,0.0,0.0,0.0,0.0,0.6952084894116297,0.3476042447058149,0.415625,0.16903971354166666,0.16903971354166666,0.22173572591145832,0.20663522023032002,0.17416666666666666,0.17416666666666666,nan,nan,0.3333333333333333,0.3333333333333333,0.3333333333333333,0.3333333333333333
and,3,2,372,0.0,0.0,0.0,0.0,0.0,0.0,0.0,0.0,0.0,0.0,0.0,0.0,0.0,0.0,0.0,0.0,0.0,0.0,0.8773868395696394,0.6256319340472478,0.22750000000000004,0.08337734375000001,0.08337734375000001,0.13080564408854167,0.015268556609549691,0.08337734375000001,0.08337734375000001,nan,nan,0.0,0.0,0.0,0.0
and,3,2,373,0.0,0.0,0.0,0.0,0.0,0.0,0.0,0.0,0.0,0.0,0.0,0.0,0.0,0.0,0.0,0.0,0.0,0.0,0.8446390131292776,0.5929192686309984,0.0,0.08346714666666667,0.08346714666666667,0.09135456046874997,0.018539037833601675,0.08346714666666667,0.08346714666666667,nan,nan,0.0,0.0,0.0,0.0
and,3,2,374,0.0,0.0,0.0,0.0,0.15556349186104043,0.009622504486493889,0.0,0.0,0.0,0.0,0.21999999999999997,0.016666666666666774,0.0,0.0,0.0,0.0,0.0,0.0,0.3790984370846178,0.21660343546330915,0.0,0.18473333333333333,0.18473333333333333,0.2607020616319444,0.25340521842960334,0.1928,0.18473333333333333,nan,nan,0.0,0.0,0.6666666666666666,0.6666666666666666
and,3,2,375,0.0,0.0,0.0,0.0,0.0,0.0,0.0,0.0,0.0,0.0,0.0,0.0,0.0,0.0,0.0,0.0,0.0,0.0,0.5695783802515682,0.2847891901257841,0.366875,0.17257408854166667,0.17257408854166667,0.17602957356770832,0.15333315524459754,0.173675,0.173675,nan,nan,0.3333333333333333,0.3333333333333333,0.0,0.0
and,3,2,376,0.0,0.0,0.0,0.0,0.3323401871576773,0.0,0.0,0.0,0.0,0.0,0.47,0.0,0.0,0.0,0.0,0.0,0.0,0.0,0.6050878035458986,0.37997728289717214,0.0,0.13015,0.13015,0.14164856770833334,0.11161271262754154,0.16696666666666668,0.13015,nan,nan,0.0,0.0,0.0,0.0
and,3,2,377,0.0,0.0,0.0,0.0,0.0636396103067893,0.0,0.0,0.0,0.0,0.0,0.09000000000000002,0.0,0.0,0.0,0.0,0.0,0.0,0.0,0.5578642307945545,0.417712121675682,0.0,0.22134999999999996,0.22134999999999996,0.18066744791666664,0.14930559790553982,0.22269999999999998,0.22134999999999996,nan,nan,0.0,0.0,0.3333333333333333,0.3333333333333333
and,3,2,378,0.0,0.0,0.0,0.0,0.0,0.0,0.0,0.0,0.0,0.0,0.0,0.0,0.0,0.0,0.0,0.0,0.0,0.0,0.4840486804031181,0.32048397483097996,0.0,0.17746666666666666,0.17746666666666666,0.20613131510416668,0.197800169189404,0.17746666666666666,0.17746666666666666,nan,nan,0.3333333333333333,0.3333333333333333,0.3333333333333333,0.3333333333333333
and,3,2,379,0.11113992681900288,0.0,0.0,0.0,0.11113992681900288,0.0,0.19249999999999998,1.5265566588595902e-16,0.0,0.0,0.19249999999999998,0.0,0.11547005383792514,0.11547005383792514,0.11113992681900288,0.19999999999999998,0.19999999999999998,0.19249999999999998,0.8488558475972231,0.5075728478876601,0.39,0.25638541666666664,0.20949027777777776,0.19392825520833332,0.14929711185782893,0.25638541666666664,0.20949027777777776,nan,nan,0.3333333333333333,0.3333333333333333,0.3333333333333333,0.3333333333333333
and,3,2,380,0.0,0.0,0.0,0.0,0.0,0.0,0.0,0.0,0.0,0.0,0.0,0.0,0.0,0.0,0.0,0.0,0.0,0.0,1.1284020227737985,0.5974595271625841,0.0,0.25,0.25,0.23230669010416663,0.11186728494867214,0.25,0.25,nan,nan,0.0,0.0,0.3333333333333333,0.3333333333333333
and,3,2,381,0.0,0.0,0.0,0.0,0.0,0.0,0.0,0.0,0.0,0.0,0.0,0.0,0.0,0.0,0.0,0.0,0.0,0.0,0.8692103546466758,0.5333117506343222,0.245,0.18834166666666666,0.18834166666666666,0.14927284667968752,0.10087472001565445,0.25,0.25,nan,nan,0.3333333333333333,0.3333333333333333,0.0,0.3333333333333333
and,3,2,382,0.05051814855409231,0.0,0.0,0.0,0.05051814855409231,0.0,0.08750000000000002,0.0,0.0,0.0,0.08750000000000002,0.0,0.06639528095680695,0.05051814855409231,0.05051814855409231,0.11499999999999988,0.08750000000000002,0.08750000000000002,0.8873027949916533,0.6145796380569369,0.3994136327167614,0.31864375,0.2983486111111111,0.15601940104166667,0.10033672687954485,0.31864375,0.2983486111111111,nan,nan,0.3333333333333333,0.3333333333333333,0.3333333333333333,0.0
and,3,2,383,0.0,0.0,0.0,0.0,0.17962924780418138,0.0,0.0,0.0,0.0,0.0,0.21999999999999997,0.0,0.0,0.0,0.0,0.0,0.0,0.0,0.42526462349929844,0.22772256160531165,0.015000000000000013,0.24507500000000002,0.24507500000000002,0.220371875,0.22630099081682253,0.33946666666666664,0.27982222222226666,nan,nan,0.3333333333333333,0.3333333333333333,0.3333333333333333,0.3333333333333333
and,3,2,384,0.11330499032846408,0.0,0.0,0.0,0.11330499032846408,0.0,0.19624999999999995,0.0,0.0,0.0,0.19624999999999995,0.0,0.10680979980008078,0.11113992681900302,0.11330499032846408,0.18499999999999997,0.19250000000000003,0.19624999999999995,0.7414403001928072,0.534710547084211,0.49340810947936387,0.26198385416666664,0.21409340277777775,0.12680921809895834,0.06392350781696644,0.26198385416666664,0.21409340277777775,nan,nan,0.3333333333333333,0.3333333333333333,0.0,0.0
and,3,2,385,0.0,0.0,0.0,0.0,0.0,0.0,0.0,0.0,0.0,0.0,0.0,0.0,0.0,0.0,0.0,0.0,0.0,0.0,0.5708573595916935,0.3770276134461877,0.0,0.04362604166666667,0.04362604166666667,0.12572662760416745,0.0995949027369798,0.04362604166666667,0.04362604166666667,nan,nan,0.0,0.0,0.0,0.0
and,3,2,386,0.0,0.0,0.0,0.0,0.0,0.0,0.0,0.0,0.0,0.0,0.0,0.0,0.0,0.0,0.0,0.0,0.0,0.0,0.5810671755485763,0.39232410716230043,0.21999999999999997,0.33946666666666664,0.33946666666666664,0.23408831380208328,0.22808004661604,0.33946666666666664,0.33946666666666664,nan,nan,0.6666666666666666,0.6666666666666666,0.3333333333333333,0.3333333333333333
and,3,2,387,0.0,0.0,0.0,0.0,0.0,0.0,0.0,0.0,0.0,0.0,0.0,0.0,0.0,0.0,0.0,0.0,0.0,0.0,0.8106186295046518,0.4317064783587941,0.5173988427702559,0.03215052096666667,0.03215052096666667,0.15227981256041664,0.10343819048678919,0.03215052096666667,0.03215052096666667,nan,nan,0.0,0.0,0.3333333333333333,0.3333333333333333
and,3,2,388,0.0,0.0,0.0,0.0,0.0,0.0,0.0,0.0,0.0,0.0,0.0,0.0,0.0,0.0,0.0,0.0,0.0,0.0,0.3822616359685253,0.22418339475987134,0.21166666666666667,0.15917870370370368,0.15917870370370368,0.2501511935763889,0.24658784408517953,0.13973541666666667,0.13973541666666667,nan,nan,0.0,0.0,0.3333333333333333,0.3333333333333333
and,3,2,389,0.0,0.0,0.0,0.0,0.0,0.0,0.0,0.0,0.0,0.0,0.0,0.0,0.0,0.0,0.0,0.0,0.0,0.0,0.39,0.2751282904035129,0.19333333333333336,0.19733703703703706,0.19733703703703706,0.20923993055555554,0.19789235180828177,0.185075,0.185075,nan,nan,0.3333333333333333,0.3333333333333333,0.3333333333333333,0.3333333333333333
and,3,2,390,0.0,0.0,0.0,0.0,0.0,0.0,0.0,0.0,0.0,0.0,0.0,0.0,0.0,0.0,0.0,0.0,0.0,0.0,0.4469698325949974,0.2716085313602216,0.0,0.30750000000000005,0.30750000000000005,0.25082749023437506,0.2598009046988618,0.30750000000000005,0.30750000000000005,nan,nan,1.0,1.0,0.6666666666666666,0.6666666666666666
and,3,2,391,0.05656854249492382,0.0,0.0,0.0,0.05656854249492382,0.0,0.08000000000000002,0.0,0.0,0.0,0.08000000000000002,0.0,0.05656854249492382,0.05656854249492382,0.05656854249492382,0.08000000000000002,0.08000000000000002,0.08000000000000002,0.8947834933658534,0.5661095024390925,0.3406060774560548,0.14280833333333331,0.14174166666666663,0.17603307291666662,0.2047751200668486,0.14280833333333331,0.14174166666666663,nan,nan,0.0,0.0,0.3333333333333333,0.3333333333333333
and,3,2,392,0.2474873734152916,0.0,0.0,0.0,0.2474873734152916,0.0,0.35,5.551115123125783e-17,0.0,0.0,0.35,0.0,0.2474873734152916,0.2474873734152916,0.2474873734152916,0.35,0.35,0.35,0.5650566896338809,0.35991246211354705,0.25109759058979436,0.1496333333333333,0.12921666666666667,0.20056982421875,0.17650934643384672,0.1496333333333333,0.12921666666666667,nan,nan,0.0,0.0,0.3333333333333333,0.3333333333333333
and,3,2,393,0.29698484809834996,0.0,0.0,0.0,0.29698484809834996,0.0,0.42,0.0,0.0,0.0,0.42,0.0,0.2952170811453836,0.29698484809834996,0.29698484809834996,0.4175,0.42,0.42,0.7947905400166763,0.5713622042201895,0.42,0.16879999999999998,0.1394,0.18556266671875002,0.2250078623429824,0.16879999999999998,0.1394,nan,nan,0.3333333333333333,0.3333333333333333,0.3333333333333333,0.3333333333333333
and,3,2,394,0.0,0.0,0.0,0.0,0.0,0.0,0.0,0.0,0.0,0.0,0.0,0.0,0.0,0.0,0.0,0.0,0.0,0.0,0.8308903780358152,0.49831069933440414,0.0,0.25,0.25,0.19990830875651042,0.12033127635523459,0.25,0.25,nan,nan,0.0,0.0,0.3333333333333333,0.3333333333333333
and,3,2,395,0.0,0.0,0.0,0.0,0.0,0.0,0.0,0.0,0.0,0.0,0.0,0.0,0.0,0.0,0.0,0.0,0.0,0.0,0.80526086611731,0.5148503730204139,0.0,0.25,0.25,0.19356052213541666,0.13087910586667167,0.25,0.25,nan,nan,0.0,0.0,0.3333333333333333,0.3333333333333333
and,3,2,396,0.13521543304421033,0.0,0.0,0.0530127832910199,0.13521543304421033,0.0,0.23419999999999988,0.0,0.0,0.09182083411068494,0.23419999999999988,0.0,0.126555179006366,0.13088530602528822,0.13521543304421033,0.21919999999999998,0.22670000000000004,0.23419999999999988,0.8653748551928233,0.5161911676604228,0.235,0.26340854666666663,0.25731414222222226,0.2009662008333333,0.1447435783991479,0.26340854666666663,0.25731414222222226,nan,nan,0.6666666666666666,0.6666666666666666,0.3333333333333333,0.3333333333333333
and,3,2,397,0.0,0.0,0.0,0.0,0.0,0.0,0.0,0.0,0.0,0.0,0.0,0.0,0.0,0.0,0.0,0.0,0.0,0.0,0.4900960081679076,0.2846966696376128,0.0,0.25,0.25,0.2182239510994978,0.21707965099837803,0.25,0.25,nan,nan,0.3333333333333333,0.3333333333333333,0.0,0.3333333333333333
and,3,2,398,0.0,0.0,0.0,0.0,0.0,0.0,0.0,0.0,0.0,0.0,0.0,0.0,0.0,0.0,0.0,0.0,0.0,0.0,0.7222104090914226,0.49129476256917837,0.0,0.25,0.25,0.17340589322916666,0.12129268477730189,0.25,0.25,nan,nan,0.0,0.0,0.3333333333333333,0.3333333333333333
and,3,2,399,0.0,0.0,0.0,0.0,0.0,0.0,0.0,0.0,0.0,0.0,0.0,0.0,0.0,0.0,0.0,0.0,0.0,0.0,0.36147268223200485,0.2467267211507336,0.0,0.25,0.25,0.20478810763888888,0.197459198616435,0.25,0.25,nan,nan,0.3333333333333333,0.3333333333333333,0.0,0.0
and,3,2,400,0.30405591591021547,0.0,0.0,0.0,0.31591137997873514,0.0,0.43,0.0,0.0,0.0,0.43,0.0,0.2934493141924172,0.28284271247461906,0.30405591591021547,0.41500000000000004,0.4,0.43,0.9374466651495432,0.574887269845112,0.45880278987817846,0.1235,0.09268333333333334,0.15695846354166665,0.06819967251700575,0.09576666666666667,0.06249999999999998,nan,nan,0.0,0.0,0.0,0.0
and,3,2,401,0.1767766952966369,0.0,0.0,0.0,0.1767766952966369,0.0,0.25,0.0,0.0,0.0,0.25,0.0,0.1767766952966369,0.1767766952966369,0.1767766952966369,0.25,0.25,0.25,0.5282045058497703,0.3511422070388887,0.17804493814764855,0.1875,0.17708333333333334,0.22876874999999997,0.2057411271178042,0.1875,0.17708333333333334,nan,nan,0.0,0.0,0.3333333333333333,0.3333333333333333
and,3,2,402,0.0,0.0,0.0,0.0,0.33941125496954283,0.0,0.0,0.0,0.0,0.0,0.48,0.0,0.0,0.0,0.0,0.0,0.0,0.0,0.5416641025580335,0.4905976126077425,0.23108440016585044,0.11000000000001454,0.11000000000001454,0.1442354166666844,0.14212565616189302,0.16679999999999998,0.1284,nan,nan,0.3333333333333333,0.3333333333333333,0.3333333333333333,0.3333333333333333
and,3,2,403,0.0,0.0,0.0,0.0,0.0,0.0,0.0,0.0,0.0,0.0,0.0,0.0,0.0,0.0,0.0,0.0,0.0,0.0,0.3257235535440035,0.16286177677200175,0.0,0.25,0.25,0.24568255208333334,0.23750175857841438,0.25,0.25,nan,nan,0.0,0.0,0.6666666666666666,0.6666666666666666
and,3,2,404,0.0,0.0,0.0,0.0,0.0,0.0,0.0,0.0,0.0,0.0,0.0,0.0,0.0,0.0,0.0,0.0,0.0,0.0,0.5948017001488817,0.4068821455488956,0.3,0.38000000000000006,0.38000000000000006,0.40270914713541667,0.4640390756223873,0.36946666666666667,0.36946666666666667,nan,nan,1.0,1.0,1.0,1.0
and,3,2,405,0.11547005383792514,0.0,0.0,0.0,0.11547005383792514,0.0,0.19999999999999998,1.3877787807814457e-17,0.0,0.0,0.19999999999999998,0.0,0.11547005383792514,0.11547005383792514,0.11547005383792514,0.19999999999999998,0.19999999999999998,0.19999999999999998,0.5562682581273176,0.3848382496227978,0.21999999999999997,0.25626666666666664,0.20737777777777777,0.27442884114583327,0.23766747133718888,0.25626666666666664,0.20737777777777777,nan,nan,0.3333333333333333,0.3333333333333333,0.6666666666666666,0.6666666666666666
and,3,2,406,0.0,0.0,0.0,0.0,0.0,0.00962250448649373,0.0,0.0,0.0,0.0,0.0,0.016666666666666663,0.0,0.0,0.0,0.0,0.0,0.0,0.3032686515286405,0.15163432576432026,0.0,0.25,0.25,0.23212441406250006,0.22739987580270382,0.25,0.25,nan,nan,0.3333333333333333,0.3333333333333333,0.3333333333333333,0.3333333333333333
and,3,2,407,0.14307127205996667,0.0,0.0,0.0,0.3961237180479618,0.0,0.2023333333331757,0.0,0.0,0.0,0.499,0.0,0.14307127205996667,0.14307127205996667,0.14307127205996667,0.2023333333331757,0.2023333333331757,0.2023333333331757,0.7877194932207784,0.48236548396826356,0.20233333333364864,0.027563296296253564,0.020740166666634568,0.09859059722222126,0.033860248580101816,0.08363366666666666,0.031329,nan,nan,0.0,0.0,0.0,0.0
and,3,2,408,0.24483572298584208,0.0,0.0,0.0,0.24483572298584208,0.0,0.34625,0.0,0.0,0.0,0.34625,0.0,0.23688077169749344,0.24218407255639252,0.24483572298584208,0.335,0.3425,0.34625,0.9373162375456258,0.46918819530336187,0.34625,0.17454635416666667,0.15456484375,0.17043614713541622,0.07012216867887701,0.17454635416666667,0.15456484375,nan,nan,0.0,0.0,0.0,0.0
and,3,2,409,0.17962924780418138,0.0,0.0,0.0,0.17962924780418138,0.0,0.21999999999999997,0.0,0.0,0.0,0.21999999999999997,0.0,0.17962924780418138,0.17962924780418138,0.17962924780418138,0.21999999999999997,0.21999999999999997,0.21999999999999997,0.49876879663828205,0.24938439831914103,0.21999999999999997,0.1928,0.18204444444444445,0.18528688151041672,0.1952275780276539,0.1928,0.18204444444444445,nan,nan,0.6666666666666666,0.0,0.0,0.0
and,3,2,410,0.3446261674807936,0.0,0.0,0.0,0.3446261674807936,0.0,0.487375,0.0,0.0,0.0,0.487375,0.0,0.3464823227814083,0.3447145558284419,0.3446261674807936,0.49,0.4875,0.487375,1.0483757278126324,0.7705062345853245,0.4985,0.36551979687499997,0.3259307317708333,0.18384012098524305,0.10179361089430529,0.36551979687499997,0.3259307317708333,nan,nan,0.3333333333333333,0.3333333333333333,0.3333333333333333,0.3333333333333333
and,3,2,411,0.0,0.0,0.0,0.0,0.0,0.0,0.0,0.0,0.0,0.0,0.0,0.0,0.0,0.0,0.0,0.0,0.0,0.0,0.7693872968148097,0.5103515446365332,0.20999999999999996,0.089752,0.089752,0.15704274609375002,0.11394867171620371,0.06385199999999999,0.06385199999999999,nan,nan,0.0,0.0,0.3333333333333333,0.3333333333333333
and,3,2,412,0.0,0.0,0.0,0.0,0.29698484809834996,0.0,0.0,0.0,0.0,0.0,0.42,0.0,0.0,0.0,0.0,0.0,0.0,0.0,0.46122798050421876,0.30709180626901894,0.0,0.27940000000000004,0.27940000000000004,0.20090898437500002,0.20193417063720318,0.44880000000000003,0.27940000000000004,nan,nan,0.3333333333333333,0.3333333333333333,0.0,0.3333333333333333
and,3,2,413,0.0,0.0,0.0,0.0,0.0,0.0,0.0,0.0,0.0,0.0,0.0,0.0,0.0,0.0,0.0,0.0,0.0,0.0,0.533599217578137,0.40573371332372393,0.12625,0.1748046875,0.1748046875,0.18914069010416665,0.15799563614593656,0.17546874999999998,0.17546874999999998,nan,nan,0.0,0.0,0.3333333333333333,0.3333333333333333
and,3,2,414,0.0,0.0,0.0,0.0,0.0,0.0,0.0,0.0,0.0,0.0,0.0,0.0,0.0,0.0,0.0,0.0,0.0,0.0,0.32808154474154744,0.22968046861949165,0.16000000000000003,0.20519999999999997,0.20519999999999997,0.20357578125,0.19586297808522035,0.25,0.25,nan,nan,0.0,0.0,0.3333333333333333,0.3333333333333333
and,3,2,415,0.0,0.0,0.0,0.0,0.0,0.0,0.0,0.0,0.0,0.0,0.0,0.0,0.0,0.0,0.0,0.0,0.0,0.0,0.7715919420263537,0.491431422471732,0.0006000000000000001,0.166667,0.166667,0.11078698211249999,0.06346233349086651,0.166667,0.166667,nan,nan,0.0,0.0,0.0,0.0
and,3,2,416,0.0,0.0,0.0,0.0,0.0,0.0,0.0,0.0,0.0,0.0,0.0,0.0,0.0,0.0,0.0,0.0,0.0,0.0,0.4372141923588483,0.25660655039951524,0.0,0.25,0.25,0.250057421875,0.25062451802530045,0.25,0.25,nan,nan,0.3333333333333333,0.3333333333333333,0.3333333333333333,0.3333333333333333
and,3,2,417,0.1520279579551077,0.0,0.0,0.0,0.1520279579551077,0.0,0.21499999999999997,0.0,0.0,0.0,0.21499999999999997,0.0,0.14142135623730948,0.14849242404917495,0.1520279579551077,0.19999999999999996,0.20999999999999996,0.21499999999999997,0.5052629266035654,0.3171294499511969,0.21499999999999997,0.12654166666666666,0.11883750000000004,0.1684789713541667,0.17797463332506566,0.12654166666666666,0.11883750000000004,nan,nan,0.3333333333333333,0.0,0.0,0.0
and,3,2,418,0.0,0.0,0.0,0.0,0.0,0.022980970388562793,0.0,0.0,0.0,0.0,0.0,0.0325,0.0,0.0,0.0,0.0,0.0,0.0,0.5311735239072068,0.283182800190733,0.1625000000000001,0.19141874999999997,0.19141874999999997,0.17564469401041669,0.15718905254423543,0.19141874999999997,0.19141874999999997,nan,nan,0.0,0.0,0.0,0.0
and,3,2,419,0.0,0.0,0.0,0.0,0.0,0.0,0.0,0.0,0.0,0.0,0.0,0.0,0.0,0.0,0.0,0.0,0.0,0.0,0.9257640425616023,0.5248359709304347,0.006750000000000001,0.21217216666666663,0.21217216666666663,0.19832989583333335,0.22499664225912572,0.21226874999999998,0.21226874999999998,nan,nan,0.3333333333333333,0.3333333333333333,0.3333333333333333,0.3333333333333333
and,3,2,420,0.0,0.0,0.0,0.0,0.0,0.0,0.0,0.0,0.0,0.0,0.0,0.0,0.0,0.0,0.0,0.0,0.0,0.0,0.5419705077308175,0.27668273351511274,0.3159924099167573,0.176513671875,0.176513671875,0.178129779296875,0.1630270099107557,0.17966875000000002,0.17966875000000002,nan,nan,0.3333333333333333,0.3333333333333333,0.0,0.0
and,3,2,421,0.0,0.0,0.0,0.0,0.0,0.0,0.0,0.0,0.0,0.0,0.0,0.0,0.0,0.0,0.0,0.0,0.0,0.0,0.7747580267412529,0.45633234062271116,0.0,0.25,0.25,0.18631442057291667,0.20165448988310133,0.25,0.25,nan,nan,0.3333333333333333,0.3333333333333333,0.0,0.0
and,3,2,422,0.0,0.0,0.0,0.0,0.0,0.060621778264910726,0.0,0.0,0.0,0.0,0.0,0.10499999999999987,0.0,0.0,0.0,0.0,0.0,0.0,0.29303370113350447,0.2237319649278391,0.07250000000000001,0.26520416666666663,0.26520416666666663,0.2793396417942176,0.2717382895046029,0.26520416666666663,0.26520416666666663,nan,nan,0.3333333333333333,0.3333333333333333,0.6666666666666666,0.6666666666666666
and,3,2,423,0.0,0.0,0.0,0.0,0.3464823227814083,0.0,0.0,0.0,0.0,0.0,0.49,0.0,0.0,0.0,0.0,0.0,0.0,0.0,0.6188901356460612,0.3889814686268273,0.0,0.12668333333333334,0.12668333333333334,0.19799218750000003,0.19410174767505575,0.1667,0.12668333333333334,nan,nan,0.3333333333333333,0.3333333333333333,0.3333333333333333,0.3333333333333333
and,3,2,424,0.0,0.0,0.0,0.0,0.0,0.0,0.0,0.0,0.0,0.0,0.0,0.0,0.0,0.0,0.0,0.0,0.0,0.0,0.7360758389086005,0.36803791945430026,0.0,0.25,0.25,0.16017307584635418,0.0807505763905541,0.25,0.25,nan,nan,0.3333333333333333,0.3333333333333333,0.0,0.0
and,3,2,425,0.0,0.0,0.0,0.0,0.0,0.0,0.0,0.0,0.0,0.0,0.0,0.0,0.0,0.0,0.0,0.0,0.0,0.0,0.36355306811156657,0.23226359441004318,0.1604247833444419,0.20260092592592593,0.20260092592592593,0.21188133680555557,0.2064103291908916,0.19141875,0.19141875,nan,nan,0.3333333333333333,0.3333333333333333,0.3333333333333333,0.0
and,3,2,426,0.0,0.0,0.0,0.0,0.0,0.0,0.0,0.0,0.0,0.0,0.0,0.0,0.0,0.0,0.0,0.0,0.0,0.0,0.8539414713193537,0.5193014426804374,0.3106112271707838,0.1763037781481306,0.1763037781481306,0.08466368036157818,0.01398592414635668,0.25,0.25,nan,nan,0.0,0.0,0.0,0.0
and,3,2,427,0.34683587617200157,0.0,0.0,0.0,0.34683587617200157,0.0,0.4905,0.0,0.0,0.0,0.4905,0.0,0.33941125496954283,0.34595199269551835,0.34683587617200157,0.48,0.48925,0.4905,0.8380082506306248,0.5026524904257831,0.491875,0.0836889375,0.04359056250000001,0.12572828808593753,0.07392039561593046,0.0836889375,0.04359056250000001,nan,nan,0.0,0.0,0.0,0.0
and,3,2,428,0.3292937518387087,0.0,0.0,0.0,0.43752232085917636,0.0,0.4587500000000001,0.0,0.0,0.0,0.6187500000000001,0.0,0.14259986753928708,0.27166922289189704,0.3292937518387087,0.20166666666666666,0.38250000000000006,0.4587500000000001,0.7692549154864077,0.3988412087047844,0.33889756933327225,0.3345338541666667,0.2983890625,0.3113865234375,0.285970722237118,0.30680052083333337,0.24299192708333336,nan,nan,0.3333333333333333,1.0,1.0,1.0
and,3,2,429,0.0,0.0,0.0,0.0,0.0,0.0,0.0,0.0,0.0,0.0,0.0,0.0,0.0,0.0,0.0,0.0,0.0,0.0,0.44,0.31210289106120065,0.1283333333333333,0.21271203703703703,0.21271203703703703,0.21080703124999997,0.19268176277002932,0.20463541666666665,0.20463541666666665,nan,nan,0.3333333333333333,0.3333333333333333,0.3333333333333333,0.3333333333333333
and,3,2,430,0.17500892834367052,0.0,0.0,0.0,0.35001785668734103,0.0,0.2475,0.0,0.0,0.0,0.495,0.0,0.17500892834367052,0.17500892834367052,0.17500892834367052,0.2475,0.2475,0.2475,0.8541683455268054,0.5185018924435325,0.2475,0.18791875,0.17770937499999997,0.08729737109375,0.01594522206810729,0.166675,0.12583750000000002,nan,nan,0.0,0.0,0.0,0.0
and,3,2,431,0.23180613307963477,0.0,0.0,0.0,0.23180613307963477,0.0,0.4015000000000001,2.7755575615628914e-17,0.0,0.0,0.4015000000000001,0.0,0.22170250336881628,0.23180613307963477,0.23180613307963477,0.384,0.40149999999999986,0.4015000000000001,0.8075198139983935,0.5225721029524607,0.35833944103321924,0.35483574999999995,0.2477021666666667,0.2369351928125,0.16607980098349093,0.35483574999999995,0.2477021666666667,nan,nan,0.3333333333333333,0.3333333333333333,0.3333333333333333,0.3333333333333333
and,3,2,432,0.3464823227814083,0.0,0.0,0.0,0.3464823227814083,0.0,0.49,0.0,0.0,0.0,0.49,0.0,0.3464823227814083,0.3464823227814083,0.3464823227814083,0.49,0.49,0.49,0.9248282272941278,0.6336731961621697,0.49254441424099926,0.18420000000003336,0.1441833333333667,0.09901641541666857,0.020474644702100496,0.157,0.11698333333333333,nan,nan,0.3333333333333333,0.3333333333333333,0.0,0.0
and,3,2,433,0.0,0.0,0.0,0.0,0.0,0.0,0.0,0.0,0.0,0.0,0.0,0.0,0.0,0.0,0.0,0.0,0.0,0.0,0.8595374664608868,0.569789208670206,0.0,0.16666667000000002,0.16666667000000002,0.11527093471354168,0.016880942262064682,0.16666667000000002,0.16666667000000002,nan,nan,0.0,0.0,0.0,0.0
and,3,2,434,0.0,0.0,0.0,0.0,0.0,0.0001767766952966369,0.0,0.0,0.0,0.0,0.0,0.00025,0.0,0.0,0.0,0.0,0.0,0.0,0.8097893437493482,0.515028385405821,0.12283966514661838,0.43516875000000005,0.43516875000000005,0.24980565169270832,0.15845202435089165,0.43516875000000005,0.43516875000000005,nan,nan,0.3333333333333333,0.3333333333333333,0.3333333333333333,0.3333333333333333
and,3,2,435,0.0,0.0,0.0,0.0,0.0,0.0,0.0,0.0,0.0,0.0,0.0,0.0,0.0,0.0,0.0,0.0,0.0,0.0,0.47,0.3064419111590718,0.0,0.25,0.25,0.20396373697916667,0.18367545932338766,0.25,0.25,nan,nan,0.3333333333333333,0.3333333333333333,0.3333333333333333,0.3333333333333333
and,3,2,436,0.3403308915464852,0.0,0.0,0.0,0.35397887178015847,0.0,0.48125,0.0,0.0,0.0,0.48125,0.0,0.3394549007301601,0.3394549007301601,0.3403308915464852,0.48,0.48,0.48125,0.7765164699637735,0.5149102964863315,0.3404023864816018,0.10484311342590852,0.06623474151232799,0.08660064211597389,0.04400553166145251,0.08998385416666667,0.048216840277777784,nan,nan,0.0,0.0,0.0,0.0
and,3,2,437,0.04596194077712555,0.0,0.0,0.0,0.04596194077712555,0.0,0.06499999999999995,0.0,0.0,0.0,0.06499999999999995,0.0,0.04596194077712555,0.04596194077712555,0.04596194077712555,0.06499999999999995,0.06499999999999995,0.06499999999999995,0.36585516259853434,0.265712066811611,0.07999999999999996,0.17070833333333335,0.1700041666666667,0.18669403211805558,0.19300476534709884,0.17070833333333335,0.1700041666666667,nan,nan,0.3333333333333333,0.0,0.3333333333333333,0.3333333333333333
and,3,2,438,0.0,0.0,0.0,0.0,0.0,0.0,0.0,0.0,0.0,0.0,0.0,0.0,0.0,0.0,0.0,0.0,0.0,0.0,0.6962719027075557,0.4457331332828103,0.235,0.11709635416666665,0.11709635416666665,0.19212697005208335,0.17877065845844953,0.11709635416666665,0.11709635416666665,nan,nan,0.3333333333333333,0.3333333333333333,0.0,0.3333333333333333
and,3,2,439,0.3471010412149465,0.0,0.0,0.0,0.352399645880535,0.0,0.490875,0.0,0.0,0.0,0.490875,0.0,0.34294678887547553,0.34789653634378137,0.3471010412149465,0.485,0.492,0.490875,0.8530038192323643,0.5429415964504295,0.5162928099683357,0.12189442187499999,0.08173471093750001,0.055108666992187506,0.007133359769417611,0.09416108854166666,0.05276591840277776,nan,nan,0.0,0.0,0.0,0.0
and,3,2,440,0.12993087104302808,0.0,0.0,0.0,0.12993087104302808,0.0,0.18374999999999997,0.0,0.0,0.0,0.18374999999999997,0.0,0.08131727983645295,0.12904698756654492,0.12993087104302808,0.11499999999999999,0.1825,0.18374999999999997,0.4466209942445608,0.22331049712228043,0.28664274367232806,0.1428046875,0.13717734375,0.1919681315104167,0.18123056950034214,0.1428046875,0.13717734375,nan,nan,0.0,0.0,0.0,0.0
and,3,2,441,0.0,0.0,0.0,0.0,0.0,0.0,0.0,0.0,0.0,0.0,0.0,0.0,0.0,0.0,0.0,0.0,0.0,0.0,0.6894200461257273,0.5003104023748525,0.24545875417267157,0.09296666666666668,0.09296666666666668,0.10879270833333334,0.09335769359137054,0.09296666666666668,0.09296666666666668,nan,nan,0.3333333333333333,0.3333333333333333,0.0,0.0
and,3,2,442,0.0,0.0,0.0,0.0,0.0,0.0,0.0,0.0,0.0,0.0,0.0,0.0,0.0,0.0,0.0,0.0,0.0,0.0,0.8193240449449778,0.4096620224724889,0.0,0.25,0.25,0.21782899772135414,0.13149998423465944,0.25,0.25,nan,nan,0.0,0.0,0.3333333333333333,0.3333333333333333
and,3,2,443,0.0,0.0,0.0,0.0,0.0,0.0,0.0,0.0,0.0,0.0,0.0,0.0,0.0,0.0,0.0,0.0,0.0,0.0,0.28887713651308566,0.14443856825654283,0.0,0.25,0.25,0.2670163194444444,0.26193687305106156,0.25,0.25,nan,nan,0.0,0.0,0.6666666666666666,0.6666666666666666
and,3,2,444,0.0,0.0,0.0,0.0,0.0,0.0,0.0,0.0,0.0,0.0,0.0,1.1102230246251565e-16,0.0,0.0,0.0,0.0,0.0,0.0,0.7020973045098521,0.4398430887593932,0.37559838591239975,0.1668171875,0.1668171875,0.2232539757291667,0.18472525761036154,0.1668171875,0.1668171875,nan,nan,0.0,0.0,0.3333333333333333,0.3333333333333333
and,3,2,445,0.0,0.0,0.0,0.0,0.0,0.0,0.0,0.0,0.0,0.0,0.0,0.0,0.0,0.0,0.0,0.0,0.0,0.0,0.56283045848639,0.3566643658477912,0.0,0.36946666666666667,0.36946666666666667,0.3000127387152778,0.29464735948271475,0.36946666666666667,0.36946666666666667,nan,nan,0.6666666666666666,0.6666666666666666,0.6666666666666666,0.6666666666666666
and,3,2,446,0.13788582233137672,0.0,0.0,0.0,0.13788582233137672,0.0,0.19499999999999995,0.0,0.0,0.0,0.19499999999999995,0.0,0.14142135623730948,0.14142135623730953,0.13788582233137672,0.19999999999999996,0.20000000000000007,0.19499999999999995,0.47,0.34227010321768686,0.22375,0.14141666666666666,0.13507916666666672,0.16980289713541666,0.17959452423424963,0.14141666666666666,0.13507916666666672,nan,nan,0.3333333333333333,0.0,0.0,0.0
and,3,2,447,0.010103629710818492,0.0,0.0,0.0,0.010103629710818492,0.0,0.017500000000000127,5.551115123125783e-17,0.0,0.0,0.017500000000000127,0.0,0.07778174593052022,0.020207259421636727,0.010103629710818492,0.10999999999999999,0.034999999999999754,0.017500000000000127,0.8833631759575193,0.5584619886797235,0.2325,0.2916020833333333,0.29156805555555554,0.22908117858471513,0.27077447684856837,0.2916020833333333,0.29156805555555554,nan,nan,0.6666666666666666,0.6666666666666666,0.3333333333333333,0.3333333333333333
and,3,2,448,0.0,0.0,0.0,0.0,0.0,0.0,0.0,0.0,0.0,0.0,0.0,0.0,0.0,0.0,0.0,0.0,0.0,0.0,0.7548157887855818,0.4812177202408774,0.05750000000000002,0.16893541666666667,0.16893541666666667,0.16840722656250004,0.1506515446249855,0.16893541666666667,0.16893541666666667,nan,nan,0.3333333333333333,0.3333333333333333,0.3333333333333333,0.3333333333333333
and,3,2,449,0.0,0.0,0.0,0.0,0.0,0.0,0.0,0.0,0.0,0.0,0.0,0.0,0.0,0.0,0.0,0.0,0.0,0.0,0.5937868409623103,0.3320372880468718,0.0,0.25,0.25,0.19342281901041666,0.1666495657106759,0.25,0.25,nan,nan,0.0,0.0,0.3333333333333333,0.3333333333333333
and,3,2,450,0.33941125496954283,0.0,0.0,0.0,0.33941125496954283,0.0,0.48,0.0,0.0,0.0,0.48,0.0,0.33941125496954283,0.33941125496954283,0.33941125496954283,0.48,0.48,0.48,0.8520782772873629,0.4260391386436814,0.48,0.16679999999999998,0.1284,0.14215702897135418,0.027239978597980895,0.16679999999999998,0.1284,nan,nan,0.0,0.0,0.0,0.0
and,3,2,451,0.0,0.0,0.0,0.0,0.0,0.0,0.0,0.0,0.0,0.0,0.0,0.0,0.0,0.0,0.0,0.0,0.0,0.0,0.5396946474628037,0.4170831151248499,0.21749999999999997,0.5750687499999999,0.5750687499999999,0.3207056315104167,0.3949670587749851,0.5750687499999999,0.5750687499999999,nan,nan,1.0,1.0,0.6666666666666666,0.6666666666666666
and,3,2,452,0.0,0.0,0.0,0.0,0.0,0.0,0.0,0.0,0.0,0.0,0.0,0.0,0.0,0.0,0.0,0.0,0.0,0.0,0.6694027188471825,0.40660293029066635,0.1183274646432048,0.1759259259259259,0.1759259259259259,0.19073637152777775,0.2017843921847282,0.17546874999999998,0.17546874999999998,nan,nan,0.0,0.0,0.3333333333333333,0.3333333333333333
and,3,2,453,0.0,0.0,0.0,0.0,0.0,0.0,0.0,0.0,0.0,0.0,0.0,0.0,0.0,0.0,0.0,0.0,0.0,0.0,0.7593272207191047,0.45860349826835195,0.0,0.17746666666666666,0.17746666666666666,0.16281293131510416,0.13609186152763494,0.17746666666666666,0.17746666666666666,nan,nan,0.3333333333333333,0.3333333333333333,0.3333333333333333,0.3333333333333333
and,3,2,454,0.0,0.0,0.0,0.0,0.0,0.0,0.0,0.0,0.0,0.0,0.0,0.0,0.0,0.0,0.0,0.0,0.0,0.0,0.45225995013929765,0.2695723584787437,0.19999999999999996,0.12109635416666668,0.12109635416666668,0.16773076171875,0.15539386583093998,0.12109635416666668,0.12109635416666668,nan,nan,0.0,0.0,0.0,0.0
and,3,2,455,0.0,0.0,0.0,0.0,0.06783865662978102,0.0,0.0,0.0,0.0,0.0,0.1175,0.0,0.0,0.0,0.0,0.0,0.0,0.0,0.5440588203494178,0.3661147809981607,0.057499999999999996,0.14053437500000002,0.14053437500000002,0.1948981119791667,0.19736478329651805,0.11311770833333333,0.11158368055555556,nan,nan,0.0,0.0,0.3333333333333333,0.3333333333333333
and,3,2,456,0.0,0.0,0.0,0.0,0.0,0.0,0.0,0.0,0.0,0.0,0.0,0.0,0.0,0.0,0.0,0.0,0.0,0.0,0.8156985120128637,0.5528404603018934,0.46499999999999997,0.08429635416666666,0.08429635416666666,0.08258726822916665,0.024765399456576794,0.08429635416666666,0.08429635416666666,nan,nan,0.0,0.0,0.0,0.0
and,3,2,457,0.0,0.0,0.0,0.0,0.0,0.0,0.0,0.0,0.0,0.0,0.0,0.0,0.0,0.0,0.0,0.0,0.0,0.0,0.8103088627955393,0.5314609833750602,0.05433081681927852,0.16667046354166667,0.16667046354166667,0.18973899362304691,0.12814965513050927,0.16667046354166667,0.16667046354166667,nan,nan,0.0,0.0,0.3333333333333333,0.3333333333333333
and,3,2,458,0.0,0.0,0.0,0.0,0.0,0.0,0.0,0.0,0.0,0.0,0.0,0.0,0.0,0.0,0.0,0.0,0.0,0.0,0.780099152351802,0.5268226206007611,0.0,0.25,0.25,0.10905980631510415,0.07743210153064212,0.25,0.25,nan,nan,0.3333333333333333,0.3333333333333333,0.0,0.0
and,3,2,459,0.17271377758306922,0.0,0.0,0.0,0.09021798644463865,0.0,0.24425416666666672,0.0,0.0,0.0,0.12758750000000002,0.0,0.17424289599738513,0.17772539689472885,0.17271377758306922,0.2464166666666667,0.2513416666666667,0.24425416666666672,0.965023101245509,0.67282788496308,0.512850504143941,0.10534394931134261,0.09540059965567131,0.09816301047092015,0.13546768236005527,0.08991802338541667,0.08720492835937499,nan,nan,0.3333333333333333,0.3333333333333333,0.0,0.3333333333333333
and,3,2,460,0.0,0.0,0.0,0.0,0.0,0.0,0.0,0.0,0.0,0.0,0.0,0.0,0.0,0.0,0.0,0.0,0.0,0.0,1.0452452972891586,0.6675080385409431,0.0,0.25,0.25,0.14101378272480866,0.13653608737317535,0.25,0.25,nan,nan,0.3333333333333333,0.3333333333333333,0.0,0.3333333333333333
and,3,2,461,0.0,0.0,0.0,0.0,0.0,0.0,0.0,0.0,0.0,0.0,0.0,0.0,0.0,0.0,0.0,0.0,0.0,0.0,0.8248604011020593,0.4875925081568883,0.1925,0.22448333333333334,0.22448333333333334,0.12310006263138018,0.045809148985442284,0.22448333333333334,0.22448333333333334,nan,nan,0.3333333333333333,0.3333333333333333,0.0,0.0
and,3,2,462,0.0,0.0,0.0,0.0,0.10606601717798216,0.0,0.0,0.0,0.0,0.0,0.15000000000000002,0.0,0.0,0.0,0.0,0.0,0.0,0.0,0.7123156614609143,0.46209620791192935,0.060000000000000026,0.26899999999999996,0.26899999999999996,0.1872327768554687,0.23049860144165488,0.3831,0.32935,nan,nan,0.3333333333333333,0.3333333333333333,0.3333333333333333,0.3333333333333333
and,3,2,463,0.0916292537287569,0.0,0.0,0.0,0.09899494936611673,0.0,0.1295833333333335,0.0,0.0,0.0,0.14000000000000012,0.0,0.058925565098879064,0.058925565098879064,0.09162925372875681,0.08333333333333348,0.08333333333333348,0.12958333333333338,0.3735959827585589,0.28272446628091924,0.13611741765435068,0.42704265046296297,0.4242440104166667,0.3065841796875,0.29407558851936016,0.6161255208333334,0.6128588541666667,nan,nan,1.0,1.0,0.6666666666666666,0.6666666666666666
and,3,2,464,0.0,0.0,0.0,0.0,0.0,0.0,0.0,0.0,0.0,0.0,0.0,0.0,0.0,0.0,0.0,0.0,0.0,0.0,0.5161788691916785,0.29614434165236575,0.16000000000000003,0.20519999999999997,0.20519999999999997,0.1783341796875,0.15912698029571806,0.25,0.25,nan,nan,0.0,0.0,0.3333333333333333,0.3333333333333333
and,3,2,465,0.0,0.0,0.0,0.0,0.0,0.0,0.0,0.0,0.0,0.0,0.0,0.0,0.0,0.0,0.0,0.0,0.0,0.0,0.7811702759322068,0.5347489957870138,0.0,0.09413333336666667,0.09413333336666667,0.10165762958541665,0.03129272069548918,0.09413333336666667,0.09413333336666667,nan,nan,0.0,0.0,0.0,0.0
and,3,2,466,0.20459987628757167,0.0,0.0,0.0,0.22908433895345495,0.010606601717798213,0.35437738095238097,0.0,0.0,0.0,0.3967857142857142,0.015,0.27135462651912423,0.2699353071073663,0.20459987628757167,0.4700000000000002,0.46754166666666686,0.35437738095238097,0.5020604207293433,0.3366471611797104,0.2776763786597442,0.07362951116260393,0.05967580803697405,0.02672374467988237,0.017002550306240052,0.09436058673469387,0.0768673752834467,nan,nan,0.0,0.0,0.0,0.0
and,3,2,467,0.0,0.0,0.0,0.0,0.0,0.0,0.0,0.0,0.0,0.0,0.0,0.0,0.0,0.0,0.0,0.0,0.0,0.0,0.6276051953656853,0.45038944856779284,0.0,0.25,0.25,0.17881095377604164,0.1386811766574851,0.25,0.25,nan,nan,0.0,0.0,0.3333333333333333,0.3333333333333333
and,3,2,468,0.0,0.0,0.0,0.0,0.1131370849898476,0.07896025723239385,0.0,0.0,0.0,0.0,0.16,0.11166666666651964,0.0,0.0,0.0,0.0,0.0,0.0,0.8444935797565307,0.5258641002164824,0.3587500000001137,0.09663437500001071,0.09663437500001071,0.08320037174479171,0.018974977506133996,0.11527604166666666,0.11100937500000001,nan,nan,0.0,0.0,0.0,0.0
or,3,2,469,0.4193585154174469,0.0,0.0,0.0,0.6726353256037033,0.0,0.5930625,0.0,0.0,0.0,0.95125,0.0,0.49656573708825297,0.4179884960288978,0.4193585154174469,0.7022499999999999,0.591125,0.5930625,0.8442656974036669,0.5923832952092377,0.5930625,0.12861806296875,0.06999754148437501,0.13434728005859375,0.040781068192510074,0.3195693116666667,0.16875655125,nan,nan,0.3333333333333333,0.0,0.0,0.0
or,3,2,470,0.3082690938147853,0.0,0.0,0.0,0.30228814895724904,0.0,0.43595833333333334,0.0,0.0,0.0,0.4275,0.0,0.30617723625377513,0.3091824400738179,0.3082690938147853,0.43300000000000005,0.43725,0.43595833333333334,0.9087283678459909,0.5062687742299583,0.4465416666666666,0.3753766695601852,0.3437000581597222,0.25566225745080473,0.19953710301089958,0.37008692187500003,0.3396275468750001,nan,nan,0.3333333333333333,0.6666666666666666,0.6666666666666666,0.6666666666666666
or,3,2,471,0.04772970773009196,0.0,0.0,0.0,0.29291814840795494,0.0,0.0675,0.0,0.0,0.0,0.35875,0.0,0.045961940777125586,0.0521491251125079,0.04772970773009196,0.065,0.07375000000000004,0.0675,0.6592668276198947,0.4563778039529934,0.17673151325633701,0.18346689814808148,0.18270752314808147,0.20567144618055141,0.16122721167286588,0.1733171875,0.1447168402777778,nan,nan,0.0,0.0,0.6666666666666666,0.0
or,3,2,472,0.33941125496954283,0.0,0.0,0.0,0.33941125496954283,0.0,0.48,0.0,0.0,0.0,0.48,0.0,0.33941125496954283,0.33941125496954283,0.33941125496954283,0.48,0.48,0.48,0.8355911455370981,0.4177955727685491,0.48725,0.08360000000000001,0.0452,0.14394192838541667,0.04664059951889277,0.08360000000000001,0.0452,nan,nan,0.0,0.0,0.0,0.0
or,3,2,473,0.0,0.0,0.0,0.0,0.0,0.0,0.0,0.0,0.0,0.0,0.0,0.0,0.0,0.0,0.0,0.0,0.0,0.0,0.3959784821594898,0.2684204766956138,0.0,0.25,0.25,0.18469025607638886,0.17216167281709363,0.25,0.25,nan,nan,0.0,0.0,0.0,0.0
or,3,2,474,0.18620478571225596,0.0,0.0,0.0,0.2616295090390226,0.0,0.2633333333330483,0.0,0.0,0.0,0.37,0.0,0.18620478571225596,0.18620478571225596,0.18620478571225596,0.2633333333330483,0.2633333333330483,0.2633333333330483,1.2992204019248552,0.6496257214353766,0.5641473962734137,0.2775596504628179,0.26600224305543557,0.19727634924768508,0.04532628912376808,0.33563366666666666,0.31281700000000007,nan,nan,0.3333333333333333,0.6666666666666666,0.0,0.0
or,3,2,475,0.15556349186104043,0.0,0.0,0.0,0.15556349186104043,0.0,0.21999999999999997,0.0,0.0,0.0,0.21999999999999997,0.0,0.15556349186104043,0.15556349186104043,0.15556349186104043,0.21999999999999997,0.21999999999999997,0.21999999999999997,0.5078524022784572,0.36079900130914505,0.21999999999999997,0.2669333333333333,0.25886666666666663,0.23826070963541665,0.21910541126073194,0.2669333333333333,0.25886666666666663,nan,nan,0.3333333333333333,0.6666666666666666,0.3333333333333333,0.3333333333333333
or,3,2,476,0.0,0.0,0.0,0.0,0.0,0.0,0.0,0.0,0.0,0.0,0.0,0.0,0.0,0.0,0.0,0.0,0.0,0.0,0.24758047933954724,0.12379023966977361,0.0,0.25,0.25,0.233777001953125,0.22902647079908198,0.25,0.25,nan,nan,0.0,0.0,0.6666666666666666,0.6666666666666666
or,3,2,477,0.031032576968942426,0.0,0.0,0.0,0.12639533713709536,0.0,0.053750000000000075,0.0,0.0,0.0,0.17874999999999996,0.0,0.025980762113533205,0.04257958235273499,0.031032576968942426,0.04500000000000015,0.0737500000000001,0.053750000000000075,0.5796887634757121,0.41486353875243265,0.12250000000000005,0.21407760416666669,0.21375659722222226,0.28731539713541665,0.25472244146261636,0.119309375,0.11398411458333335,nan,nan,0.3333333333333333,0.6666666666666666,0.6666666666666666,0.6666666666666666
or,3,2,478,0.45740969908004797,0.0,0.0,0.0,0.6169506665852628,0.003535533905932662,0.6468750000000001,0.0,0.0,0.0,0.8725,0.004999999999999893,0.45431610691235685,0.4578516408182895,0.45740969908004797,0.6425000000000001,0.6475,0.6468750000000001,0.9990857507603886,0.5399497009655368,0.4847264853760315,0.112694921875,0.2585787109375,0.22388684929049743,0.22741152986036073,0.08621875000000001,0.2501760416666667,nan,nan,0.0,0.3333333333333333,0.3333333333333333,0.6666666666666666
or,3,2,479,0.0,0.0,0.0,0.0,0.0,0.0,0.0,0.0,0.0,0.0,0.0,0.0,0.0,0.0,0.0,0.0,0.0,0.0,1.1236529945153588,0.5995826497780105,0.49241666666666667,0.16668583564814812,0.16668583564814812,0.1949485028211805,0.06114892035455204,0.166667296875,0.166667296875,nan,nan,0.0,0.0,0.0,0.0
or,3,2,480,0.0,0.0,0.0,0.0,0.0,0.0,0.0,0.0,0.0,0.0,0.0,0.0,0.0,0.0,0.0,0.0,0.0,0.0,0.8149893500071029,0.40749467500355147,0.45625000000000004,0.4714713541666667,0.4714713541666667,0.22234807584635416,0.17726089628265182,0.46749999999999997,0.46749999999999997,nan,nan,0.6666666666666666,0.6666666666666666,0.3333333333333333,0.3333333333333333
or,3,2,481,0.15821514229049002,0.0,0.0,0.0,0.15821514229049002,0.0,0.22375,0.0,0.0,0.0,0.22375,0.0,0.3199658184869128,0.19268659787333417,0.15821514229049002,0.4525,0.27249999999999996,0.22375,0.5458107501689574,0.3836044929336588,0.22375,0.1921046875,0.25834401041666666,0.2436668131510417,0.24008663964920707,0.1921046875,0.25834401041666666,nan,nan,0.3333333333333333,0.6666666666666666,0.3333333333333333,0.3333333333333333
or,3,2,482,0.0,0.0,0.0,0.015340643062867258,0.0,0.0,0.0,0.0,0.0,0.026570773205665144,0.0,0.0,0.0,0.0,0.0,0.0,0.0,0.0,0.6650741969885766,0.41845432362200413,0.0,0.49866800000000006,0.49866800000000006,0.30562528515625004,0.40451356407464106,0.49866800000000006,0.49866800000000006,nan,nan,0.3333333333333333,0.3333333333333333,0.6666666666666666,0.6666666666666666
or,3,2,483,0.0,0.0,0.0,0.0,0.2368807716974934,0.0,0.0,0.0,0.0,0.0,0.33499999999999996,0.0,0.0,0.0,0.0,0.0,0.0,0.0,0.6609644153306086,0.46034884417868954,0.2368807716974934,0.2970378333333333,0.2970378333333333,0.18619388802083336,0.14885708029122235,0.315742,0.2970378333333333,nan,nan,0.6666666666666666,0.6666666666666666,0.3333333333333333,0.0
or,3,2,484,0.0,0.0,0.0,0.0,0.0,0.0,0.0,0.0,0.0,0.0,0.0,0.0,0.0,0.0,0.0,0.0,0.0,0.0,0.4590351634134361,0.30406772574233115,0.04434711565194819,0.23416666666666666,0.23416666666666666,0.1601647732204848,0.14540974981516014,0.23416666666666666,0.23416666666666666,nan,nan,0.0,0.0,0.0,0.0
or,3,2,485,0.02564397445642361,0.0,0.0,0.0,0.0,0.0,0.04441666666652416,0.0,0.0,0.0,0.0,0.0,0.010007404665871278,0.01818653347939094,0.02564397445642361,0.01733333333319087,0.03149999999985753,0.04441666666652416,0.5901133718757785,0.3464519903691923,0.20017452454748405,0.23127039120364135,0.22118081635799539,0.22789167621524128,0.22117902994417682,0.16666741666666665,0.16666741666666665,nan,nan,0.3333333333333333,0.3333333333333333,0.3333333333333333,0.3333333333333333
or,3,2,486,0.0,0.0,0.0,0.024256114993779332,0.19091883092036782,0.007071067811865481,0.0,0.0,0.0,0.042012823563459034,0.27,0.010000000000000009,0.0,0.0,0.0,0.0,0.0,0.0,0.6992632730238304,0.41201103162836245,0.18224725649512527,0.20491302083333332,0.20491302083333332,0.2276539401041667,0.1684460204261036,0.11566666666666665,0.10351666666666666,nan,nan,0.3333333333333333,0.3333333333333333,0.3333333333333333,0.3333333333333333
or,3,2,487,0.15556349186104043,0.0,0.0,0.0,0.15556349186104043,0.0,0.21999999999999997,0.0,0.0,0.0,0.21999999999999997,0.0,0.15556349186104043,0.15556349186104043,0.15556349186104043,0.21999999999999997,0.21999999999999997,0.21999999999999997,0.38105117766515295,0.241741202956788,0.17088007490635057,0.1928,0.25806666666666667,0.2753583333333333,0.2717230221414317,0.1928,0.25806666666666667,nan,nan,0.0,0.3333333333333333,0.6666666666666666,0.6666666666666666
or,3,2,488,0.0,0.0,0.0,0.0,0.0,0.0,0.0,0.0,0.0,0.0,0.0,0.0,0.0,0.0,0.0,0.0,0.0,0.0,0.3555321715400731,0.20301796504099812,0.0,0.2788,0.2788,0.23027506510416665,0.21958583389022,0.2788,0.2788,nan,nan,0.3333333333333333,0.3333333333333333,0.3333333333333333,0.3333333333333333
or,3,2,489,0.06363961030678934,0.0,0.0,0.0,0.1272792206135786,0.0,0.09000000000000008,0.0,0.0,0.0,0.18000000000000005,0.0,0.06363961030678934,0.06363961030678934,0.06363961030678934,0.09000000000000008,0.09000000000000008,0.09000000000000008,0.38778618464303244,0.22122258362030534,0.09000000000000008,0.22269999999999998,0.25135,0.24291586371527776,0.23717630469537218,0.20079999999999998,0.2554,nan,nan,0.0,0.3333333333333333,0.6666666666666666,0.6666666666666666
or,3,2,490,0.0,0.0,0.0,0.0,0.0,0.0,0.0,0.0,0.0,0.0,0.0,0.0,0.0,0.0,0.0,0.0,0.0,0.0,0.6788501307357906,0.33942506536789524,0.0,0.25,0.25,0.16210078125000002,0.11557167542644986,0.25,0.25,nan,nan,0.0,0.0,0.0,0.0
or,3,2,491,0.0,0.0,0.0,0.0,0.0,0.0,0.0,0.0,0.0,0.0,0.0,0.0,0.0,0.0,0.0,0.0,0.0,0.0,0.485,0.3622381793020368,0.0,0.49007500000000004,0.49007500000000004,0.28307138671875004,0.26877845136774187,0.49007500000000004,0.49007500000000004,nan,nan,0.6666666666666666,0.6666666666666666,0.3333333333333333,0.3333333333333333
or,3,2,492,0.0,0.0,0.0,0.0,0.0,0.0,0.0,0.0,0.0,0.0,0.0,0.0,0.0,0.0,0.0,0.0,0.0,0.0,0.8020837121211226,0.4647750043607349,0.0,0.17746666666666666,0.17746666666666666,0.3305664225260417,0.2984087083679781,0.17746666666666666,0.17746666666666666,nan,nan,0.0,0.0,1.0,0.6666666666666666
or,3,2,493,0.12866625287791936,0.0,0.0,0.0,0.046948553403429634,0.0,0.15758333333333335,0.0,0.0,0.0,0.057499999999999996,0.0,0.0759341820264166,0.18071790991208558,0.12866625287791936,0.09299999999999997,0.22133333333333338,0.15758333333333335,0.5008746932450604,0.2504373466225302,0.15758333333333335,0.20574972453703702,0.20023138966049384,0.18729601649305558,0.16432651751798505,0.23193541666666664,0.23120069444444447,nan,nan,0.0,0.0,0.0,0.0
or,3,2,494,0.19341234017852468,0.0,0.0,0.0,0.15371950917173788,0.012374368670764632,0.3350000000000001,0.0,0.0,0.0,0.2662500000000001,0.01750000000000007,0.1876388374866283,0.18980390099608951,0.19341234017852468,0.32499999999999996,0.3287500000000001,0.3350000000000001,0.8707764136102907,0.49587525247481823,0.3450000000000001,0.321375,0.23446111111111115,0.23845836588541666,0.18747195856235307,0.2842213541666667,0.21717812500000008,nan,nan,0.6666666666666666,0.3333333333333333,0.3333333333333333,0.3333333333333333
or,3,2,495,0.1741250448671873,0.0,0.0,0.0,0.1741250448671873,0.0,0.24624999999999997,0.0,0.0,0.0,0.24624999999999997,0.0,0.1873832970144351,0.17147339443773774,0.1741250448671873,0.265,0.24249999999999994,0.24624999999999997,0.48216552526077605,0.24108276263038805,0.24624999999999997,0.1881296875,0.26010651041666666,0.2343225748697917,0.2358657997485246,0.1881296875,0.26010651041666666,nan,nan,0.3333333333333333,0.6666666666666666,0.3333333333333333,0.3333333333333333
or,3,2,496,0.3259304700336586,0.0,0.0,0.0,0.36640284069148366,0.0,0.45375,0.0,0.0,0.0,0.44875,0.0,0.32817113873155146,0.3185826539653571,0.3259304700336586,0.45666666666666667,0.44416666666666665,0.45375,0.8128441578802175,0.4516665279091021,0.3358615062627196,0.12333894675929187,0.08792872299385533,0.11802845052083351,0.050679082773787874,0.16754218750000002,0.12279184027777779,nan,nan,0.0,0.0,0.0,0.0
or,3,2,497,0.07756717518824527,0.0,0.0,0.0,0.3182242395964674,0.0,0.09500000000007269,0.0,0.0,0.0,0.42000000000000004,0.0,0.060138728509097385,0.06745368781628164,0.07756717518824527,0.08500000000000008,0.08500000000000008,0.09500000000007269,0.7678758580222022,0.45497981708456087,0.09500000000007269,0.41934166666657785,0.4384472222221228,0.2775336805555297,0.266018791374558,0.37296666666666667,0.40143333333327685,nan,nan,0.6666666666666666,0.6666666666666666,0.6666666666666666,0.6666666666666666
or,3,2,498,0.0,0.0,0.0,0.0,0.30052038200428266,0.0,0.0,0.0,0.0,0.0,0.425,0.0,0.0,0.0,0.0,0.0,0.0,0.0,0.3768330200499951,0.2824123746539821,0.10833333333346218,0.10643518518515442,0.10643518518515442,0.1585568359375041,0.14631419397154052,0.10604166666666666,0.07593749999999999,nan,nan,0.0,0.0,0.0,0.0
or,3,2,499,0.08164965809292112,0.0,0.0,0.0,0.34292856398980087,0.0,0.09999999999999998,0.0,0.0,0.0,0.42,0.0,0.08164965809292116,0.08164965809292116,0.08164965809292116,0.10000000000000003,0.10000000000000003,0.10000000000000003,0.5119218690386259,0.25596093451931295,0.09999999999999998,0.22,0.23999999999991914,0.2144596666666667,0.1776982543661553,0.16879999999999998,0.22293333333324847,nan,nan,0.3333333333333333,0.3333333333333333,0.3333333333333333,0.3333333333333333
or,3,2,500,0.0,0.0,0.0,0.0,0.0,0.0,0.0,0.0,0.0,0.0,0.0,0.0,0.0,0.0,0.0,0.0,0.0,0.0,0.7116178749862878,0.3975933882916341,0.10999999999999999,0.2907,0.2907,0.2387041666666667,0.2104808890050817,0.25,0.25,nan,nan,0.6666666666666666,0.6666666666666666,0.3333333333333333,0.3333333333333333
or,3,2,501,0.17320508075688765,0.0,0.0,0.04623920479501734,0.20351596988934303,0.013952631505416023,0.29999999999999993,1.1102230246251565e-16,0.0,0.08008865200655246,0.3525,0.02416666666666678,0.16839382851364082,0.1347150628109126,0.17320508075688765,0.29166666666666663,0.23333333333333328,0.29999999999999993,0.7591051475256902,0.5387055256662953,0.29999999999999993,0.30842604166666665,0.2984260416666666,0.21461087239583332,0.16377153148353618,0.2993260416666666,0.2855197916666667,nan,nan,0.3333333333333333,0.6666666666666666,0.3333333333333333,0.3333333333333333
or,3,2,502,0.0,0.0,0.0,0.0,0.0,0.0,0.0,0.0,0.0,0.0,0.0,0.0,0.0,0.0,0.0,0.0,0.0,0.0,0.7441527270997533,0.37207636354987667,0.43437499999999996,0.6564855468749999,0.6564855468749999,0.368932568359375,0.34087588496029303,0.6514463541666667,0.6514463541666667,nan,nan,0.6666666666666666,0.6666666666666666,1.0,1.0
or,3,2,503,0.3252691193458118,0.0,0.0,0.0,0.3252691193458118,0.0,0.45999999999999996,0.0,0.0,0.0,0.45999999999999996,0.0,0.31230549502405847,0.3199658184869128,0.3252691193458118,0.44166666666666665,0.4525,0.45999999999999996,0.8178181720284772,0.4089090860142386,0.45999999999999996,0.16720000000000002,0.2852666666666666,0.22507972005208332,0.18893202396083564,0.16720000000000002,0.2852666666666666,nan,nan,0.0,0.3333333333333333,0.3333333333333333,0.3333333333333333
or,3,2,504,0.0,0.0,0.0,0.0,0.0,0.0,0.0,0.0,0.0,0.0,0.0,0.0,0.0,0.0,0.0,0.0,0.0,0.0,0.5290232745352514,0.36308428033589096,0.08345095865237256,0.4632213541666667,0.4632213541666667,0.3724435546875,0.36233658828706955,0.4632213541666667,0.4632213541666667,nan,nan,1.0,1.0,0.6666666666666666,0.6666666666666666
or,3,2,505,0.23447637807463678,0.0,0.0,0.033139992983056546,0.23447637807463678,0.0,0.406125,0.0,0.0,0.057400151609130035,0.406125,0.0,0.2309401076758503,0.2309401076758503,0.23447637807463678,0.4,0.4,0.406125,0.837097113915106,0.629551716578945,0.42021932443070725,0.08553083854166667,0.06720444791666666,0.09459822902343751,0.022649869176852692,0.08553083854166667,0.06720444791666666,nan,nan,0.0,0.0,0.0,0.0
or,3,2,506,0.15556349186104043,0.0,0.0,0.0,0.15556349186104043,0.0,0.21999999999999997,0.0,0.0,0.0,0.21999999999999997,0.0,0.15556349186104043,0.15556349186104043,0.15556349186104043,0.21999999999999997,0.21999999999999997,0.21999999999999997,0.6487943546173192,0.32498341800772046,0.21999999999999997,0.1928,0.25806666666666667,0.2885385579427282,0.27679752233012217,0.1928,0.25806666666666667,nan,nan,0.0,0.3333333333333333,0.6666666666666666,0.6666666666666666
or,3,2,507,0.2907976637629677,0.0,0.0,0.0,0.29963649852779956,0.0,0.41125,0.0,0.0,0.0,0.42375000000000007,0.0,0.2722361107568208,0.28461047942758533,0.2907976637629677,0.385,0.40249999999999997,0.41125,0.6218143814676531,0.31090719073382656,0.41125,0.4434588541666667,0.41527109374999993,0.3082636067708333,0.2931849616632226,0.4511046875,0.42117734375,nan,nan,0.6666666666666666,1.0,0.6666666666666666,0.6666666666666666
or,3,2,508,0.0522405768571746,0.0,0.0,0.0,0.23057926375760684,0.0,0.0904833333333333,5.551115123125783e-17,0.0,0.0,0.399375,0.0,0.07957811210330344,0.0657698181651849,0.052240576857174675,0.13783333333333336,0.11391666666666672,0.09048333333333336,0.7605901776471566,0.5162991474949369,0.28917293028758967,0.12831333712962964,0.12740364450617284,0.12281213892361113,0.07063367587780366,0.08635221354166667,0.06862994791666666,nan,nan,0.0,0.0,0.0,0.0
or,3,2,509,0.0,0.0,0.0,0.0,0.0,0.0,0.0,0.0,0.0,0.0,0.0,0.0,0.0,0.0,0.0,0.0,0.0,0.0,0.45536348423816175,0.2974143347687291,0.0,0.25,0.25,0.290815285011627,0.2954619962579064,0.25,0.25,nan,nan,0.3333333333333333,0.3333333333333333,0.6666666666666666,0.3333333333333333
or,3,2,510,0.0,0.0,0.0,0.0,0.0,0.0,0.0,0.0,0.0,0.0,0.0,0.0,0.0,0.0,0.0,0.0,0.0,0.0,0.7204782193677567,0.36023910968387834,0.0,0.25,0.25,0.22170324023437504,0.18588807616271597,0.25,0.25,nan,nan,0.3333333333333333,0.3333333333333333,0.3333333333333333,0.3333333333333333
or,3,2,511,0.0,0.0,0.0,0.0,0.0,0.0,0.0,0.0,0.0,0.0,0.0,0.0,0.0,0.0,0.0,0.0,0.0,0.0,0.9775382745064257,0.5137711814885585,0.0,0.3347,0.3347,0.1574141891276042,0.04143072475988809,0.3347,0.3347,nan,nan,0.3333333333333333,0.3333333333333333,0.0,0.0
or,3,2,512,0.0,0.0,0.0,0.0,0.0,0.0,0.0,0.0,0.0,0.0,0.0,0.0,0.0,0.0,0.0,0.0,0.0,0.0,0.5212500000000001,0.33627831562601246,0.0,0.25,0.25,0.3661547200520833,0.36110493497026824,0.25,0.25,nan,nan,0.3333333333333333,0.3333333333333333,1.0,1.0
or,3,2,513,0.0,0.0,0.0,0.0,0.0,0.0,0.0,0.0,0.0,0.0,0.0,0.0,0.0,0.0,0.0,0.0,0.0,0.0,0.8234654288432515,0.4117327144216258,0.0,0.25,0.25,0.22423115234375,0.18886488697256162,0.25,0.25,nan,nan,0.3333333333333333,0.3333333333333333,0.3333333333333333,0.3333333333333333
or,3,2,514,0.0,0.0,0.0,0.0,0.0,0.0,0.0,0.0,0.0,0.0,0.0,0.0,0.0,0.0,0.0,0.0,0.0,0.0,0.47,0.27826937142859215,0.0,0.16696666666666668,0.16696666666666668,0.203927392578125,0.18275824657652753,0.16696666666666668,0.16696666666666668,nan,nan,0.3333333333333333,0.3333333333333333,0.3333333333333333,0.3333333333333333
or,3,2,515,0.0,0.0,0.0,0.0,0.0,0.0,0.0,0.0,0.0,0.0,0.0,0.0,0.0,0.0,0.0,0.0,0.0,0.0,1.0306546979246574,0.5376536656846888,0.0,0.25,0.25,0.23332395128977537,0.21651182210822506,0.25,0.25,nan,nan,0.3333333333333333,0.3333333333333333,0.3333333333333333,0.3333333333333333
or,3,2,516,0.07645592071579548,0.0,0.0,0.0,0.2907976637629678,0.0,0.10812500000000003,0.0,0.0,0.0,0.4112500000000001,0.0,0.09015611460128477,0.07513009550107064,0.07645592071579548,0.12749999999999995,0.10624999999999996,0.10812500000000003,0.5121118957317825,0.25605594786589125,0.10812500000000003,0.28993867187500005,0.2879901692708334,0.2327553873697917,0.19630620833427317,0.4434588541666667,0.4152710937500001,nan,nan,0.3333333333333333,0.6666666666666666,0.6666666666666666,0.6666666666666666
or,3,2,517,0.07689786245403697,0.0,0.0,0.0,0.30228814895724904,0.0,0.1087499999999999,0.0,0.0,0.0,0.4275,0.0,0.07601397897755388,0.07866562940700346,0.07689786245403706,0.10750000000000004,0.11125000000000007,0.10875000000000001,0.5165514404442213,0.34922437868932804,0.1962252284435649,0.24464033564818144,0.24266924189818148,0.16160814008245783,0.13066401480883386,0.45341875,0.422959375,nan,nan,0.3333333333333333,0.6666666666666666,0.0,0.0
or,3,2,518,0.17324116139070414,0.0,0.0,0.0,0.3464823227814083,0.0,0.245,0.0,0.0,0.0,0.49,0.0,0.17324116139070414,0.17324116139070414,0.17324116139070414,0.245,0.245,0.245,0.7185597574314889,0.5411736381748761,0.28217902119044924,0.11250833333333332,0.1841708333333333,0.2144656901041667,0.1876253771237004,0.09086666666666667,0.2141833333333333,nan,nan,0.0,0.3333333333333333,0.3333333333333333,0.3333333333333333
or,3,2,519,0.11078006238579169,0.0,0.0,0.0,0.38375339303620576,0.0,0.15666666666652418,0.0,0.0,0.0,0.47,0.0,0.11078006238579169,0.11078006238579169,0.11078006238579169,0.15666666666652418,0.15666666666652418,0.15666666666652418,0.8474053536138023,0.47256487267593633,0.15666666666652418,0.1619185185184859,0.15782777777775261,0.12995002893518484,0.07022040425139191,0.16696666666666668,0.11787777777777776,nan,nan,0.0,0.0,0.0,0.0
or,3,2,520,0.0,0.0,0.0,0.0,0.0,0.0,0.0,0.0,0.0,0.0,0.0,0.0,0.0,0.0,0.0,0.0,0.0,0.0,0.39855990766759264,0.23104198109889432,0.16710774967068404,0.34674166666666667,0.34674166666666667,0.27659270833333327,0.2725387141579856,0.33946666666666664,0.33946666666666664,nan,nan,0.6666666666666666,0.6666666666666666,0.6666666666666666,0.6666666666666666
or,3,2,521,0.0,0.0,0.0,0.0,0.09192388155425117,0.0,0.0,0.0,0.0,0.0,0.13,0.0,0.0,0.0,0.0,0.0,0.0,0.0,0.6057040067143967,0.3329514913492371,0.08999999999994995,0.2826999999999803,0.2826999999999803,0.29021202799480267,0.3018005369023753,0.21230000000000002,0.2528166666666667,nan,nan,0.6666666666666666,0.6666666666666666,0.6666666666666666,0.6666666666666666
or,3,2,522,0.1306394529484956,0.0,0.0,0.0,0.26127890589699115,0.004082482904608901,0.16000000000000003,0.0,0.0,0.0,0.32,0.0049999999999954525,0.1306394529484956,0.1306394529484956,0.1306394529484956,0.16000000000000003,0.16000000000000003,0.16000000000000003,0.6984402265046525,0.449269819142249,0.16000000000000003,0.20519999999999997,0.1995111111111111,0.1879753906250067,0.15850481929230065,0.17746666666666666,0.1547111111111111,nan,nan,0.0,0.0,0.0,0.0
or,3,2,523,0.06591415573248229,0.0,0.0,0.02663405236493006,0.12846043489469172,0.0,0.1141666666666667,0.0,0.0,0.04613153190750885,0.22250000000000003,0.0,0.06158402871356009,0.06350852961085884,0.06591415573248229,0.10666666666666669,0.10999999999999999,0.1141666666666667,0.6200806399170998,0.4091164312837388,0.2341666666666667,0.11168912037037038,0.11024089506172839,0.17157404513888885,0.1344796284687733,0.09640208333333333,0.09090138888888888,nan,nan,0.0,0.0,0.3333333333333333,0.3333333333333333
or,3,2,524,0.0,0.0,0.0,0.0,0.0,0.0,0.0,0.0,0.0,0.0,0.0,0.0,0.0,0.0,0.0,0.0,0.0,0.0,1.060052686387175,0.564857530313489,0.0,0.3908,0.3908,0.1653528825954861,0.04208420618964646,0.3908,0.3908,nan,nan,0.3333333333333333,0.3333333333333333,0.0,0.0
or,3,2,525,0.0,0.0,0.0,0.0,0.0,0.0,0.0,0.0,0.0,0.0,0.0,0.0,0.0,0.0,0.0,0.0,0.0,0.0,0.7100005501758431,0.39658204404831565,0.22999999999999998,0.19096666666666665,0.19096666666666665,0.2517041829427083,0.3091178763098714,0.19096666666666665,0.19096666666666665,nan,nan,0.3333333333333333,0.3333333333333333,0.6666666666666666,0.3333333333333333
or,3,2,526,0.0,0.0,0.0,0.0,0.0,0.0,0.0,0.0,0.0,0.0,0.0,0.0,0.0,0.0,0.0,0.0,0.0,0.0,0.6438167441127949,0.47804223171976573,0.1920937271229853,0.32068541666666667,0.32068541666666667,0.2497240885416667,0.22949735310728003,0.32068541666666667,0.32068541666666667,nan,nan,0.3333333333333333,0.3333333333333333,0.3333333333333333,0.3333333333333333
or,3,2,527,0.2085965004500315,0.0,0.0,0.0,0.1979898987322333,0.0,0.295,0.0,0.0,0.0,0.27999999999999997,0.0,0.24218407255639254,0.21566756826189698,0.2085965004500315,0.3425,0.305,0.295,0.6433627476004498,0.3216813738002249,0.32375,0.0976171875,0.08311302083333334,0.16778990885416667,0.12281842535506805,0.0995296875,0.08646302083333333,nan,nan,0.0,0.0,0.0,0.0
or,3,2,528,0.0,0.0,0.0,0.0,0.0,0.0,0.0,0.0,0.0,0.0,0.0,0.0,0.0,0.0,0.0,0.0,0.0,0.0,0.6557438524302001,0.346257184643222,0.08000000000000002,0.17746666666666666,0.17746666666666666,0.27329166666666665,0.2516515138991168,0.17746666666666666,0.17746666666666666,nan,nan,0.0,0.0,0.6666666666666666,0.6666666666666666
or,3,2,529,0.06363961030678934,0.0,0.0,0.0,0.1272792206135786,0.0,0.09000000000000008,0.0,0.0,0.0,0.18000000000000005,0.0,0.06363961030678934,0.06363961030678934,0.06363961030678934,0.09000000000000008,0.09000000000000008,0.09000000000000008,0.9384103579991006,0.4758949121584761,0.09000000000000008,0.2827,0.28135000000000004,0.15617168055555555,0.050442588339241555,0.32080000000000003,0.31540000000000007,nan,nan,0.3333333333333333,0.6666666666666666,0.0,0.0
or,3,2,530,0.15556349186104043,0.0,0.0,0.0,0.15556349186104043,0.0,0.21999999999999997,0.0,0.0,0.0,0.21999999999999997,0.0,0.15556349186104043,0.15556349186104043,0.15556349186104043,0.21999999999999997,0.21999999999999997,0.21999999999999997,0.38105117766515295,0.19052558883257645,0.21999999999999997,0.1928,0.25806666666666667,0.23469166666666666,0.2363699233264452,0.1928,0.25806666666666667,nan,nan,0.3333333333333333,0.6666666666666666,0.3333333333333333,0.3333333333333333
or,3,2,531,0.0,0.0,0.0,0.0,0.0,0.0,0.0,0.0,0.0,0.0,0.0,0.0,0.0,0.0,0.0,0.0,0.0,0.0,0.5,0.3669462347509919,0.23312500000000003,0.34582408854166663,0.34582408854166663,0.2870425944010417,0.2786166626431536,0.34308541666666664,0.34308541666666664,nan,nan,1.0,1.0,0.3333333333333333,0.3333333333333333
or,3,2,532,0.0,0.0,0.0,0.0,0.0,0.0,0.0,0.0,0.0,0.0,0.0,0.0,0.0,0.0,0.0,0.0,0.0,0.0,0.7060912432186085,0.501620413869459,0.0,0.16666667,0.16666667,0.2687507625781251,0.22608909779366745,0.16666667,0.16666667,nan,nan,0.0,0.0,0.6666666666666666,0.6666666666666666
or,3,2,533,0.2136195996001615,0.0,0.0,0.0,0.2136195996001615,0.0,0.37,0.0,0.0,0.0,0.37,0.0,0.2136195996001615,0.2136195996001615,0.2136195996001615,0.37,0.37,0.37,0.7116178749862878,0.49418807182583296,0.42,0.6663,0.48664444444444444,0.3153604166666667,0.3484186748416078,0.6663,0.48664444444444444,nan,nan,1.0,0.6666666666666666,0.6666666666666666,0.6666666666666666
or,3,2,534,0.0,0.0,0.0,0.0,0.0,0.025018511664883787,0.0,0.0,0.0,0.0,0.0,0.04333333333333332,0.0,0.0,0.0,0.0,0.0,0.0,1.0346028827526046,0.5689962903627999,0.47125,0.1669421875,0.1669421875,0.26239225260416665,0.2244684002719387,0.16679999999999998,0.16679999999999998,nan,nan,0.3333333333333333,0.3333333333333333,0.6666666666666666,0.3333333333333333
or,3,2,535,0.0,0.0,0.0,0.0,0.0,0.0,0.0,0.0,0.0,0.0,0.0,0.0,0.0,0.0,0.0,0.0,0.0,0.0,0.5119516883945203,0.25597584419726016,0.326875,0.4840407552083333,0.4840407552083333,0.32827280273437504,0.3143303524935281,0.4442588541666666,0.4442588541666666,nan,nan,0.6666666666666666,0.6666666666666666,1.0,1.0
or,3,2,536,0.2706329386826371,0.0,0.0,0.0,0.2706329386826371,0.0,0.46875,0.0,0.0,0.0,0.46875,0.0,0.268467875173176,0.27279800219209815,0.2706329386826371,0.46499999999999997,0.4725,0.46875,1.099475016769367,0.588728513912541,0.48,0.08349843750000001,0.059084375,0.17092177734375,0.05152034100707493,0.08349843750000001,0.059084375,nan,nan,0.0,0.0,0.0,0.0
or,3,2,537,0.0,0.0,0.0,0.0,0.0,0.0,0.0,0.0,0.0,0.0,0.0,0.0,0.0,0.0,0.0,0.0,0.0,0.0,0.6988092550904003,0.416912408908209,0.0,0.25,0.25,0.19946529947916666,0.14728866421781384,0.25,0.25,nan,nan,0.0,0.0,0.3333333333333333,0.3333333333333333
or,3,2,538,0.0,0.0,0.0,0.0,0.0,0.007071067811865462,0.0,0.0,0.0,0.0,0.0,0.009999999999999981,0.0,0.0,0.0,0.0,0.0,0.0,0.70572768296277,0.3928536370776143,0.13666666666691524,0.30178148148158696,0.30178148148158696,0.21694777560767972,0.19906679309105754,0.25,0.25,nan,nan,0.3333333333333333,0.3333333333333333,0.3333333333333333,0.3333333333333333
or,3,2,539,0.17324116139070414,0.0,0.0,0.0,0.3464823227814083,0.0,0.245,0.0,0.0,0.0,0.49,0.0,0.17324116139070414,0.17324116139070414,0.17324116139070414,0.245,0.245,0.245,0.7636753236814713,0.49814013673480506,0.4862355396307431,0.10714166666666668,0.09713749999999999,0.09601945833333332,0.04866361541034178,0.0855,0.04548333333333334,nan,nan,0.0,0.0,0.0,0.0
or,3,2,540,0.0,0.0,0.0,0.0,0.0,0.0,0.0,0.0,0.0,0.0,0.0,0.0,0.0,0.0,0.0,0.0,0.0,0.0,0.8398196979114029,0.4494900960316417,0.0,0.2148,0.2148,0.13619160677083333,0.04041741087896366,0.2148,0.2148,nan,nan,0.0,0.0,0.0,0.0
or,3,2,541,0.18779421361346235,0.0,0.0,0.0,0.3755884272269248,0.0,0.22999999999999998,0.0,0.0,0.0,0.46,0.0,0.18779421361346235,0.18779421361346235,0.18779421361346235,0.22999999999999998,0.22999999999999998,0.22999999999999998,0.9114047365194018,0.5926787499389409,0.22999999999999998,0.19096666666666665,0.23032222222231516,0.2751733561197917,0.23863346499969465,0.16720000000000002,0.22240000000018592,nan,nan,0.3333333333333333,0.3333333333333333,0.6666666666666666,0.3333333333333333
or,3,2,542,0.0,0.0,0.0,0.0,0.0,0.0,0.0,0.0,0.0,0.0,0.0,0.0,0.0,0.015877132402714707,0.0,0.0,0.02750000000000008,0.0,0.7731695520712129,0.4194739286738363,0.3098821600624986,0.28430065104166663,0.28430065104166663,0.21662417773437503,0.17222287857887508,0.33390677083333326,0.33390677083333326,nan,nan,0.3333333333333333,0.3333333333333333,0.6666666666666666,0.0
or,3,2,543,0.15379572490807403,0.0,0.0,0.0,0.32703688629877814,0.0,0.21749999999999992,0.0,0.0,0.0,0.4624999999999999,0.0,0.1449568901432422,0.15379572490807403,0.15379572490807403,0.20499999999999996,0.21749999999999992,0.21749999999999992,0.8806318754167373,0.5110910611801808,0.21749999999999992,0.26881041666666666,0.3334260416666666,0.2932768229166666,0.30375151052029065,0.16713541666666668,0.28565104166666666,nan,nan,0.6666666666666666,0.6666666666666666,0.6666666666666666,0.6666666666666666
or,3,2,544,0.0,0.0,0.0,0.0,0.0,0.0,0.0,0.0,0.0,0.0,0.0,0.0,0.0,0.0,0.0,0.0,0.0,0.0,0.5506147132977832,0.2927936581401484,0.0,0.25,0.25,0.27244534505208334,0.2572937260011701,0.25,0.25,nan,nan,0.0,0.0,0.6666666666666666,0.6666666666666666
or,3,2,545,0.0,0.0,0.0,0.0,0.0,0.0,0.0,0.0,0.0,0.0,0.0,0.0,0.0,0.0,0.0,0.0,0.0,0.0,0.5053124033704297,0.3530206053046306,0.08500000000000008,0.2807416666666667,0.2807416666666667,0.34038626302083336,0.3403913103775653,0.3253666666666667,0.3253666666666667,nan,nan,1.0,1.0,1.0,1.0
or,3,2,546,0.019051586888452196,0.0,0.0,0.0,0.0,0.0,0.023333333333333317,0.0,0.0,0.0,0.0,0.0,0.019051586888452196,0.019051586888452196,0.019051586888452196,0.023333333333333317,0.023333333333333317,0.023333333333333317,0.7974542829111482,0.5084491187760695,0.023333333333333317,0.2424037037037037,0.24746790123471873,0.2673380805121528,0.2820329716551566,0.25,0.25,nan,nan,0.3333333333333333,0.3333333333333333,0.3333333333333333,0.3333333333333333
or,3,2,547,0.0,0.0,0.0,0.0,0.0,0.0,0.0,0.0,0.0,0.0,0.0,0.0,0.0,0.0,0.0,0.0,0.0,0.0,0.5803729942890177,0.3671968569704205,0.30766255865802067,0.42571875,0.42571875,0.28172568359375,0.2805362481990428,0.32651875,0.32651875,nan,nan,1.0,1.0,0.6666666666666666,0.6666666666666666
or,3,2,548,0.18352240566113845,0.0,0.0,0.0,0.5210124758584567,0.0,0.255708333333182,0.0,0.0,0.0,0.719,0.0,0.19674593506085733,0.19430003764703843,0.18352240566113845,0.276333333333182,0.27258333333318197,0.255708333333182,0.6924355565682541,0.46767943062432815,0.18882443804425167,0.23623211168984845,0.22500528722998617,0.25442325021701134,0.22262449061998246,0.25613366666666665,0.16564900000000002,nan,nan,0.3333333333333333,0.0,0.6666666666666666,0.6666666666666666
or,3,2,549,0.1547941434676011,0.0,0.0,0.0,0.3222576608865731,0.0,0.18958333333337576,0.0,0.0,0.0,0.425,0.0,0.1496910398368005,0.15275290201528086,0.1547941434676011,0.18333333333337576,0.18708333333337576,0.18958333333337576,0.7166087670409844,0.4004639289974101,0.18958333333337576,0.19500098379634404,0.229143537808721,0.2166495442708992,0.2041735198642369,0.19350833333333337,0.2222250000002001,nan,nan,0.3333333333333333,0.3333333333333333,0.3333333333333333,0.3333333333333333
or,3,2,550,0.0,0.0,0.0,0.0,0.33499183758712686,0.0,0.0,0.0,0.0,0.0,0.47374999999999995,0.0,0.0,0.0,0.0,0.0,0.0,0.0,0.3536075243119128,0.1768037621559564,0.050381358159541534,0.25084609375,0.25084609375,0.2234382975260417,0.21236041496834898,0.1303359375,0.25084609375,nan,nan,0.3333333333333333,0.3333333333333333,0.3333333333333333,0.3333333333333333
or,3,2,551,0.0,0.0,0.0,0.0,0.0,0.0,0.0,0.0,0.0,0.0,0.0,0.0,0.0,0.0,0.0,0.0,0.0,0.0,0.7809902901658466,0.42572391116606106,0.12,0.2948,0.2948,0.32259331597222224,0.27631591003804856,0.25,0.25,nan,nan,0.3333333333333333,0.3333333333333333,0.6666666666666666,0.6666666666666666
or,3,2,552,0.0,0.0,0.0,0.0,0.0,0.0,0.0,0.0,0.0,0.0,0.0,0.0,0.0,0.0,0.0,0.0,0.0,0.0,0.2931030109023106,0.1465515054511553,0.20625000000000004,0.3329296875,0.3329296875,0.27074811197916665,0.26917207978712443,0.44880000000000003,0.44880000000000003,nan,nan,0.6666666666666666,0.6666666666666666,0.6666666666666666,0.6666666666666666
or,3,2,553,0.0,0.0,0.0,0.0,0.44901280605345767,0.0,0.0,0.0,0.0,0.0,0.635,0.0,0.0,0.0,0.0,0.0,0.0,0.0,0.5014105104602415,0.25070525523012077,0.14495689014324228,0.3253375,0.3253375,0.23232109374999999,0.19962082000083456,0.39254166666666673,0.3253375,nan,nan,0.6666666666666666,0.6666666666666666,0.6666666666666666,0.6666666666666666
or,3,2,554,0.0,0.0,0.0,0.0,0.0,0.0,0.0,0.0,0.0,0.0,0.0,0.0,0.0,0.0,0.0,0.0,0.0,0.0,0.5031898250163651,0.3937788026604505,0.0,0.4803,0.4803,0.32364374999999995,0.3114784174372279,0.4803,0.4803,nan,nan,0.6666666666666666,0.6666666666666666,0.6666666666666666,0.6666666666666666
or,3,2,555,0.3137786341515305,0.0,0.0,0.0,0.32261746891636234,0.0,0.4437500000000001,0.0,0.0,0.0,0.45625000000000004,0.0,0.3199658184869128,0.31819805153394637,0.3137786341515305,0.4525,0.44999999999999996,0.4437500000000001,0.9485465855718422,0.54188403000724,0.44420047557381126,0.09874010416666666,0.21383776041666666,0.2270583984375,0.23330207206460551,0.09159687500000001,0.20898619791666664,nan,nan,0.0,0.3333333333333333,0.3333333333333333,0.6666666666666666
or,3,2,556,0.13315140583194143,0.0,0.0,0.0,0.09722718241315026,0.0,0.23062500000014552,5.551115123125783e-17,0.0,0.0,0.13749999999999998,0.0,0.1313471862407239,0.13062549840423684,0.13315140583194143,0.22750000000014553,0.22625000000014553,0.23062500000014552,0.7534094379884022,0.3780868937307891,0.25062500000014554,0.041329296875032985,0.035419531250025525,0.09661946072048526,0.05895819447330384,0.008535416666666665,0.005384374999999999,nan,nan,0.0,0.0,0.0,0.0
or,3,2,557,0.19798989873223333,0.0,0.0,0.0,0.3024345659257788,0.0,0.28,0.0,0.0,0.0,0.42000000000000004,0.0,0.19798989873223333,0.19798989873223333,0.19798989873223333,0.28,0.28,0.28,0.7339708994571924,0.407773697049101,0.40393474875281526,0.5552,0.5421333333333334,0.396276318359375,0.3695972517840059,0.5682666666666667,0.5377777777777778,nan,nan,1.0,1.0,1.0,1.0
or,3,2,558,0.0,0.0,0.0,0.0,0.0,0.0,0.0,0.0,0.0,0.0,0.0,0.0,0.0,0.0,0.0,0.0,0.0,0.0,0.6276051953656855,0.31380259768284274,0.41562500000000013,0.4461230468750001,0.4461230468750001,0.3458101725260417,0.3255394767120727,0.4434588541666667,0.4434588541666667,nan,nan,0.3333333333333333,0.3333333333333333,1.0,1.0
or,3,2,559,0.09369164850721752,0.0,0.0,0.0,0.14142135623730948,0.0,0.13249999999999995,0.0,0.0,0.0,0.19999999999999996,0.0,0.0760139789775539,0.07954951288348662,0.09369164850721752,0.10750000000000004,0.11250000000000004,0.13249999999999995,0.37298625980054545,0.28614708591911964,0.13249999999999995,0.3011520833333334,0.3423927083333333,0.323609765625,0.34061250454466335,0.28613333333333335,0.34613333333333335,nan,nan,0.6666666666666666,0.6666666666666666,0.6666666666666666,0.6666666666666666
or,3,2,560,0.0,0.0,0.0,0.0,0.0,0.0,0.0,0.0,0.0,0.0,0.0,0.0,0.0,0.0,0.0,0.0,0.0,0.0,0.5138853228104496,0.2569426614052248,0.33021063353562674,0.17042968749999998,0.17042968749999998,0.2615432942708333,0.24022136626264215,0.17042968749999998,0.17042968749999998,nan,nan,0.0,0.0,0.6666666666666666,0.6666666666666666
or,3,2,561,0.0,0.0,0.0,0.0,0.0,0.0,0.0,0.0,0.0,0.0,0.0,0.0,0.0,0.0,0.0,0.0,0.0,0.0,0.7636753236814714,0.49812563449006336,0.0,0.25,0.25,0.20626022916666667,0.1807065069701653,0.25,0.25,nan,nan,0.3333333333333333,0.3333333333333333,0.3333333333333333,0.3333333333333333
or,3,2,562,0.0,0.0,0.0,0.16044275061118235,0.0,0.0038490017945975088,0.0,0.0,0.0,0.27789499576467036,0.0,0.006666666666666599,0.0,0.0,0.0,0.0,0.0,0.0,1.1582037277612258,0.7174221818877146,0.47324999999999995,0.48240518749999994,0.48240518749999994,0.23230723822916668,0.21330009336794165,0.48679999999999995,0.48679999999999995,nan,nan,0.6666666666666666,0.6666666666666666,0.6666666666666666,0.3333333333333333
or,3,2,563,0.08838834764824771,0.0,0.0,0.0,0.29698484809835,0.0,0.12499999999989997,0.0,0.0,0.0,0.42000000000000004,0.0,0.08426355809117395,0.08426355809117395,0.08838834764824771,0.11916666666635134,0.11916666666635134,0.12499999999989997,0.6239541249161944,0.4495276858758323,0.12499999999989997,0.2650875000000102,0.304149999999981,0.3421428385416842,0.33893714037892425,0.16879999999999998,0.27940000000000004,nan,nan,0.3333333333333333,0.3333333333333333,0.6666666666666666,0.6666666666666666
or,3,2,564,0.0,0.0,0.0,0.0,0.11844038584874678,0.0,0.0,0.0,0.0,0.0,0.1675000000000001,0.0,0.0,0.0,0.0,0.0,0.0,0.0,0.4450280890011326,0.304072104227363,0.0,0.21202552083333334,0.21202552083333334,0.21841722005208333,0.20381945739568844,0.16086822916666665,0.21202552083333334,nan,nan,0.3333333333333333,0.3333333333333333,0.3333333333333333,0.3333333333333333
or,3,2,565,0.0,0.0,0.0,0.0,0.0,0.0,0.0,0.0,0.0,0.0,0.0,0.0,0.0,0.0,0.0,0.0,0.0,0.0,0.6948128120220582,0.44788161611755667,0.0,0.25,0.25,0.13944431966145832,0.08574313508421605,0.25,0.25,nan,nan,0.0,0.0,0.0,0.0
or,3,2,566,0.0,0.0,0.0,0.0,0.07513009550107072,0.017677669529663684,0.0,0.0,0.0,0.0,0.10625000000000007,0.024999999999999994,0.0,0.0,0.0,0.0,0.0,0.0,0.6916200410991573,0.4257017900491296,0.0,0.22807942708333337,0.22807942708333337,0.2263612141927083,0.21337833212767235,0.19454427083333328,0.22807942708333337,nan,nan,0.3333333333333333,0.3333333333333333,0.3333333333333333,0.3333333333333333
or,3,2,567,0.15556349186104043,0.0,0.0,0.0,0.15556349186104043,0.0,0.21999999999999997,0.0,0.0,0.0,0.21999999999999997,0.0,0.15556349186104043,0.15556349186104043,0.15556349186104043,0.21999999999999997,0.21999999999999997,0.21999999999999997,0.42579337712087534,0.337612281175873,0.21999999999999997,0.11159999999999999,0.17686666666666664,0.21273857421875006,0.19905046467487064,0.11159999999999999,0.17686666666666664,nan,nan,0.0,0.3333333333333333,0.3333333333333333,0.3333333333333333
or,3,2,568,0.0,0.0,0.0,0.0,0.0,0.0,0.0,0.0,0.0,0.0,0.0,0.0,0.0,0.0,0.0,0.0,0.0,0.0,0.8002962732638457,0.5015116300033758,0.46599999999999997,0.16705199999999998,0.16705199999999998,0.08828270790225813,0.037433315698573534,0.16679999999999998,0.16679999999999998,nan,nan,0.0,0.0,0.0,0.0
or,3,2,569,0.0,0.0,0.0,0.0,0.0,0.0,0.0,0.0,0.0,0.0,0.0,0.0,0.0,0.0,0.0,0.0,0.0,0.0,0.3361570503499815,0.16807852517499075,0.0,0.25,0.25,0.24120836588541664,0.23633968543829154,0.25,0.25,nan,nan,0.3333333333333333,0.3333333333333333,0.3333333333333333,0.3333333333333333
or,3,2,570,0.0,0.0,0.0,0.0,0.0,0.0,0.0,0.0,0.0,0.0,0.0,0.0,0.0,0.0,0.0,0.0,0.0,0.0,0.8321067013911136,0.4160533506955568,0.48125,0.16678385416666666,0.16678385416666666,0.14432086588541668,0.049470763942530915,0.16678385416666666,0.16678385416666666,nan,nan,0.0,0.0,0.0,0.0
or,3,2,571,0.0,0.0,0.0,0.0,0.0,0.0,0.0,0.0,0.0,0.0,0.0,0.0,0.0,0.0,0.0,0.0,0.0,0.0,0.3120321497858834,0.1560160748929417,0.02375000000000005,0.28226666666666667,0.28226666666666667,0.25004925130208333,0.24951505039631897,0.28226666666666667,0.28226666666666667,nan,nan,0.3333333333333333,0.3333333333333333,0.3333333333333333,0.3333333333333333
or,3,2,572,0.25999754842149825,0.0,0.0,0.0,0.29291814840795494,0.0,0.36716666666666664,0.0,0.0,0.0,0.35875,0.0,0.27305834270080886,0.26024021524282875,0.25999754842149825,0.385,0.3675,0.36716666666666664,0.7192345757817821,0.42332207664892824,0.26073897760874715,0.1262741607406734,0.10374125234561395,0.09032143714120906,0.062100602521145354,0.1733171875,0.1447168402777778,nan,nan,0.0,0.0,0.0,0.0
or,3,2,573,0.0,0.0,0.0,0.0,0.0,0.0,0.0,0.0,0.0,0.0,0.0,0.0,0.0,0.0,0.0,0.0,0.0,0.0,0.4169732205629745,0.2115197750192572,0.0,0.25,0.25,0.20553333333333348,0.19424775210604342,0.25,0.25,nan,nan,0.0,0.0,0.0,0.0
or,3,2,574,0.0,0.0,0.0,0.0,0.0,0.011643230428657452,0.0,0.0,0.0,0.0,0.0,0.020166666666666666,0.0,0.0,0.0,0.0,0.0,0.0,0.775043204440888,0.387521602220444,0.46858333333333335,0.16699566898148147,0.16699566898148147,0.15075747157118055,0.0799402025487726,0.16667046354166667,0.16667046354166667,nan,nan,0.0,0.0,0.0,0.0
or,3,2,575,0.2861425441201562,0.0,0.0,0.0,0.28107494552165263,0.0,0.4046666666666666,0.0,0.0,0.0,0.39749999999999996,0.0,0.2873210554221338,0.2920351006300442,0.2861425441201562,0.4063333333333333,0.41300000000000003,0.4046666666666666,0.7590036231797579,0.5159920269787238,0.4046666666666666,0.16969614814814815,0.2772925185185185,0.195488641875,0.171577606859206,0.17016874999999998,0.27633437499999997,nan,nan,0.0,0.3333333333333333,0.3333333333333333,0.3333333333333333
or,3,2,576,0.0,0.0,0.0,0.0,0.0,0.0,0.0,0.0,0.0,0.0,0.0,0.0,0.0,0.0,0.0,0.0,0.0,0.0,0.43220365569948616,0.25307294536844754,0.21633307652783937,0.3682666666666667,0.3682666666666667,0.27934166666666665,0.2774005603269778,0.3682666666666667,0.3682666666666667,nan,nan,0.6666666666666666,0.6666666666666666,0.6666666666666666,0.6666666666666666
or,3,2,577,0.09413359024545917,0.0,0.0,0.0,0.3491339732108579,0.0,0.13312500000000005,0.0,0.0,0.0,0.49375,0.0,0.08662058069535203,0.09280776503073435,0.09413359024545917,0.12249999999999994,0.13124999999999998,0.13312500000000005,0.4824765214494899,0.31853134888778384,0.13312500000000005,0.30550742187499996,0.30255371093750005,0.292507470703125,0.2744777067156468,0.3134463541666667,0.27281484375000004,nan,nan,0.6666666666666666,0.6666666666666666,0.6666666666666666,0.6666666666666666
or,3,2,578,0.0,0.0,0.0,0.1419487205000037,0.0,0.012374368670764553,0.0,0.0,0.0,0.24586239597540027,0.0,0.01749999999999996,0.0,0.0,0.0,0.0,0.0,0.0,1.106295295682848,0.6604834472175319,0.0,0.16679999999999998,0.16679999999999998,0.28746618294270837,0.1588338924351069,0.16679999999999998,0.16679999999999998,nan,nan,0.0,0.0,0.6666666666666666,0.3333333333333333
or,3,2,579,0.11078006238579169,0.0,0.0,0.0,0.38375339303620576,0.0,0.15666666666652418,0.0,0.0,0.0,0.47,0.0,0.11078006238579169,0.11078006238579169,0.11078006238579169,0.15666666666652418,0.15666666666652418,0.15666666666652418,0.4994506982676068,0.32304339484992783,0.15666666666695167,0.16191851851858374,0.15782777777785045,0.17693411805555267,0.139109721817496,0.16696666666666668,0.11787777777777776,nan,nan,0.0,0.0,0.0,0.0
or,3,2,580,0.0,0.0,0.0,0.0,0.0,0.0,0.0,0.0,0.0,0.0,0.0,0.0,0.0,0.0,0.0,0.0,0.0,0.0,0.6885327470425789,0.34426637352128947,0.0,0.25,0.25,0.29404327799479163,0.26254850491236253,0.25,0.25,nan,nan,0.0,0.0,0.6666666666666666,0.6666666666666666
or,3,2,581,0.043546484316184964,0.0,0.0,0.0,0.13063945294849555,0.0,0.05333333333328483,0.0,0.0,0.0,0.15999999999999998,0.0,0.043546484316184964,0.043546484316184964,0.043546484316184964,0.05333333333328483,0.05333333333328483,0.05333333333328483,0.4734272207354931,0.2367136103677466,0.05333333333328483,0.23317037037038482,0.24439012345675182,0.26562499999999195,0.2618868483557339,0.20520000000000002,0.23506666666663434,nan,nan,0.3333333333333333,0.3333333333333333,0.6666666666666666,0.6666666666666666
or,3,2,582,0.20808665952042762,0.0,0.0,0.0,0.22444491714746703,0.0,0.36041666666666666,0.0,0.0,0.0,0.38875,0.0,0.2084234471774549,0.20784609690826528,0.20808665952042762,0.361,0.36,0.36041666666666666,0.8536112946750851,0.551742238261392,0.36041666666666666,0.08443709490740742,0.07000374228395062,0.04728026036677516,0.005016432949007864,0.0873671875,0.07057534722222221,nan,nan,0.0,0.0,0.0,0.0
or,3,2,583,0.0,0.0,0.0,0.0,0.0,0.0,0.0,0.0,0.0,0.0,0.0,0.0,0.0,0.0,0.0,0.0,0.0,0.0,0.30587477012659936,0.16407494608539788,0.09346809467530924,0.2916620949074755,0.2916620949074755,0.29623896846066583,0.30328980522417376,0.34674166666666667,0.34674166666666667,nan,nan,1.0,1.0,1.0,1.0
or,3,2,584,0.0,0.0,0.0,0.0,0.018763883748662807,0.0,0.0,0.0,0.0,0.0,0.03249999999999997,0.0,0.00962250448649373,0.0,0.0,0.016666666666666607,0.0,0.0,0.47847495362871395,0.37448202077514864,0.09135173172353599,0.3404224537037037,0.3404224537037037,0.2625527940538195,0.27519644156186984,0.32951875,0.3221791666666666,nan,nan,0.3333333333333333,0.3333333333333333,0.3333333333333333,0.3333333333333333
or,3,2,585,0.0,0.0,0.0,0.0,0.0,0.0,0.0,0.0,0.0,0.0,0.0,0.0,0.0,0.0,0.0,0.0,0.0,0.0,0.8440771526248849,0.5619879205080803,0.0,0.25,0.25,0.116853810546875,0.029205758201158855,0.25,0.25,nan,nan,0.0,0.0,0.0,0.0
or,3,2,586,0.29698484809835,0.0,0.0,0.0,0.29698484809835,0.0,0.42000000000000004,0.0,0.0,0.0,0.42000000000000004,0.0,0.29698484809835,0.29698484809835,0.29698484809835,0.42000000000000004,0.42000000000000004,0.42000000000000004,1.0534229919647664,0.5680576117204373,0.42000000000000004,0.44880000000000003,0.4194,0.25486875,0.20693228311237666,0.44880000000000003,0.4194,nan,nan,0.6666666666666666,1.0,0.3333333333333333,0.3333333333333333
or,3,2,587,0.10356220453588907,0.0,0.0,0.0,0.09165435523385308,0.0,0.17937499999999995,5.551115123125783e-17,0.0,0.0,0.15874999999999995,0.0,0.1212435565298214,0.12557368354874363,0.10356220453588907,0.20999999999999996,0.21749999999999997,0.17937499999999995,0.475,0.3584344143476335,0.20437499999999997,0.11267304687500002,0.10909800347222225,0.1624860760124411,0.1379071252316976,0.1168796875,0.11407951388888889,nan,nan,0.0,0.0,0.0,0.0
or,3,2,588,0.0,0.0,0.0,0.0,0.0,0.0,0.0,0.0,0.0,0.0,0.0,0.0,0.0,0.0,0.0,0.0,0.0,0.0,0.7720265539474662,0.41850602242755075,0.0,0.21230000000000002,0.21230000000000002,0.1430421875,0.07584677069878469,0.21230000000000002,0.21230000000000002,nan,nan,0.0,0.0,0.0,0.0
or,3,2,589,0.0,0.0,0.0,0.0,0.0,0.0,0.0,0.0,0.0,0.0,0.0,0.0,0.0,0.0,0.0,0.0,0.0,0.0,0.6811129449291065,0.47214044909014546,0.20666666666666667,0.19534814814814816,0.19534814814814816,0.10876419813368055,0.07257370365700573,0.1928,0.1928,nan,nan,0.0,0.0,0.0,0.0
or,3,2,590,0.04714045207910316,0.0,0.0,0.0,0.0,0.0,0.06666666666666665,0.0,0.0,0.0,0.0,0.0,0.04714045207910316,0.04714045207910316,0.04714045207910316,0.06666666666666665,0.06666666666666665,0.06666666666666665,0.55,0.4123273031658203,0.06666666666666665,0.14755925925925928,0.14681851851851854,0.11433472222222223,0.09080506529051048,0.1683,0.1683,nan,nan,0.0,0.0,0.0,0.0
or,3,2,591,0.15556349186104043,0.0,0.0,0.0,0.15556349186104043,0.0,0.21999999999999997,0.0,0.0,0.0,0.21999999999999997,0.0,0.15556349186104043,0.15556349186104043,0.15556349186104043,0.21999999999999997,0.21999999999999997,0.21999999999999997,1.453614449237228,0.731553743953258,0.5256299940309723,0.427887296875,0.4931539635416667,0.2747199941048177,0.4079332406244498,0.427887296875,0.4931539635416667,nan,nan,0.3333333333333333,0.6666666666666666,0.6666666666666666,0.6666666666666666
or,3,2,592,0.0,0.0,0.0,0.0,0.0,0.0,0.0,0.0,0.0,0.0,0.0,0.0,0.03993339361894919,0.0,0.0,0.06916666666666671,0.0,0.0,0.7206412617419293,0.3700615140349164,0.2841723178812461,0.41113463541666667,0.41113463541666667,0.25062106933593753,0.2594368135283381,0.3873854166666666,0.3873854166666666,nan,nan,1.0,1.0,0.3333333333333333,0.6666666666666666
or,3,2,593,0.253674557750674,0.0,0.0,0.0,0.2907976637629678,0.0,0.3587500000000001,0.0,0.0,0.0,0.4112500000000001,0.0,0.29698484809835,0.22273863607376243,0.253674557750674,0.42000000000000004,0.31499999999999995,0.3587500000000001,0.8456229212834763,0.5854133229464609,0.3587500000000001,0.33318385416666674,0.31173359375000004,0.18333144531250004,0.1377802991585003,0.36415885416666677,0.33597109375000006,nan,nan,0.3333333333333333,0.6666666666666666,0.3333333333333333,0.0
or,3,2,594,0.0,0.0,0.0,0.0,0.0,0.012374368670764573,0.0,0.0,0.0,0.0,0.0,0.017499999999999988,0.0,0.0,0.0,0.0,0.0,0.0,0.7788095449412948,0.4981857170680249,0.06291666666666668,0.23034728009259262,0.23034728009259262,0.13377283821903999,0.08275917496704202,0.21260885416666667,0.21260885416666667,nan,nan,0.0,0.0,0.0,0.0
or,3,2,595,0.028284271247461926,0.0,0.0,0.0,0.028284271247461926,0.0,0.040000000000000036,0.0,0.0,0.0,0.040000000000000036,0.0,0.017677669529663664,0.015909902576697336,0.028284271247461926,0.024999999999999967,0.02250000000000002,0.040000000000000036,0.41800960664798126,0.2582556130848068,0.16420499764014493,0.1909963541666667,0.19072968749999997,0.211974560546875,0.19900539576045873,0.1909963541666667,0.19072968749999997,nan,nan,0.0,0.0,0.3333333333333333,0.3333333333333333
or,3,2,596,0.10349965825672691,0.0,0.0,0.0,0.1125472181001527,0.0,0.17926666666666657,0.0,0.0,0.0,0.19493749999999999,0.0,0.09959292143521042,0.10753148763656785,0.10349965825672691,0.1725,0.18625000000000003,0.17926666666666657,0.722090884169022,0.4328303136793228,0.29780341483752143,0.2738731237037037,0.23046536024691355,0.2735036005902778,0.2430425328487994,0.27318989713541664,0.22564816059027773,nan,nan,0.6666666666666666,0.3333333333333333,0.6666666666666666,0.6666666666666666
or,3,2,597,0.0,0.0,0.0,0.0,0.0,0.0,0.0,0.0,0.0,0.0,0.0,0.0,0.0,0.0,0.0,0.0,0.0,0.0,0.5657231728799283,0.2828615864399642,0.0,0.25,0.25,0.2798620008680555,0.2588708114973541,0.25,0.25,nan,nan,0.0,0.0,0.6666666666666666,0.6666666666666666
or,3,2,598,0.15973357447579647,0.0,0.0,0.0,0.22516660498395408,4.163336342344337e-17,0.2766666666666667,0.0,0.0,0.0,0.39,1.1102230246251565e-16,0.15973357447579647,0.15973357447579647,0.15973357447579647,0.2766666666666667,0.2766666666666667,0.2766666666666667,0.6159545437773797,0.30797727188868984,0.2766666666666666,0.3342851851851852,0.2642987654320988,0.23068194444444445,0.2092604738878192,0.36576666666666674,0.26220000000000004,nan,nan,0.6666666666666666,0.3333333333333333,0.3333333333333333,0.3333333333333333
or,3,2,599,0.09236582329249277,0.0,0.0,0.0,0.10606601717798214,0.0,0.130625,0.0,0.0,0.0,0.15000000000000002,0.0,0.045961940777125586,0.08367430244037379,0.09236582329249277,0.065,0.11833333333328477,0.130625,0.32,0.2340538426029364,0.130625,0.3529459635416667,0.35010214843750004,0.26864441731770833,0.27752972134813986,0.34830000000000005,0.3445500000000001,nan,nan,0.3333333333333333,0.3333333333333333,0.3333333333333333,0.3333333333333333
or,3,2,600,0.0039774756441743235,0.0,0.0,0.0,0.18881483433962246,0.0,0.005624999999999991,0.0,0.0,0.0,0.23124999999999996,0.0,0.005303300858899111,0.007954951288348647,0.0039774756441743235,0.007500000000000007,0.011249999999999982,0.005624999999999991,0.24421916386721174,0.19482366755130678,0.09292041285397103,0.30176254687510956,0.3036322734376096,0.28505073632814887,0.29053695542454366,0.19074218750000002,0.2816362847222689,nan,nan,0.6666666666666666,0.6666666666666666,0.6666666666666666,0.6666666666666666
or,3,2,601,0.1829638796320192,0.0,0.0,0.0,0.15556349186104043,0.0,0.25875000000000004,0.0,0.0,0.0,0.21999999999999997,0.0,0.17441967269268174,0.1862047857124575,0.1829638796320192,0.2466666666666667,0.2633333333333333,0.25875000000000004,0.6975619745462763,0.4151974861520915,0.3059891179076061,0.14051533564808147,0.21560674189808146,0.20872345920136706,0.19169381810302225,0.1928,0.25806666666666667,nan,nan,0.0,0.3333333333333333,0.3333333333333333,0.3333333333333333
or,3,2,602,0.0,0.0,0.0,0.014344957312914937,0.0,0.0,0.0,0.0,0.0,0.024846194898375362,0.0,0.0,0.0,0.0,0.0,0.0,0.0,0.0,1.1138473916803528,0.6173810806436808,0.17659375,0.2015305341796875,0.2015305341796875,0.23037795142089848,0.26709416838247385,0.24467135416666666,0.24467135416666666,nan,nan,0.3333333333333333,0.3333333333333333,0.6666666666666666,0.6666666666666666
partition,7,3,134,0.1753035222433273,0.0,5.887846720064156e-17,0.09703639193944011,0.30618621784789724,6.798699777552591e-17,0.4638095238095239,0.0,0.0,0.2567341611947511,0.7500000000000002,2.220446049250313e-16,0.15910504482864604,0.17260377600754703,0.17530352224332726,0.42095238095238074,0.45666666666666655,0.4638095238095239,0.5270600173649694,0.3233809353397707,0.23854730892236933,0.12750567703271784,0.12311548775972972,0.12331064519557823,0.1162828019371961,0.1705357142857143,0.15714285714285717,0.1301212477741176,0.0,0.14285714285714285,0.14285714285714285,0.14285714285714285,0.14285714285714285
partition,7,3,135,0.09666314795378639,0.0,6.049187461416408e-17,0.19438695880817686,0.6458327956987009,0.0,0.23523809523809525,0.0,0.0,0.5142995511205923,1.52,0.0,0.0966631479537865,0.0966631479537865,0.0966631479537865,0.23523809523809547,0.23523809523809547,0.23523809523809547,0.7122800412357888,0.45347929746566207,0.21909109299439458,0.20109420149011983,0.19703828960155492,0.1536191326530612,0.14842768259095526,0.2876285714285714,0.1837571428571429,0.1795776947369288,5.625405829305396e-17,0.2857142857142857,0.2857142857142857,0.14285714285714285,0.14285714285714285
partition,6,3,136,0.25879823052079,0.0,0.0,0.1649379050981282,0.9843886903809896,6.798699777552591e-17,0.6339236111111115,1.1102230246251565e-16,0.0,0.4040137067340104,2.41125,2.220446049250313e-16,0.25624384364781816,0.2599180782619929,0.26106627657892256,0.627666666666667,0.6366666666666669,0.639479166666667,0.6910432368588332,0.3922599879275109,0.3288276115816662,0.03342231887377829,0.02225956485366298,0.09185613440996333,0.09562305102193323,0.20964609374999998,0.04814257812499998,0.055588641369569654,0.0,0.0,0.0,0.16666666666666666,0.16666666666666666
partition,3,3,137,0.12220580697847076,0.0,0.0,0.0743407000325204,0.05484827557301442,0.0028867513459481953,0.21166666666666667,1.1102230246251565e-16,0.0,0.12876186952656266,0.09499999999999997,0.0050000000000001155,0.11931905563252257,0.12268693220279542,0.12220580697847076,0.20666666666666655,0.2124999999999999,0.21166666666666667,0.5107510809255978,0.33588469933498327,0.17694651577367787,0.15321724537037043,0.14823915895061732,0.21979181857638888,0.2160673106337219,0.20901354166666666,0.20801076388888887,0.13688901155713684,0.0,0.3333333333333333,0.3333333333333333,0.3333333333333333,0.3333333333333333
partition,6,3,138,0.17360762959472134,0.0,0.0,0.19497093644730382,0.5488472768752098,0.0,0.30944444444444463,2.220446049250313e-16,0.0,0.47757930896850165,0.97,0.0,0.1760812102201498,0.17733625728583577,0.17681073790083296,0.31266666666666665,0.31666666666666665,0.31499999999999995,0.8464207730201333,0.5805206600230682,0.23216614487724194,0.011561856995884775,0.006538588820301787,0.07102567877121911,0.07485734790342745,0.08381666666666666,0.03361111111111112,0.019710213041886162,1.6653345369377348e-16,0.0,0.0,0.16666666666666666,0.16666666666666666
partition,6,3,139,0.06174755393265933,0.0,0.0,0.19054912493688297,0.6123724356957945,0.0,0.1512500000000001,0.0,0.0,0.4667481270292052,1.5,0.0,0.06600014029165784,0.062598071204459,0.06174755393265928,0.16166666666666663,0.15333333333333332,0.15125,0.6668840791321982,0.4149491643506385,0.17488537912968408,0.1596808159722222,0.15904535590277777,0.1755527886284722,0.17514225630020738,0.2708333333333333,0.20833333333333334,0.16388033939618288,1.1857187100668868e-16,0.16666666666666666,0.16666666666666666,0.16666666666666666,0.16666666666666666
partition,3,3,140,0.17945970867310868,0.0,9.614813431917819e-17,0.12606341604014312,0.008660254037844308,0.0,0.3108333333333333,0.0,1.1102230246251565e-16,0.2183482415572212,0.014999999999999902,0.0,0.1760918321028358,0.17657295732716052,0.17945970867310868,0.30499999999999994,0.3058333333333333,0.3108333333333333,0.7552676126159963,0.3776338063079981,0.3108333333333333,0.1853539351851852,0.1746186728395062,0.13132838541666667,0.12208778893488309,0.16674166666666668,0.16671666666666662,0.1671996167243481,0.0,0.3333333333333333,0.3333333333333333,0.3333333333333333,0.0
partition,4,3,141,0.02552083333333338,0.0,0.0,0.08094965854227763,0.14742229591663986,0.0,0.05104166666666665,2.220446049250313e-16,0.0,0.1618993170845553,0.28,0.0,0.05416666666666668,0.05729166666666663,0.05885416666666665,0.10833333333333328,0.11458333333333326,0.1177083333333333,0.38297084310253526,0.25580981138580294,0.09072073487417918,0.16440131293402777,0.16423848470052085,0.16507181803385418,0.15578680146862764,0.14085,0.13541666666666666,0.16344748476059773,0.0,0.25,0.25,0.25,0.25
partition,3,3,142,0.06904146969059277,0.0,0.0,0.004966834816598398,0.24032204955018177,0.0,0.11958333333333337,0.0,0.0,0.008602810255150528,0.41625,0.0,0.06543303050815753,0.06831978185410573,0.06904146969059277,0.11333333333333329,0.1183333333333334,0.11958333333333337,0.17060859200716316,0.08530429600358162,0.11958333333333332,0.2551208912037037,0.2535319830246913,0.22317584635416668,0.22130215345940216,0.2949713541666667,0.27571979166666666,0.24986847819799038,0.0,0.3333333333333333,0.3333333333333333,0.3333333333333333,0.3333333333333333
partition,3,3,143,0.0683197818541057,0.0,3.925231146709438e-17,0.16189159923194618,0.2886751345948128,0.0,0.11833333333333329,0.0,1.1102230246251565e-16,0.28040447518830947,0.5,0.0,0.06831978185410563,0.06831978185410563,0.06831978185410563,0.11833333333333318,0.11833333333333318,0.11833333333333318,0.700484951063666,0.4078026764353997,0.07889866919029745,0.2005935185185185,0.19903765432098763,0.10189445408950619,0.08508763618383734,0.25,0.22222222222222224,0.19639962216639684,0.0,0.3333333333333333,0.3333333333333333,0.0,0.0
partition,3,3,144,0.011547005383792493,0.0,9.614813431917819e-17,0.06554557897060219,0.2886751345948128,0.0,0.020000000000000018,2.220446049250313e-16,2.220446049250313e-16,0.11352827298860124,0.5,0.0,0.011547005383792493,0.011547005383792493,0.011547005383792493,0.020000000000000018,0.020000000000000018,0.020000000000000018,0.5179517352031943,0.27618121320547945,0.014142135623730963,0.22006666666666666,0.22002222222222226,0.19337487499999997,0.17409909194684134,0.25,0.22222222222222224,0.2200649322909992,0.0,0.3333333333333333,0.3333333333333333,0.3333333333333333,0.3333333333333333
partition,3,3,145,0.051961524227066284,0.0,0.0,0.012424637158114198,0.20784609690826536,0.011547005383792398,0.08999999999999997,0.0,0.0,0.02152010282346195,0.3599999999999999,0.019999999999999796,0.046188021535169974,0.05196152422706637,0.05196152422706637,0.07999999999999985,0.09000000000000008,0.09000000000000008,0.23906066175763832,0.1495864246053953,0.08999999999999997,0.21857222222222225,0.21767222222222224,0.19865034722222222,0.19622033303865713,0.22160000000000002,0.20720000000000002,0.21890136725301557,0.0,0.3333333333333333,0.3333333333333333,0.3333333333333333,0.3333333333333333
partition,7,3,146,0.10319779986269792,0.0,0.0,0.1265345371717537,0.018763883748662804,0.0,0.27303571428571427,1.1102230246251565e-16,0.0,0.33477891761711853,0.03249999999999997,0.0,0.1001605853474452,0.10434519201290451,0.10319779986269786,0.2649999999999999,0.2760714285714285,0.27303571428571416,0.6845067958548174,0.48309317980975014,0.24659886714157914,0.04229238793731778,0.0407709899521033,0.050013277264030605,0.046422862389118635,0.07157946428571428,0.07152916666666664,0.025634074725849738,3.4623592081833416e-17,0.14285714285714285,0.0,0.14285714285714285,0.14285714285714285
partition,4,3,147,0.04749999999999999,0.0,0.0,0.09600120761163757,0.333125,0.0,0.09499999999999997,0.0,0.0,0.1920024152232751,0.6662499999999998,0.0,0.06000000000000005,0.07062499999999994,0.053749999999999964,0.1200000000000001,0.14124999999999988,0.10749999999999993,0.4223742416388575,0.2476853850978852,0.06389077593831521,0.1753955078125,0.1748314453125,0.1767340087890625,0.16431663081130327,0.18062851562499999,0.15288544921874997,0.17589437902670924,6.798699777552591e-17,0.25,0.25,0.25,0.25
partition,5,3,148,0.01683013831064834,0.0,0.0,0.044599549938594905,0.1003146092716975,0.0,0.037633333333333296,0.0,2.220446049250313e-16,0.09972762542859481,0.17375000000000007,0.0,0.015915622420660726,0.0035255338445246576,0.01683013831064834,0.02756666666666674,0.007883333333333242,0.037633333333333296,0.31230995554630236,0.15615497777315118,0.03763333333333335,0.12859880911111113,0.12854215840000002,0.1313525521875,0.1286591652415458,0.10603781250000002,0.10402520833333333,0.12832322874029176,0.0,0.2,0.2,0.2,0.2
partition,6,3,149,0.0,0.0,0.0,0.12123662176935851,0.2886751345948128,0.0031979449419669375,0.0,0.0,0.0,0.29696786147372733,0.5,0.007833333333333359,0.0,0.0,0.0,0.0,0.0,0.0,0.8155787822154277,0.4181660350728971,0.0,0.11111111111111112,0.11111111111111112,0.06605384114583333,0.05897278128829216,0.125,0.11111111111111112,0.11111111111111112,0.0,0.16666666666666666,0.16666666666666666,0.16666666666666666,0.16666666666666666
partition,5,3,150,0.08616666666666672,0.0,0.0,0.0544855067059494,0.30374999999999996,0.0,0.17233333333333323,1.1102230246251565e-16,0.0,0.12183329678302346,0.6074999999999999,0.0,0.07516666666666674,0.08866666666666667,0.08616666666666672,0.15033333333333343,0.17733333333333356,0.17233333333333345,0.46379413536611264,0.23189706768305632,0.2859482519229271,0.3067454972222222,0.288027225,0.2540638125,0.2539167079649376,0.36936562500000003,0.2901628125,0.27766893270906684,9.614813431917819e-17,0.4,0.4,0.2,0.2
partition,3,3,151,0.06278684177437172,0.0,0.0,0.008608394314930951,0.3002221399786054,9.614813431917819e-17,0.1087499999999999,0.0,0.0,0.01491017632504732,0.52,2.220446049250313e-16,0.06254627916220952,0.06158402871356019,0.0627868417743719,0.10833333333333339,0.10666666666666691,0.10875000000000012,0.2525020626978455,0.12654355992603983,0.10874999999999996,0.2503310763888889,0.2490170138888889,0.22055709635416662,0.2177884081551058,0.2568,0.22675555555555557,0.24615639688678917,0.0,0.3333333333333333,0.3333333333333333,0.3333333333333333,0.3333333333333333
partition,5,3,152,0.009615092303249148,0.0,0.0,0.17911608354839137,0.5005637446919223,0.0,0.021500000000000075,1.1102230246251565e-16,1.1102230246251565e-16,0.40051573867773493,1.0237500000000002,0.0,0.00536656314599952,0.007602631123499253,0.009615092303249148,0.01200000000000001,0.016999999999999904,0.021500000000000075,0.8413532007030896,0.42516012760053234,0.021500000000000005,0.15009245,0.15007396,0.1284613567708333,0.21181247163819497,0.20011281250000001,0.15,0.15011074909513974,5.928593550334434e-17,0.2,0.2,0.2,0.2
partition,6,3,153,0.13570003071564443,0.0,1.0315407380583415e-16,0.3652092008086425,0.031032576968942342,0.013268069440075638,0.3323958333333332,1.1102230246251565e-16,2.220446049250313e-16,0.8945761913508118,0.053749999999999964,0.032500000000000084,0.13608276348795428,0.13608276348795428,0.13570003071564443,0.33333333333333326,0.33333333333333326,0.3323958333333332,0.966891564176149,0.587979155552575,0.33239583333333333,0.2037038501880787,0.2006347671320409,0.15528290066189238,0.1456702985695685,0.25048151041666666,0.24434878472222224,0.24976644712424487,3.697134707302625e-17,0.16666666666666666,0.16666666666666666,0.16666666666666666,0.16666666666666666
partition,2,3,154,0.12109203627819635,0.0,0.0,0.012749861816207875,0.15556349186104043,0.0,0.17125000000000012,1.1102230246251565e-16,0.0,0.018031027498864094,0.21999999999999997,0.0,0.08838834764831845,0.08838834764831845,0.12109203627819635,0.125,0.125,0.17125000000000012,0.36769552621700474,0.194748992651795,0.13328189111803598,0.29825703125,0.290925390625,0.23613525390625,0.2361806567291331,0.1642,0.1521,0.284748094750498,0.0,0.5,1.0,0.0,0.0
partition,3,3,155,0.03199482741759176,0.0,0.0,0.00988132828096378,0.1984641550339338,8.886119947416683e-17,0.05541666666666689,0.0,0.0,0.017114962628896446,0.34375,1.1102230246251565e-16,0.06639528095680695,0.0625462791622095,0.06663584356896934,0.11499999999999999,0.10833333333333339,0.11541666666666672,0.22404659113675437,0.14688195477555335,0.05541666666666667,0.20826417824074075,0.2079229552469136,0.2122020182291667,0.2094722789072455,0.21865468750000003,0.20552534722222218,0.20778670620061537,8.326672684688674e-17,0.3333333333333333,0.3333333333333333,0.3333333333333333,0.3333333333333333
partition,3,3,156,0.0384900179459752,0.0,0.0,0.010836016619586181,0.2886751345948128,0.0,0.06666666666666687,2.220446049250313e-16,0.0,0.018768531336784022,0.5,0.0,0.094300543967639,0.094300543967639,0.094300543967639,0.16333333333333355,0.16333333333333355,0.16333333333333355,0.22951261766331418,0.14349389617192967,0.06666666666666665,0.23851851851851855,0.23802469135802465,0.19395158420138894,0.19264013692881132,0.25,0.22222222222222224,0.23697916666666666,0.0,0.3333333333333333,0.3333333333333333,0.3333333333333333,0.3333333333333333
partition,3,3,157,0.19245008972987535,0.0,1.1443916996305594e-16,0.11580400628351711,0.36950417228136057,0.0,0.3333333333333335,1.1102230246251565e-16,2.220446049250313e-16,0.20057842260307712,0.6400000000000001,0.0,0.19245008972987526,0.19245008972987526,0.19245008972987526,0.33333333333333326,0.33333333333333326,0.33333333333333326,0.4200793575821914,0.25585873502810563,0.24800313618088687,0.16030370370370373,0.14795802469135805,0.17470729166666668,0.1605548775910491,0.20986666666666665,0.16435555555555553,0.16475416666666667,9.614813431917819e-17,0.0,0.3333333333333333,0.3333333333333333,0.3333333333333333
partition,3,3,158,0.0,0.0,0.0,0.13665754995830037,0.21650635094610965,0.0,0.0,0.0,0.0,0.2366978197656583,0.375,0.0,8.326672684688674e-17,8.326672684688674e-17,0.0,1.1102230246251565e-16,1.1102230246251565e-16,0.0,0.5815066637623338,0.3986610388930376,0.0,0.1577166666666667,0.1577166666666667,0.32478784722222226,0.42668617885641336,0.1733416666666667,0.1577166666666667,0.1577166666666667,0.0,0.3333333333333333,0.3333333333333333,0.3333333333333333,0.6666666666666666
partition,3,3,159,0.021169509870286266,0.0,0.0,0.20085493093046394,0.0,0.0,0.036666666666666625,0.0,0.0,0.34789094532230114,0.0,0.0,0.003849001794597586,0.003849001794597586,0.003849001794597586,0.006666666666666821,0.006666666666666821,0.006666666666666821,0.7350658984063946,0.37829943673896493,0.036666666666666625,0.5026703703703704,0.502520987654321,0.2561445529513889,0.3792757307881461,0.5,0.5,0.515806403978241,0.0,0.6666666666666666,0.6666666666666666,0.3333333333333333,0.3333333333333333
partition,4,3,160,0.037604166666666716,0.0,0.0,0.07770043308362021,0.155884572681199,0.0,0.07520833333333332,0.0,0.0,0.15540086616724047,0.27,0.0,0.04791666666666672,0.042916666666666714,0.03760416666666666,0.09583333333333333,0.08583333333333343,0.07520833333333332,0.5617286377780646,0.3187514228246998,0.09337447939762655,0.17650990668402777,0.1761563883463542,0.1342146728515625,0.1270536109978834,0.143225,0.13715,0.17755463271974264,0.0,0.25,0.25,0.25,0.25
partition,3,3,161,0.27712812921102037,0.0,0.0,0.07141876632359707,0.11691342951089922,0.001924500897298775,0.48,0.0,0.0,0.12370093188635922,0.2025,0.0033333333333334103,0.28097713100561783,0.2780903796596697,0.27712812921102026,0.4866666666666666,0.4816666666666666,0.47999999999999987,0.4934867441650957,0.28429217043278693,0.3437376260399137,0.17049629629629626,0.14489629629629627,0.18929435763888888,0.1706843343835732,0.10956875,0.10501250000000001,0.09798926145079988,0.0,0.3333333333333333,0.3333333333333333,0.3333333333333333,0.3333333333333333
partition,3,3,162,0.15059219521362738,0.0,0.0,0.03065704658066832,0.005773502691896284,0.0,0.26083333333333336,0.0,0.0,0.05309956228772328,0.010000000000000009,0.0,0.1501110699893027,0.1501110699893027,0.15059219521362735,0.26,0.26,0.26083333333333325,0.3625660859300917,0.18128304296504585,0.2518335539376929,0.18693726851851852,0.17937793209876543,0.22343307291666667,0.21316666043539634,0.1667,0.1666888888888889,0.17147684602045418,0.0,0.3333333333333333,0.3333333333333333,0.3333333333333333,0.3333333333333333
partition,8,3,163,0.05091168824543144,0.0,0.0,0.09988884077580666,0.5220153254455274,0.0,0.14400000000000002,0.0,0.0,0.2825283067097448,1.15,0.0,0.05185449728701349,0.05155986946151912,0.05091168824543144,0.14666666666666672,0.14583333333333337,0.14400000000000002,0.6136657274119192,0.4509329006300415,0.22800438592272737,0.08343575,0.08311175000000001,0.1034623876953125,0.100376617598277,0.1278125,0.09375,0.08055800452004541,0.0,0.125,0.125,0.125,0.125
partition,4,3,164,0.04500000000000004,0.0,0.0,0.08411496239993978,0.2886751345948128,0.0,0.09000000000000008,0.0,0.0,0.16822992479987953,0.5,0.0,0.04500000000000004,0.04500000000000004,0.04500000000000004,0.09000000000000008,0.09000000000000008,0.09000000000000008,0.34438350715445126,0.20983491399519974,0.1443344098785872,0.11827500000000002,0.11776874999999999,0.15514650268554686,0.14854197885295461,0.1875,0.16666666666666669,0.11321096485931653,0.0,0.25,0.25,0.25,0.25
partition,5,3,165,0.01341640786499875,0.0,0.0,0.07322764549686393,0.2886751345948128,0.014534441853748562,0.029999999999999916,0.0,0.0,0.16374199316324423,0.5,0.03249999999999986,0.013416407864998729,0.013416407864998729,0.013416407864998729,0.029999999999999916,0.029999999999999916,0.029999999999999916,0.7149541069187589,0.39363683776670394,0.06262764742685313,0.15278444444444447,0.15274844444444446,0.1662182421875,0.16558632272697846,0.15,0.13333333333333336,0.15334726798219198,3.140184917367551e-17,0.2,0.2,0.2,0.2
partition,7,3,166,0.08567194721542486,0.0,5.374844106186573e-17,0.31996581856836953,0.5448032328281468,0.0,0.22666666666666668,0.0,1.1102230246251565e-16,0.8465499839731185,1.3032499999999998,0.0,0.08567194721542479,0.08567194721542479,0.08567194721542479,0.22666666666666657,0.22666666666666657,0.22666666666666657,1.0281096123468547,0.6440169490639011,0.24908722256359206,0.16473650793650793,0.16368798185941041,0.08483341703869049,0.12700419720156092,0.2409729375,0.17857142857142858,0.17944199082724643,0.0,0.14285714285714285,0.14285714285714285,0.14285714285714285,0.14285714285714285
partition,3,3,167,0.06158402871355998,0.0,0.0,0.011923936584302575,0.20784609690826536,0.0,0.10666666666666658,1.1102230246251565e-16,0.0,0.020652863990241244,0.3599999999999999,0.0,0.06543303050815755,0.06158402871356009,0.06158402871356009,0.11333333333333329,0.10666666666666669,0.10666666666666669,0.24913182588073055,0.1547415354072861,0.08432740427115673,0.2154148148148148,0.2141506172839506,0.20789305555555557,0.20619317233459725,0.22160000000000002,0.20720000000000002,0.21527623078636668,0.0,0.3333333333333333,0.3333333333333333,0.3333333333333333,0.3333333333333333
partition,3,3,168,0.12268693220279542,0.0,0.0,0.015554390036651992,0.15083275782578975,0.0,0.2124999999999999,0.0,0.0,0.026940993824224324,0.26125,0.0,0.12124355652982133,0.12124355652982133,0.12268693220279542,0.20999999999999985,0.20999999999999985,0.2124999999999999,0.26025828517071264,0.13012914258535635,0.15026019100214127,0.19005208333333334,0.18503472222222225,0.2059250217013889,0.2024785903362436,0.1894171875,0.18183368055555557,0.1784384535707287,0.0,0.3333333333333333,0.3333333333333333,0.3333333333333333,0.3333333333333333
partition,3,3,169,0.16670989022850435,0.0,0.0,0.0750106236122102,0.005773502691896284,0.013471506281091174,0.28874999999999984,1.1102230246251565e-16,0.0,0.12992221120377367,0.010000000000000009,0.023333333333333428,0.16935607896229016,0.17031832941093958,0.1667098902285044,0.2933333333333332,0.29499999999999993,0.28874999999999995,0.6075625825103671,0.35449006107156067,0.2087200577328398,0.18584774305555554,0.17658368055555554,0.21442316502700617,0.19685327791131532,0.1667,0.16668888888888891,0.16863125028098572,8.886119947416683e-17,0.3333333333333333,0.3333333333333333,0.3333333333333333,0.3333333333333333
partition,3,3,170,0.05941896520409904,0.0,0.0,0.014320128842587246,0.33486315612998296,0.0,0.10291666666666677,0.0,0.0,0.024803190726293556,0.5800000000000001,0.0,0.060621778264910664,0.06110290348923543,0.05941896520409904,0.10499999999999998,0.10583333333333345,0.10291666666666677,0.2520933193614354,0.12604665968071774,0.10291666666666666,0.18001209490740744,0.17883522376543207,0.20639342447916667,0.2032273772194033,0.22546666666666668,0.1880888888888889,0.1826846624379925,0.0,0.3333333333333333,0.3333333333333333,0.3333333333333333,0.3333333333333333
partition,3,3,171,0.19245008972987526,0.0,1.1443916996305594e-16,0.17075116257597403,0.007216878364870297,0.0,0.33333333333333326,0.0,2.220446049250313e-16,0.29574968903304055,0.012499999999999956,0.0,0.19245008972987526,0.19245008972987526,0.19245008972987526,0.33333333333333326,0.33333333333333326,0.33333333333333326,0.7156500177577492,0.3918669823549295,0.2357022603955158,0.1851851851851852,0.1728395061728395,0.12928486388406635,0.11276964657578163,0.16671875,0.16670138888888889,0.16666666666666666,0.0,0.3333333333333333,0.3333333333333333,0.3333333333333333,0.0
partition,3,3,172,0.04763139720814416,0.0,0.0,0.14293852464251544,0.008660254037844308,0.0,0.08250000000000002,2.220446049250313e-16,0.0,0.2475767870397727,0.014999999999999902,0.0,0.047150271983819415,0.046188021535170064,0.04763139720814416,0.08166666666666667,0.07999999999999996,0.08250000000000002,0.9074758949966659,0.45403282062181277,0.29052753742115395,0.23202430555555556,0.2312680555555556,0.2059120659722222,0.2701358033517658,0.16674166666666668,0.16671666666666662,0.23476469661384539,0.0,0.3333333333333333,0.6666666666666666,0.3333333333333333,0.3333333333333333
partition,3,3,173,0.1886010879352777,0.0,0.0,0.2165281429256031,0.005773502691896284,0.005773502691896279,0.32666666666666655,0.0,0.0,0.3750377448156801,0.010000000000000009,0.010000000000000009,0.1886010879352777,0.1886010879352777,0.1886010879352777,0.32666666666666655,0.32666666666666655,0.32666666666666655,0.6929646455628166,0.4720818169561609,0.23098821518760543,0.4029777777777777,0.3911209876543211,0.23150904947916665,0.2693093441873431,0.4933666666666667,0.4933555555555555,0.4901480247034604,0.0,0.3333333333333333,0.3333333333333333,0.3333333333333333,0.3333333333333333
partition,3,3,174,0.0,0.0,0.0,0.022921828140095135,0.13567731325956212,0.0,0.0,0.0,0.0,0.0397017709410068,0.2350000000000001,0.0,1.1443916996305594e-16,0.0,0.0,0.0,0.0,0.0,0.38021874186666116,0.22301278848267758,0.0,0.21926076388888896,0.21926076388888896,0.18197096440972219,0.1802776339453649,0.22539687500000008,0.21926076388888896,0.21926076388888896,0.0,0.3333333333333333,0.3333333333333333,0.3333333333333333,0.3333333333333333
partition,7,3,175,0.21191208120050678,0.0,5.979136609301385e-17,0.28676719531323497,0.3868994001459983,6.798699777552591e-17,0.5606666666666668,0.0,1.1102230246251565e-16,0.7587146829703069,0.9637500000000001,2.220446049250313e-16,0.21191208120050672,0.21191208120050672,0.21191208120050672,0.5606666666666666,0.5606666666666666,0.5606666666666666,0.8257314938889033,0.639373377373532,0.2949809786711302,0.12211307936507938,0.1156978321995465,0.10769790922619049,0.13524305303233206,0.11662254464285714,0.09523809523809525,0.1233566022262742,0.0,0.14285714285714285,0.14285714285714285,0.14285714285714285,0.14285714285714285
partition,5,3,176,0.06479166666666669,0.0,0.0,0.1619337813178717,0.4181250000000001,0.0,0.12958333333333338,0.0,0.0,0.3620949428803466,0.8362500000000002,0.0,0.05666666666666664,0.08791666666666664,0.06479166666666669,0.11333333333333329,0.17583333333333329,0.12958333333333338,0.4558634207011277,0.33138746171889594,0.12958333333333336,0.13669170138888892,0.13585210937499997,0.13139625434027777,0.11457749999818809,0.1726128125,0.13764710937500002,0.13684271396734565,0.0,0.2,0.2,0.2,0.2
partition,4,3,177,0.046669146759494885,0.0,1.1102230246251565e-16,0.09403213285870193,0.22805335632990223,0.03749999999999991,0.08083333333333353,1.1102230246251565e-16,2.220446049250313e-16,0.18806426571740387,0.395,0.07499999999999984,0.06831978185410577,0.046669146759494885,0.046669146759494885,0.1183333333333334,0.08083333333333353,0.08083333333333353,0.4062070490115437,0.31047367551427235,0.17461167232207336,0.08150043402777778,0.08095593171296298,0.11939241536458331,0.10748586162263847,0.10963125,0.09662916666666667,0.08599771193710178,1.4686870114880517e-16,0.0,0.0,0.25,0.25
partition,4,3,178,0.11375000000000002,0.0,0.0,0.0766393454621136,0.12990381056766584,2.7755575615628914e-17,0.22750000000000004,0.0,0.0,0.1532786909242272,0.2250000000000001,1.1102230246251565e-16,0.10750000000000004,0.11375000000000005,0.11375000000000005,0.21500000000000008,0.22750000000000015,0.22750000000000015,0.4973848275396693,0.3924451738404451,0.21715489863228965,0.1455890625,0.142354296875,0.13560403645833333,0.13352511663498096,0.13765625,0.1334375,0.13603229961981966,0.0,0.25,0.25,0.25,0.25
partition,3,3,179,0.04546633369868312,0.0,0.0,0.010006544602271584,0.2973353886326574,0.0,0.0787500000000001,1.1102230246251565e-16,0.0,0.017331843659338375,0.5150000000000001,0.0,0.05099927377841693,0.04955589810544293,0.04546633369868312,0.08833333333333337,0.08583333333333343,0.0787500000000001,0.22862587707139947,0.12045949085408054,0.06676165108470249,0.19759681712962962,0.1969077546296296,0.21663478732638888,0.2141699715253056,0.24507500000000002,0.21560555555555552,0.1987018296451154,9.614813431917819e-17,0.3333333333333333,0.3333333333333333,0.3333333333333333,0.3333333333333333
partition,3,3,180,0.08082903768654755,0.0,1.1443916996305594e-16,0.05585458685727146,0.2886751345948128,0.0,0.1399999999999999,0.0,2.220446049250313e-16,0.09674298227256306,0.5,0.0,0.08082903768654755,0.08082903768654755,0.08082903768654755,0.1399999999999999,0.1399999999999999,0.1399999999999999,0.37354718577443463,0.2986948999955001,0.14,0.19764444444444443,0.19546666666666668,0.1581646701388889,0.1508457640999786,0.25,0.22222222222222224,0.1919355807944234,0.0,0.3333333333333333,0.3333333333333333,0.3333333333333333,0.3333333333333333
partition,3,3,181,0.21939310229205786,0.0,0.0,0.050053360205017015,0.5311622476544556,0.0,0.3800000000000001,0.0,0.0,0.08669496296463564,0.9199999999999999,0.0,0.21939310229205766,0.21939310229205766,0.21939310229205766,0.3799999999999999,0.3799999999999999,0.3799999999999999,0.5665096351048821,0.34660426688086865,0.26870057685088805,0.14780000000000001,0.13175555555555554,0.14216277430555554,0.14929660263187045,0.16879999999999998,0.07475555555555555,0.154320987654321,0.0,0.0,0.3333333333333333,0.3333333333333333,0.3333333333333333
partition,3,3,182,0.24368992612045456,0.0,0.0,0.07782540472730962,0.007938566201357335,0.0,0.42208333333333337,0.0,0.0,0.13479755510731128,0.013749999999999929,0.0,0.24344936350829216,0.24489273918126625,0.24368992612045456,0.42166666666666663,0.4241666666666666,0.42208333333333337,0.6679547452235568,0.3350315122538408,0.29867909432849316,0.24364403935185183,0.22384911265432095,0.2259270182291667,0.2053851076482401,0.16672968750000003,0.16670868055555557,0.24452866569045795,6.546139416680338e-17,0.3333333333333333,0.3333333333333333,0.3333333333333333,0.3333333333333333
partition,5,3,183,0.02325510696599778,0.0,0.0,0.15418500040073907,0.31005375877955954,5.551115123125783e-17,0.052000000000000046,0.0,0.0,0.3447681420068849,0.6200000000000001,1.1102230246251565e-16,0.014758048651498677,0.014758048651498677,0.014758048651498677,0.03299999999999992,0.03299999999999992,0.03299999999999992,0.527304466129389,0.3698415894851963,0.14612323566086263,0.27195359999999996,0.27184544,0.18741337500000002,0.17969258598323196,0.31067999999999996,0.28878666666666664,0.28066549164129684,0.0,0.4,0.4,0.2,0.2
partition,5,3,184,0.0760263112349928,0.0,0.0,0.21000210870884706,0.49630667182700655,0.0,0.16999999999999993,1.1102230246251565e-16,0.0,0.4695789904912826,1.0812499999999998,0.0,0.07453559924999299,0.07453559924999299,0.0760263112349928,0.16666666666666674,0.16666666666666674,0.16999999999999993,0.4983472684785179,0.30151322086453297,0.12020815280171311,0.24678,0.24562399999999998,0.172541875,0.21287946876537514,0.31744781250000004,0.26818375000000005,0.26790535636521995,0.0,0.2,0.2,0.2,0.2
partition,4,3,185,0.02171875000000001,0.0,0.0,0.10228921086720828,0.475,0.0,0.04343750000000002,0.0,0.0,0.20457842173441665,0.95,0.0,0.02124999999999999,0.02124999999999999,0.02171875000000001,0.04249999999999998,0.04249999999999998,0.04343750000000002,0.37806542230368895,0.19744850741799688,0.04343750000000002,0.1716826416015625,0.17156471557617187,0.1724351582845052,0.15889725476392202,0.263125,0.20671875,0.1722139747873359,4.8074067159589095e-17,0.25,0.25,0.25,0.25
partition,5,3,186,0.014700718047466569,0.0,0.0,0.12407268169978888,0.4579369498085954,1.1983411512519015e-16,0.030333333333333323,2.220446049250313e-16,0.0,0.27743495043142197,0.935,2.220446049250313e-16,0.021466252583997897,0.020880613017821008,0.02002498439450069,0.04800000000000004,0.04599999999999982,0.040999999999999925,0.5639375457934643,0.3037042941752836,0.2812971935713386,0.17825228888888894,0.17820906666666667,0.1274086527777778,0.11881465075108599,0.184525,0.14258375,0.17722807189782258,1.1959079248759318e-16,0.2,0.2,0.2,0.2
partition,7,3,187,0.08519949162416325,0.0,0.0,0.11851609276209879,0.0881168731477311,1.1102230246251565e-16,0.2254166666666666,1.1102230246251565e-16,0.0,0.3135641078075755,0.1725000000000001,2.220446049250313e-16,0.07523292843707473,0.07617783961959777,0.08519949162416326,0.19904761904761903,0.20154761904761898,0.2254166666666666,0.5313163123879444,0.42552504812420433,0.2254166666666667,0.08102879464285714,0.07999180130385489,0.06962594068877552,0.07074844810793512,0.07454017857142858,0.07343095238095239,0.07558800284417863,0.0,0.14285714285714285,0.14285714285714285,0.14285714285714285,0.14285714285714285
partition,7,3,188,0.04661561833780465,0.0,0.0,0.14156385637933427,0.21941906015278909,0.0,0.1233333333333333,0.0,0.0,0.3745427586149831,0.3833749999999998,0.0,0.04661561833780462,0.04661561833780462,0.04661561833780462,0.12333333333333318,0.12333333333333318,0.12333333333333318,0.6032803124722922,0.4464206703998208,0.12333333333333335,0.10943650793650794,0.10912607709750567,0.10355436430431546,0.09006752760547254,0.09205877008928572,0.08518095238095238,0.11083412676611941,0.0,0.14285714285714285,0.14285714285714285,0.14285714285714285,0.14285714285714285
partition,3,3,189,0.27635832885210093,0.0,0.0,0.08852865535100936,0.3132125210353721,5.1577036902917074e-17,0.4786666666666668,0.0,0.0,0.15333612899370264,0.5425000000000002,1.1102230246251565e-16,0.2752036283137216,0.27751302939048,0.2763583288521008,0.47666666666666657,0.4806666666666666,0.4786666666666666,0.7414196967080567,0.40886127748534057,0.3454684420384075,0.05152059259259259,0.0260626172839506,0.08495451041666663,0.08093540979921349,0.06773541666666666,0.03503472222222221,0.06744554961008424,0.0,0.0,0.0,0.0,0.0
partition,3,3,190,0.09814954576223633,0.0,0.0,0.00903358595519203,0.3233161507461904,0.0,0.16999999999999993,0.0,0.0,0.01564662984893328,0.56,0.0,0.10392304845413264,0.09622504486493767,0.09814954576223643,0.17999999999999994,0.16666666666666674,0.17000000000000015,0.210119013894507,0.10505950694725352,0.12349089035228465,0.1950833333333333,0.19187222222222222,0.20564201388888884,0.20422293391670557,0.2375333333333333,0.2026888888888889,0.19604954505239403,0.0,0.3333333333333333,0.3333333333333333,0.3333333333333333,0.3333333333333333
partition,5,3,191,0.27540903922872406,0.0,0.0,0.12687271992154872,0.7775926391755519,0.0,0.6158333333333335,2.220446049250313e-16,0.0,0.2836960262348748,1.73875,0.0,0.2776451072062239,0.27339657804897427,0.27540903922872406,0.6208333333333333,0.6113333333333333,0.6158333333333335,0.5483184521790234,0.3829261876674657,0.3140456221280242,0.25938347222222224,0.2442134444444445,0.16624774739583334,0.1581968794087769,0.3091503125,0.18822025000000003,0.20387480879565265,0.0,0.4,0.4,0.2,0.2
partition,3,3,192,0.05059833609147966,0.0,0.0,0.019008227281218894,0.14197546002742872,0.0,0.08763888888888882,0.0,0.0,0.03292321541288801,0.22625000000000006,0.0,0.06543303050815763,0.06831978185410574,0.06615471834464468,0.1133333333333334,0.1183333333333334,0.11458333333333348,0.32242731739106717,0.20065934796363386,0.06775742522291928,0.1734799447016461,0.17262654749657066,0.20042083574459882,0.19652453834359362,0.18828802083333337,0.1815690104166667,0.17587489401948864,0.0,0.3333333333333333,0.3333333333333333,0.3333333333333333,0.3333333333333333
partition,3,3,193,0.053886025124365036,0.0,0.0,0.026959184055403165,0.12701705922171763,0.008660254037844475,0.09333333333333327,0.0,0.0,0.04669467651455894,0.21999999999999997,0.014999999999999902,0.053886025124365036,0.053886025124365036,0.053886025124365036,0.09333333333333327,0.09333333333333327,0.09333333333333327,0.393886880969651,0.23172247828287937,0.09333333333333327,0.3404444444444444,0.3394765432098765,0.22678153211805555,0.23405702137986162,0.36946666666666667,0.3640888888888889,0.35308535178777395,8.326672684688674e-17,0.3333333333333333,0.3333333333333333,0.3333333333333333,0.3333333333333333
partition,6,3,194,0.04472135954999571,0.0,5.2958809290937725e-17,0.2337600347079067,0.6708203932499369,0.0,0.09999999999999987,2.220446049250313e-16,1.1102230246251565e-16,0.5725928072896571,1.5,0.0,0.04472135954999571,0.04472135954999571,0.04472135954999571,0.09999999999999987,0.09999999999999987,0.09999999999999987,0.6449525580097603,0.4295432669774741,0.07071067811865474,0.14083333333333337,0.14049999999999999,0.11151351182725695,0.16667794235496203,0.20833333333333334,0.1333333333333334,0.13980716253443523,1.2412670766236366e-16,0.16666666666666666,0.16666666666666666,0.16666666666666666,0.16666666666666666
partition,3,3,195,0.2525907427704613,0.0,0.0,0.041417010738504345,0.15588457268119896,0.0,0.4375,0.0,1.1102230246251565e-16,0.07173636689671525,0.27,0.0,0.26076987158398096,0.25451524366776,0.25259074277046134,0.45166666666666666,0.4408333333333334,0.4375,0.538803651620885,0.27929585676045715,0.2917243990481427,0.17114548611111113,0.149878125,0.16287311197916668,0.16652750993035054,0.09215,0.08405000000000001,0.10342825788751714,0.0,0.3333333333333333,0.3333333333333333,0.3333333333333333,0.3333333333333333
partition,3,3,196,0.036084391824351594,0.0,0.0,0.04327265513473293,0.20351596988934306,0.0,0.0625,0.0,0.0,0.07495043727176387,0.35250000000000004,0.0,0.03464101615137758,0.037527767497325656,0.036084391824351594,0.06000000000000005,0.06499999999999995,0.0625,0.4386389935546846,0.26916760064600836,0.062499999999999944,0.22324374999999996,0.2228097222222222,0.24592508680555558,0.2627473443767617,0.21871875,0.20491249999999997,0.22387832098765428,0.0,0.3333333333333333,0.3333333333333333,0.3333333333333333,0.3333333333333333
partition,8,3,197,0.1731332243640279,0.0,0.0,0.24944965760875065,0.6028318588130525,0.03737564414843186,0.35857142857142854,1.1102230246251565e-16,0.0,0.7055501778392403,1.225,0.10571428571428565,0.17052207416571555,0.16672447976885404,0.1731332243640279,0.3533333333333333,0.34571428571428564,0.35857142857142876,0.7849662564782793,0.5060291126077826,0.2649162362802589,0.19463924319727893,0.16931497307256238,0.13721734095982144,0.12237619986297443,0.280928125,0.16018984374999998,0.16273019840387912,0.0,0.125,0.125,0.125,0.125
partition,3,3,198,0.03464101615137758,0.0,0.0,0.012015445460363395,0.3002221399786054,0.0,0.06000000000000005,0.0,0.0,0.020811362012922108,0.52,0.0,0.03464101615137758,0.03464101615137758,0.03464101615137758,0.06000000000000005,0.06000000000000005,0.06000000000000005,0.26545558322752727,0.1381273318283803,0.06,0.23675555555555558,0.23635555555555557,0.24910138888888889,0.25480815563318965,0.2568,0.22675555555555557,0.23551283572643486,0.0,0.3333333333333333,0.3333333333333333,0.3333333333333333,0.3333333333333333
partition,5,3,199,0.10122999172424041,0.0,0.0,0.14181029584771013,0.45541190146942795,0.0,0.22635714285714292,2.220446049250313e-16,0.0,0.31709746142483597,0.97,0.0,0.08350000000000005,0.09199999999999994,0.09024999999999994,0.16699999999999982,0.18399999999999972,0.18049999999999988,0.6174655860855729,0.425959012906672,0.14696720618518117,0.2563386862244898,0.2542891839795918,0.16067973267431976,0.18415931180459483,0.37614000000000003,0.27266,0.23193893010326624,5.551115123125783e-17,0.4,0.4,0.2,0.2
partition,4,3,200,0.12083333333333326,0.0,0.0,0.2676625048098379,0.21625000000000005,0.0,0.2416666666666667,1.1102230246251565e-16,0.0,0.5353250096196757,0.4325000000000001,0.0,0.06812499999999999,0.08687499999999992,0.08499999999999996,0.13624999999999998,0.17374999999999985,0.17000000000000004,0.9830882462932816,0.5431048859316209,0.26757657263337203,0.30019097222222224,0.29654079861111104,0.16525462239583333,0.2492441467963301,0.2883890625,0.27669804687500005,0.3372781065088758,0.0,0.25,0.25,0.25,0.25
neg,2,3,201,0.34427261409020027,0.0,5.551115123125783e-17,0.14176957943353133,0.34471455582844196,0.001767766952966331,0.48687499999999995,0.0,0.0,0.2004924619668298,0.48750000000000004,0.0024999999999999467,0.3464823227814083,0.3455984393049251,0.34427261409020044,0.49,0.48875,0.48687499999999995,0.6885452281804006,0.3513436819020659,0.4578588927005786,0.1250861328125,0.06582431640625001,0.13747873535156255,0.0890512625038453,0.125078125,0.0656640625,nan,nan,0.0,0.0,0.0,0.0
neg,2,3,202,0.20152543263816614,0.0,0.0,0.056349310111827325,0.15556349186104043,1.2412670766236366e-16,0.28500000000000014,0.0,0.0,0.07968995859051353,0.21999999999999997,0.0,0.20152543263816608,0.20152543263816608,0.20152543263816608,0.28500000000000014,0.28500000000000014,0.28500000000000014,0.7495331880577407,0.3747665940288703,0.28500000000000014,0.4331125000000001,0.4128062500000001,0.2601,0.26298352200275055,0.3842,0.3721,nan,nan,1.0,1.0,1.0,1.0
neg,2,3,203,0.04949747468305849,0.0,1.2412670766236366e-16,0.05851686773911774,0.12727922061357855,1.2412670766236366e-16,0.07000000000000028,0.0,0.0,0.08275534798425288,0.17999999999999994,0.0,0.04949747468305833,0.04949747468305833,0.04949747468305833,0.07000000000000006,0.07000000000000006,0.07000000000000006,0.7316029803919386,0.38230064842365546,0.07000000000000017,0.14184999999999998,0.140625,0.1462721002072705,0.1379586511339684,0.1762,0.16810000000000003,nan,nan,0.0,0.0,0.0,0.0
neg,2,3,204,0.17058951096125458,0.0,1.5700924586837752e-16,0.019349999747779532,0.15556349186104043,0.0,0.24124999999999996,0.0,0.0,0.02736503207522578,0.21999999999999997,0.0,0.16617009357883866,0.16617009357883866,0.17058951096125458,0.23499999999999988,0.23499999999999988,0.24124999999999996,0.41365746699413025,0.2259795421542007,0.17944793813248458,0.15847578125,0.143925390625,0.10664306640625006,0.10418296576254339,0.1642,0.1521,nan,nan,0.0,0.0,0.0,0.0
neg,2,3,205,0.29256543071593405,0.0,5.551115123125783e-17,0.12247912530238374,0.24571960646232527,0.0,0.41375000000000006,0.0,0.0,0.17321164011022483,0.34750000000000014,0.0,0.28461047942758544,0.29256543071593405,0.29256543071593405,0.4025000000000001,0.41375000000000006,0.41375000000000006,0.804333963599698,0.4151306061216023,0.41375000000000006,0.09950078125000003,0.05670351562500001,0.15528525390624998,0.11611162065701945,0.07695312500000001,0.04676406250000002,nan,nan,0.0,0.0,0.0,0.0
neg,2,3,206,0.0,0.0,5.551115123125783e-17,0.007859785632569019,0.0,0.0,0.0,0.0,0.0,0.011115415438924359,0.0,0.0,0.0,0.0,0.0,0.0,0.0,0.0,0.2377646551739767,0.11888232758698836,0.0,0.25,0.25,0.2937978759765625,0.29499699760410175,0.25,0.25,nan,nan,0.5,0.5,1.0,1.0
neg,2,3,207,0.07071067811865482,0.0,0.0,0.014355263377072528,0.14142135623730953,1.5700924586837752e-16,0.10000000000000009,0.0,0.0,0.02030140815929382,0.19999999999999996,0.0,0.07071067811865474,0.07071067811865474,0.07071067811865474,0.09999999999999998,0.09999999999999998,0.09999999999999998,0.33234018715767716,0.18974031961839022,0.10000000000000009,0.30500000000000005,0.30250000000000005,0.34076406249999996,0.3438404387943178,0.37,0.36,nan,nan,0.5,1.0,1.0,1.0
neg,2,3,208,0.014142135623731003,0.0,0.0,0.126746622607996,0.1979898987322333,0.0029462782549439376,0.020000000000000018,0.0,0.0,0.17924679267721233,0.28,0.004166666666666652,0.014142135623730925,0.014142135623730925,0.014142135623730925,0.020000000000000018,0.020000000000000018,0.020000000000000018,1.0338490396598312,0.521638565037826,0.020000000000000018,0.4226000000000002,0.42250000000000015,0.34582975531684035,0.34289219144464206,0.4292,0.4096,nan,nan,1.0,1.0,1.0,1.0
neg,2,3,209,0.0415425233947096,0.0,5.551115123125783e-17,0.005341765800230573,0.09192388155425123,0.08838834764831845,0.05874999999999986,0.0,0.0,0.007554397641706845,0.13,0.125,0.04596194077712555,0.04596194077712555,0.041542523394709645,0.06499999999999995,0.06499999999999995,0.05874999999999997,0.2262741699796951,0.12698459278808408,0.05874999999999986,0.16947578125,0.168612890625,0.17248447265624997,0.1719899201716099,0.10345,0.09922499999999998,nan,nan,0.0,0.0,0.0,0.0
neg,2,3,210,0.16396038488763073,0.0,1.2412670766236366e-16,0.025807781262756763,0.19003494744388472,1.5700924586837752e-16,0.23187500000000005,0.0,0.0,0.0364977142765488,0.26875000000000004,0.0,0.12374368670764581,0.18296387963201904,0.16396038488763062,0.17499999999999982,0.2587499999999998,0.23187500000000005,0.5188396006956296,0.26531235685770266,0.20838009891781906,0.18077363281249992,0.1673321289062499,0.24456115722656255,0.24301182454350634,0.10545078124999997,0.08739414062499995,nan,nan,0.5,0.0,0.0,0.0
neg,2,3,211,0.27311999423330413,0.0,5.551115123125783e-17,0.0872213470360848,0.16351844314938915,0.0,0.3862500000000002,0.0,0.0,0.12334961190688154,0.23125000000000018,0.0,0.2510229073212244,0.25190679079770756,0.27311999423330413,0.355,0.35624999999999996,0.38625,0.636396103067893,0.33322407063416065,0.38625000000000015,0.09640703125,0.05910976562499996,0.13805869140625002,0.11116868407646087,0.050185156249999995,0.036816015625000004,nan,nan,0.0,0.0,0.0,0.0
neg,2,3,212,0.24483572298584205,0.0,1.2412670766236366e-16,0.027508175763632382,0.23864853865045982,0.0,0.34624999999999995,0.0,0.0,0.03890243524107184,0.3375,0.0,0.24748737341529167,0.2598617420860563,0.24483572298584205,0.3500000000000001,0.36750000000000005,0.34624999999999995,0.4896714459716841,0.26487041511946086,0.2455383116745735,0.13681953125000001,0.10684726562500002,0.09746103515624992,0.0931336542557551,0.13820312499999998,0.10972656250000003,nan,nan,0.5,0.0,0.0,0.0
neg,2,3,213,0.20594485002058197,0.0,5.551115123125783e-17,0.02636642659405806,0.15821514229049005,0.007071067811865442,0.29125,0.0,0.0,0.03728775808063167,0.2237499999999999,0.010000000000000009,0.20152543263816602,0.20771261697354831,0.20594485002058197,0.28500000000000014,0.29374999999999996,0.29125,0.41188970004116393,0.20594485002058197,0.29125,0.14678828124999999,0.125581640625,0.18248916015625005,0.17686970017806844,0.16315703125,0.150641015625,nan,nan,0.0,0.0,0.0,0.0
neg,2,3,214,0.16617009357883858,0.0,1.5700924586837752e-16,0.01614249881425985,0.15556349186104043,0.0,0.23499999999999988,0.0,0.0,0.022828940753717886,0.21999999999999997,0.0,0.16617009357883866,0.16617009357883866,0.16617009357883866,0.23499999999999988,0.23499999999999988,0.23499999999999988,0.33234018715767716,0.16617009357883858,0.23499999999999988,0.16011250000000005,0.14630625000000005,0.19470156250000012,0.19187226984547923,0.1642,0.1521,nan,nan,0.0,0.0,0.0,0.0
neg,2,3,215,0.16970562748477153,0.0,5.551115123125783e-17,0.011360577202050005,0.33941125496954283,1.2412670766236366e-16,0.2400000000000002,0.0,0.0,0.016066282355525763,0.48,0.0,0.16970562748477136,0.16970562748477136,0.16970562748477136,0.24,0.24,0.24,0.33941125496954305,0.18620478571245766,0.17492855684535913,0.226,0.21159999999999995,0.2139062499999999,0.21326268407822727,0.23399999999999993,0.17639999999999995,nan,nan,0.5,0.0,0.0,0.0
neg,2,3,216,5.551115123125783e-17,0.0,0.0,0.13184621298737545,0.000883883476483195,0.0,0.0,0.0,0.0,0.1864587025542781,0.0012499999999999734,0.0,0.0,0.0,1.2412670766236366e-16,0.0,0.0,0.0,0.6797063934155686,0.3398531967077843,0.0,0.0003753906250000044,0.0003753906250000055,0.14428127441406252,0.09926807633240209,0.0003757812500000004,0.0003753906250000012,nan,nan,0.0,0.0,0.0,0.0
neg,2,3,217,0.11755650237226338,0.0,0.0,0.018902378986149385,0.2209708691207961,0.0,0.1662499999999998,0.0,0.0,0.026732000723328708,0.3125,0.0,0.11313708498984763,0.12197591975467943,0.11755650237226353,0.16000000000000003,0.1725,0.16625,0.3765343609818364,0.2118374065304698,0.1662499999999998,0.10731953124999999,0.10040976562500001,0.16682119140625,0.1635199790539937,0.142578125,0.1181640625,nan,nan,0.0,0.0,0.0,0.0
neg,2,3,218,0.1590990257669732,0.0,0.0,0.060494710239902424,0.31819805153394637,0.0,0.2250000000000001,0.0,0.0,0.08555243967310056,0.44999999999999996,0.0,0.15909902576697318,0.15909902576697318,0.15909902576697318,0.22499999999999998,0.22499999999999998,0.22499999999999998,0.7636753236814714,0.3818376618407357,0.22500000000000003,0.38781250000000006,0.3751562500000001,0.22800625000000002,0.2215547931825785,0.5762499999999999,0.525625,nan,nan,0.5,1.0,0.0,0.0
neg,2,3,219,0.0,0.0,1.5700924586837752e-16,0.10735929963844748,0.1016465997955662,0.0,0.0,0.0,0.0,0.15182897759556935,0.14375000000000004,0.0,1.5700924586837752e-16,0.0,1.5700924586837752e-16,0.0,0.0,0.0,0.6752869760331529,0.40732296874600077,0.0,0.6330191406249996,0.6330191406249996,0.4806388916015626,0.5475259884780365,0.6381851562499999,0.6330191406249999,nan,nan,1.0,1.0,1.0,1.0
neg,2,3,220,0.12727922061357852,0.0,5.551115123125783e-17,0.02042799625593633,0.1626345596729059,0.0,0.17999999999999994,0.0,0.0,0.028889549357251965,0.22999999999999998,0.0,0.12727922061357852,0.12727922061357852,0.12727922061357852,0.17999999999999994,0.17999999999999994,0.17999999999999994,0.43045125304731063,0.24233138646913965,0.13209844813622904,0.23372499999999996,0.225625,0.18288986816406255,0.18042601872853034,0.16145,0.148225,nan,nan,0.5,0.0,0.0,0.0
neg,2,3,221,0.15202795795510765,0.0,1.2412670766236366e-16,0.07478329665911089,0.30405591591021547,0.0,0.21499999999999986,0.0,0.0,0.10575955237428514,0.42999999999999994,0.0,0.1520279579551077,0.1520279579551077,0.1520279579551077,0.21499999999999997,0.21499999999999997,0.21499999999999997,0.6249056178736114,0.3631287949218416,0.21499999999999986,0.16561250000000002,0.15405625000000006,0.11274904785156258,0.0939791576809701,0.12745,0.08122500000000002,nan,nan,0.5,0.0,0.0,0.0
neg,2,3,222,5.551115123125783e-17,0.0,1.2412670766236366e-16,0.0403999303131159,0.3323401871576773,1.2412670766236366e-16,0.0,0.0,0.0,0.05713412936773654,0.47,0.0,1.2412670766236366e-16,1.2412670766236366e-16,1.2412670766236366e-16,0.0,0.0,0.0,0.5011619311659656,0.30597099677592904,0.0,0.07022500000000005,0.07022500000000007,0.12436643066406244,0.1169446632268451,0.12545,0.07022500000000001,nan,nan,0.0,0.0,0.0,0.0
neg,2,3,223,5.551115123125783e-17,0.0,5.551115123125783e-17,0.16640900237847644,0.003270368862987776,0.0,0.0,0.0,0.0,0.23533786806461798,0.00462499999999999,0.0,1.2412670766236366e-16,5.551115123125783e-17,1.2412670766236366e-16,0.0,0.0,0.0,0.7024221987611868,0.465084753934177,0.0,1.0972656249999054e-05,1.097265624999887e-05,0.06504890844726557,0.03197311241793563,1.632031249999995e-05,1.0972656249999606e-05,nan,nan,0.0,0.0,0.0,0.0
neg,2,3,224,0.18557513658659333,0.0,5.551115123125783e-17,0.22203757099506785,0.017659638306743424,0.0,0.26244287499999985,0.0,0.0,0.3140085442576038,0.0249744999999999,0.0,0.185579997945714,0.185579997945714,0.1855751365865934,0.26244975000000004,0.26244975000000004,0.2624428750000001,0.7662461871611703,0.43910238042452027,0.26244287499999985,0.7718960016316327,0.7546769359720663,0.45413038554575097,0.6369634213861392,0.9752870003251249,0.9751310689125626,nan,nan,1.0,1.0,1.0,1.0
neg,2,3,225,0.471551834703779,0.0,5.551115123125783e-17,0.1512853094296189,0.44901280605345767,0.0,0.6668750000000001,0.0,0.0,0.21394973638317738,0.635,0.0,0.43840620433565947,0.4728776599185036,0.47155183470377887,0.6200000000000001,0.66875,0.6668750000000001,0.943103669407558,0.5281203771987028,0.4897165155730406,0.2360986328125001,0.12491806640625006,0.13448264160156248,0.09768519073069146,0.21471250000000003,0.11390625000000001,nan,nan,0.5,0.0,0.0,0.0
neg,2,3,226,0.0,0.0,5.551115123125783e-17,0.16100789024412435,4.163336342344337e-17,0.004118897000411657,0.0,0.0,0.0,0.22769954203231935,0.0,0.005824999999999969,5.551115123125783e-17,5.551115123125783e-17,0.0,0.0,0.0,0.0,0.7001064240528007,0.46348492484174236,0.0,0.00035156250000000167,0.00035156250000000167,0.06549760562499998,0.033582068692521075,0.00035156250000000085,0.00035156250000000167,nan,nan,0.0,0.0,0.0,0.0
neg,2,3,227,0.0,0.0,0.0,0.022495550334263946,0.3535533905932738,0.0,0.0,0.0,0.0,0.03181351237576269,0.5,0.0,0.0,0.0,0.0,0.0,0.0,0.0,0.4419417382415922,0.2209708691207961,0.0,0.5625,0.5625,0.299072265625,0.30368976368273004,0.625,0.5625,nan,nan,1.0,1.0,1.0,1.0
neg,2,3,228,0.16440232662587226,0.0,0.0,0.015764990003241563,0.1767766952966369,0.0,0.23249999999999993,0.0,0.0,0.022295062673260535,0.25,0.0,0.16617009357883866,0.16617009357883866,0.16440232662587229,0.235,0.235,0.23249999999999993,0.3288046532517445,0.16440232662587226,0.23249999999999993,0.16077812500000002,0.14726406250000001,0.195253515625,0.1925173273079123,0.15625,0.140625,nan,nan,0.5,0.0,0.0,0.0
neg,2,3,229,0.021213203435596444,0.0,0.0,0.012354464672974175,0.0,0.0,0.030000000000000027,0.0,0.0,0.01747185149637942,0.0,0.0,0.021213203435596444,0.021213203435596444,0.021213203435596444,0.030000000000000027,0.030000000000000027,0.030000000000000027,0.3509017401638244,0.18252193789377769,0.030000000000000027,0.23545,0.235225,0.26057834472656255,0.26160864886415447,0.25,0.25,nan,nan,0.5,0.0,1.0,1.0
neg,2,3,230,0.29875261505131623,0.0,0.0,0.07842244548380274,0.31819805153394637,1.5700924586837752e-16,0.4224999999999999,0.0,0.0,0.1109060859976585,0.44999999999999996,0.0,0.29875261505131634,0.29875261505131634,0.29875261505131634,0.4225,0.4225,0.4225,0.6408155204503087,0.40879610787347276,0.37799636241635975,0.15769062499999995,0.11306406249999996,0.10031076660156246,0.08634123155423139,0.12625,0.07562500000000001,nan,nan,0.5,0.0,0.0,0.0
neg,2,3,231,0.0,0.0,1.1102230246251565e-16,0.05162908508504389,0.005833630944789066,0.0,0.0,0.0,0.0,0.0730145523401835,0.00824999999999998,0.0,0.0,0.0,5.551115123125783e-17,0.0,0.0,0.0,0.3664580893499283,0.2104526557506462,0.0,0.0001182656249999993,0.0001182656249999993,0.027753477539062495,0.018586133121735925,0.0001352812500000002,0.00011826562499999991,nan,nan,0.0,0.0,0.0,0.0
neg,2,3,232,0.20461902480585714,0.0,5.551115123125783e-17,0.02294214542706385,0.15556349186104043,1.5700924586837752e-16,0.28937499999999994,0.0,0.0,0.032445093212889575,0.21999999999999997,0.0,0.20152543263816608,0.20152543263816608,0.20461902480585714,0.28500000000000014,0.28500000000000014,0.28937499999999994,0.4092380496117143,0.23231404040233028,0.20820006153937604,0.14718144531250002,0.12624697265625,0.15862795410156244,0.1544049793957406,0.1642,0.1521,nan,nan,0.0,0.0,0.0,0.0
neg,2,3,233,0.0,0.0,5.551115123125783e-17,0.14153926255120328,0.14495689014324226,5.551115123125783e-17,0.0,0.0,0.0,0.20016674470819806,0.20500000000000007,0.0,0.0,0.0,1.5700924586837752e-16,0.0,0.0,0.0,1.050937453538506,0.5785017353582441,0.0,0.6683062499999999,0.6683062499999999,0.17365451660156253,0.16197749289377336,0.6788125,0.66830625,nan,nan,1.0,1.0,0.0,0.0
neg,2,3,234,0.19931572394695798,0.0,5.551115123125783e-17,0.21758255455997294,0.16882174400828823,0.0,0.2818749999999999,0.0,0.0,0.3077081995944977,0.23875000000000002,0.0,0.2315774708385943,0.2280419369326615,0.1993157239469581,0.3275000000000001,0.3224999999999998,0.2818749999999999,1.0915960934567326,0.5457980467283662,0.2818749999999999,0.4306642578124999,0.41080087890624994,0.20067600097656252,0.1325835461364357,0.39787578125,0.383625390625,nan,nan,1.0,1.0,0.0,0.0
neg,2,3,235,0.16617009357883875,0.0,5.551115123125783e-17,0.09325282123838319,0.049497474683058366,0.0,0.2350000000000001,0.0,0.0,0.13187940452487534,0.07000000000000006,0.0,0.16617009357883872,0.16617009357883872,0.16617009357883872,0.2350000000000001,0.2350000000000001,0.2350000000000001,0.8617863895711048,0.4638915112409246,0.2350000000000001,0.3358625,0.32205625,0.14451877441406247,0.127808245244373,0.37945,0.378225,nan,nan,0.5,1.0,0.0,0.0
neg,2,3,236,0.011048543456039806,0.0,1.5700924586837752e-16,0.046032059839984464,0.19622213177926698,0.0,0.015625,0.0,0.0,0.06509916332967591,0.2775000000000001,0.0,0.10429825022501577,0.009722718241315017,0.011048543456039806,0.14749999999999996,0.013749999999999929,0.015625,0.5444722215136416,0.3098011585073561,0.015625,0.2423095703125,0.24224853515625,0.12680275878906241,0.1162799672060406,0.149753125,0.13050156249999997,nan,nan,0.0,0.0,0.0,0.0
neg,2,3,237,0.12418562844588735,0.0,5.551115123125783e-17,0.0647673634360618,0.2934493141924172,0.0,0.17562499999999992,0.0,0.0,0.0915948837704259,0.41500000000000004,0.0,0.11490485194281388,0.12109203627819619,0.12418562844588735,0.16249999999999987,0.1712499999999999,0.17562499999999992,0.5983891135791158,0.3575308662374481,0.17562499999999992,0.03483300781249999,0.027121972656249996,0.11045236816406245,0.09593405184914655,0.1257125,0.08265625000000006,nan,nan,0.0,0.0,0.0,0.0
neg,2,3,238,0.17147339443773774,0.0,0.0,0.020265455328497214,0.34294678887547553,0.0,0.24249999999999994,0.0,0.0,0.028659681773226864,0.4849999999999999,0.0,0.17147339443773774,0.17147339443773774,0.17147339443773774,0.24249999999999994,0.24249999999999994,0.24249999999999994,0.3429467888754755,0.22273863607376243,0.22114757516192662,0.158153125,0.14345156250000002,0.14726406250000001,0.14461457557362567,0.1251125,0.06630625000000004,nan,nan,0.0,0.0,0.0,0.0
neg,2,3,239,0.0,0.0,5.551115123125783e-17,0.03128342499278985,0.0,0.0,0.0,0.0,0.0,0.044241443902284905,0.0,0.0,0.0,0.0,0.0,0.0,0.0,0.0,0.44547727214752486,0.2250956586777176,0.0,0.25,0.25,0.17535156249999997,0.16819551015955514,0.25,0.25,nan,nan,0.5,0.5,0.0,0.0
neg,2,3,240,0.3106850419838394,0.0,1.5700924586837752e-16,0.07683559140593428,0.3128947506750473,0.0,0.43937500000000007,0.0,0.0,0.10866193543922986,0.4425,0.0,0.31466251762801367,0.3058236828631818,0.3106850419838394,0.44500000000000006,0.4325,0.43937500000000007,0.6213700839676788,0.38537319574666845,0.3397293270016588,0.1268376953125,0.07857509765624998,0.09668212890625005,0.08057566663001993,0.126653125,0.07770156250000003,nan,nan,0.5,0.0,0.0,0.0
neg,2,3,241,0.3204077602251543,0.0,1.2412670766236366e-16,0.11263587207645383,0.3128947506750473,0.017677669529663705,0.453125,0.0,0.0,0.15929117790024194,0.4425,0.02499999999999991,0.3235013523928455,0.3173141680574632,0.32040776022515427,0.4575,0.44875,0.4531249999999999,0.8670896904300042,0.4874617372804763,0.32042269445998983,0.1260986328125,0.07476806640625,0.13655334472656255,0.11166050238096997,0.126653125,0.07770156250000003,nan,nan,0.5,0.0,0.0,0.0
neg,2,3,242,0.053033008588991036,0.0,5.551115123125783e-17,0.016474957587705556,0.03889087296526011,0.08131727983645295,0.07499999999999996,0.0,0.0,0.023299108460054674,0.05499999999999994,0.11499999999999999,0.033587572106361034,0.03977475644174335,0.05303300858899107,0.047499999999999876,0.05624999999999991,0.07500000000000018,0.37299882707590376,0.2189084743423353,0.07499999999999996,0.10703125000000005,0.10562500000000004,0.18089072265624997,0.17921300614097577,0.06451250000000001,0.06375625000000003,nan,nan,0.0,0.0,0.0,0.0
neg,2,3,243,0.0,0.0,0.0,0.0011162980323815594,0.0,0.0,0.0,0.0,0.0,0.0015786838170444017,0.0,0.0,0.0,0.0,0.0,0.0,0.0,0.0,0.08573669721886878,0.05480077554195741,0.0,0.25,0.25,0.22296103515625,0.22291817490976723,0.25,0.25,nan,nan,0.5,0.5,0.0,0.0
neg,2,3,244,0.20859650045003147,0.0,0.0,0.04333943175095378,0.1608667927199396,0.0,0.29499999999999993,0.0,0.0,0.061291212167742026,0.22750000000000004,0.0,0.21920310216782968,0.21036426740299788,0.20859650045003153,0.31000000000000005,0.2974999999999999,0.29499999999999993,0.6434671708797584,0.3217335854398791,0.29499999999999993,0.4410124999999999,0.41925624999999994,0.28488906249999996,0.2921406906179583,0.38962812500000005,0.3766890625,nan,nan,1.0,1.0,1.0,1.0
neg,2,3,245,0.0,0.0,1.5700924586837752e-16,5.0755804968497355e-06,0.0,0.005303300858899111,0.0,0.0,0.0,7.177954775561268e-06,0.0,0.00749999999999984,0.0,0.0,0.0,0.0,0.0,0.0,0.006187184335382316,0.0030935921676911574,0.0,0.25,0.25,0.2489074462890626,0.24890742801023602,0.25,0.25,nan,nan,0.5,0.5,0.0,0.0
neg,2,3,246,0.06805902768920516,0.0,1.2412670766236366e-16,0.005286783573266731,0.08220116331293616,0.0,0.09624999999999995,0.0,0.0,0.007476641030645048,0.11624999999999996,0.0,0.08308504678941929,0.053033008588991036,0.06805902768920528,0.11749999999999994,0.07499999999999996,0.09624999999999995,0.24218407255639274,0.12109203627819637,0.09624999999999995,0.20650703125000003,0.20419101562500003,0.24471572265624997,0.24459670331592676,0.31488203124999997,0.311503515625,nan,nan,0.0,0.0,0.0,0.0
neg,2,3,247,0.0,0.0,0.0,0.006140342100286281,0.0,0.0,0.0,0.0,0.0,0.008683755075835409,0.0,0.0,0.0,0.0,0.0,0.0,0.0,0.0,0.21124815087948112,0.10562407543974056,0.0,0.25,0.25,0.21405080566406248,0.21334377875989702,0.25,0.25,nan,nan,0.5,0.5,0.0,0.0
neg,2,3,248,0.15291184143159095,0.0,1.5700924586837752e-16,0.013449353918045344,0.1767766952966369,0.0,0.21625000000000005,0.0,0.0,0.019020258716055505,0.25,0.0,0.16617009357883866,0.16617009357883866,0.15291184143159095,0.235,0.235,0.21625000000000005,0.3058236828631819,0.15291184143159095,0.21625000000000005,0.38150703125,0.36981601562500005,0.30698525390625014,0.309712405947764,0.40625,0.390625,nan,nan,0.5,1.0,1.0,1.0
neg,2,3,249,0.0,0.0,5.551115123125783e-17,0.11251517071719094,0.031819805153394616,0.0,0.0,0.0,0.0,0.1591204804009756,0.04499999999999993,0.0,0.0,0.0,1.5700924586837752e-16,0.0,0.0,0.0,0.9369164850721753,0.4684582425360877,0.0,0.8510062499999997,0.8510062499999997,0.297706640625,0.3299423570368923,0.8515125,0.85100625,nan,nan,1.0,1.0,1.0,1.0
neg,2,3,250,0.0,0.0,5.551115123125783e-17,0.026961921134830355,0.0,0.0,0.0,0.0,0.0,0.038129914536510934,0.0,0.0,0.0,0.0,0.0,0.0,0.0,0.0,0.5250267850310116,0.2625133925155058,0.0,0.25,0.25,0.2733329101562499,0.2762156403389392,0.25,0.25,nan,nan,0.5,0.5,1.0,1.0
neg,2,3,251,0.09899494936611673,0.0,1.5700924586837752e-16,0.04047462646338121,0.0,0.0,0.14000000000000012,0.0,0.0,0.05723976567649869,0.0,0.0,0.09899494936611662,0.09899494936611662,0.09899494936611662,0.14000000000000012,0.14000000000000012,0.14000000000000012,0.6151828996322964,0.3075914498161482,0.14000000000000007,0.18979999999999997,0.18489999999999995,0.29025156249999984,0.2979114057340768,0.25,0.25,nan,nan,0.0,0.0,1.0,1.0
neg,2,3,252,0.4034928070145738,0.0,0.0,0.07952902172309587,0.26251339251550576,0.0,0.5706250000000002,0.0,0.0,0.11247102112306662,0.37124999999999997,0.0,0.4083541661352313,0.4110058165646808,0.40349280701457374,0.5775000000000001,0.58125,0.5706250000000002,0.8069856140291476,0.44120516867785636,0.4095657952331959,0.23325957031250003,0.15185634765624997,0.16389846191406246,0.14980933737850963,0.13328828125,0.09883164062499998,nan,nan,0.5,0.0,0.0,0.0
neg,2,3,253,0.17766057877312005,0.0,0.0,0.028083229544913303,0.2907976637629677,0.012374368670764553,0.25125,0.0,0.0,0.03971568409765325,0.41125,0.01750000000000007,0.1767766952966368,0.17942834572608635,0.17766057877312005,0.25,0.2537499999999999,0.25125,0.3623922253581054,0.1965167596047612,0.19726647586450158,0.05755078125000004,0.041769140625000034,0.06359853515625001,0.05713013288508438,0.12893828125,0.08665664062500003,nan,nan,0.0,0.0,0.0,0.0
neg,2,3,254,0.050381358159541534,0.0,5.551115123125783e-17,0.03148118752575035,0.2068287334970652,0.0,0.07125000000000004,0.0,0.0,0.0445211223585269,0.2925000000000001,0.0,0.09015611460128477,0.06363961030678934,0.050381358159541534,0.12749999999999995,0.09000000000000008,0.07125000000000004,0.540936687607709,0.28785138550802375,0.07125000000000004,0.37260703125,0.371337890625,0.24533447265625005,0.24178574769017058,0.435803125,0.41441406250000007,nan,nan,1.0,1.0,0.0,0.0
neg,2,3,255,0.0,0.0,1.5700924586837752e-16,0.047819850367507806,0.0,0.0,0.0,0.0,0.0,0.06762748094038162,0.0,0.0,0.0,0.0,0.0,0.0,0.0,0.0,0.6814741603685353,0.3407370801842677,0.0,0.25,0.25,0.27875100097656236,0.28549869719845455,0.25,0.25,nan,nan,0.5,0.5,1.0,1.0
neg,2,3,256,0.12772116235182002,0.0,5.551115123125783e-17,0.05217899808156992,0.2625133925155058,0.0,0.1806249999999998,0.0,0.0,0.0737922467579959,0.3712500000000001,0.0,0.1325825214724776,0.1352341719019272,0.1277211623518201,0.1875,0.19124999999999992,0.18062500000000004,0.5594982406138557,0.3304251062919638,0.1806249999999998,0.046059570312499985,0.037903222656250006,0.12064768066406255,0.10926759426208998,0.13328828125,0.09883164062499998,nan,nan,0.0,0.0,0.0,0.0
neg,2,3,257,0.04242640687119289,0.0,1.5700924586837752e-16,0.05741141742154328,0.08485281374238571,0.00530330085889915,0.06000000000000005,0.0,0.0,0.08119200515260949,0.12,0.007500000000000062,0.04242640687119289,0.04242640687119289,0.04242640687119289,0.06000000000000005,0.06000000000000005,0.06000000000000005,0.7539526054401564,0.39111843834380916,0.06000000000000005,0.2218,0.22089999999999999,0.22726076660156236,0.22612878343378268,0.1972,0.19359999999999997,nan,nan,0.5,0.0,0.0,0.0
neg,2,3,258,0.1714733944377379,0.0,5.551115123125783e-17,0.04951893338160149,0.0,0.0,0.24250000000000016,0.0,0.0,0.07003034718251056,0.0,0.0,0.17147339443773776,0.17147339443773776,0.17147339443773776,0.24250000000000016,0.24250000000000016,0.24250000000000016,0.5444722215136416,0.3293939089027334,0.2425000000000001,0.15815312499999995,0.14345156249999994,0.11773476562499993,0.10780935030819287,0.25,0.25,nan,nan,0.0,0.0,0.0,0.0
neg,2,3,259,0.0,0.0,1.5700924586837752e-16,0.0233785021655196,0.0,0.0,0.0,0.0,0.0,0.03306219483044659,0.0,0.0,0.0,0.0,0.0,0.0,0.0,0.0,0.4092380496117143,0.22033250883222485,0.0,0.25,0.25,0.16891243760850705,0.16417849085143257,0.25,0.25,nan,nan,0.5,0.5,0.0,0.0
neg,2,3,260,0.3005203820042827,0.0,5.551115123125783e-17,0.06300852634392246,0.29698484809834996,0.0,0.42500000000000004,0.0,0.0,0.08910751250071758,0.42000000000000004,0.0,0.30052038200428266,0.30052038200428266,0.30052038200428266,0.42500000000000004,0.42500000000000004,0.42500000000000004,0.7371588193869758,0.41807688437654617,0.3005411785429744,0.2976625000000001,0.25250625000000004,0.1803594726562501,0.1772599557194776,0.1282,0.08410000000000002,nan,nan,0.5,1.0,0.0,0.0
neg,2,3,261,0.10429825022501574,0.0,0.0,0.005981413965651312,0.2660489264214385,1.2412670766236366e-16,0.14749999999999996,0.0,0.0,0.008458996752391812,0.37625,0.0,0.09369164850721752,0.11755650237226349,0.10429825022501574,0.13249999999999995,0.16625,0.14749999999999996,0.20859650045003147,0.10429825022501575,0.14749999999999996,0.33462812499999994,0.32918906249999996,0.288234765625,0.2890249227366346,0.5089070312499999,0.473516015625,nan,nan,0.5,1.0,1.0,1.0
neg,2,3,262,0.34427261409020027,0.0,0.0,0.047432035929373645,0.5117685328837638,0.0,0.48687499999999995,0.0,0.0,0.0670790285022882,0.7237499999999999,0.0,0.34294678887547553,0.34294678887547553,0.34427261409020027,0.4849999999999999,0.4849999999999999,0.48687499999999995,0.6885452281804005,0.3616556557943696,0.34439768527822595,0.31586738281250004,0.25660556640625004,0.2721904541015625,0.2717799269506796,0.53815703125,0.40720351562500007,nan,nan,0.5,1.0,1.0,1.0
neg,2,3,263,0.0,0.0,5.551115123125783e-17,0.036353905000159906,0.0,0.0,0.0,0.0,0.0,0.051412185496449214,0.0,0.0,0.0,0.0,0.0,0.0,0.0,0.0,0.6169506665852628,0.3084753332926314,0.0,0.25,0.25,0.24906337890624997,0.24890286755479554,0.25,0.25,nan,nan,0.5,0.5,0.0,0.0
neg,2,3,264,0.14849242404917495,0.0,1.5700924586837752e-16,0.06568947311044897,0.15556349186104043,0.0,0.20999999999999996,0.0,0.0,0.09289894377793972,0.21999999999999997,0.0,0.13081475451951133,0.13965358928434315,0.14849242404917495,0.18500000000000005,0.1975,0.20999999999999996,0.7495331880577402,0.42426406871192834,0.20999999999999996,0.37705,0.366025,0.34809999999999985,0.3574248585924973,0.3842,0.3721,nan,nan,1.0,1.0,1.0,1.0
neg,2,3,265,0.1772186370348784,0.0,1.2412670766236366e-16,0.06449116963341357,0.19091883092036785,0.0,0.2506249999999999,0.0,0.0,0.09120428674887737,0.27,0.0,0.17854446224960321,0.17854446224960321,0.17721863703487847,0.25249999999999995,0.25249999999999995,0.250625,0.7645592071579544,0.41999196524225973,0.2506249999999999,0.4583439453124999,0.44264072265625,0.24025314941406253,0.24440193631978546,0.52945,0.5112250000000002,nan,nan,1.0,1.0,0.0,0.0
neg,2,3,266,5.551115123125783e-17,0.0,5.551115123125783e-17,0.04647935467013195,0.11313708498984758,1.2412670766236366e-16,0.0,0.0,0.0,0.06573173374484986,0.15999999999999992,0.0,1.2412670766236366e-16,1.2412670766236366e-16,1.2412670766236366e-16,0.0,0.0,0.0,0.6611448404094219,0.36749910766667515,0.0,0.3364000000000001,0.3364000000000001,0.2565000434027779,0.2575822782348606,0.34279999999999994,0.3364,nan,nan,1.0,1.0,1.0,1.0
neg,2,3,267,0.0,0.0,5.551115123125783e-17,0.013792391569556745,0.0,0.0,0.0,0.0,0.0,0.019505387215227543,0.0,0.0,0.0,0.0,0.0,0.0,0.0,0.0,0.32703688629877814,0.1835531352830079,0.0,0.25,0.25,0.33531337890625,0.33827442592949125,0.25,0.25,nan,nan,0.5,0.5,1.0,1.0
neg,2,3,268,0.09545941546018392,0.0,1.5700924586837752e-16,0.026355529599488583,0.19091883092036782,0.0,0.135,0.0,0.0,0.03727234740312224,0.27,0.0,0.09545941546018392,0.09545941546018392,0.09545941546018392,0.135,0.135,0.135,0.517955717219146,0.25897785860957295,0.135,0.1916125,0.18705625,0.27464150390624986,0.27760571128771866,0.15145,0.13322499999999998,nan,nan,0.5,0.0,1.0,1.0
neg,2,3,269,0.3005203820042828,0.0,1.5700924586837752e-16,0.03802562946567215,0.24748737341529164,1.5700924586837752e-16,0.42500000000000027,0.0,0.0,0.05377636090812754,0.35,0.0,0.3005203820042827,0.3005203820042827,0.3005203820042827,0.42500000000000004,0.42500000000000004,0.42500000000000004,0.6010407640085658,0.3005203820042829,0.3175295261861487,0.22791250000000007,0.18275624999999998,0.2150640625000001,0.20935494235702565,0.13625,0.10562499999999997,nan,nan,0.5,0.0,0.0,0.0
neg,2,3,270,0.0512652416360247,0.0,5.551115123125783e-17,0.001405674800885323,0.1767766952966369,0.0,0.07250000000000001,0.0,0.0,0.001987924367698124,0.25,0.0,0.04596194077712555,0.053033008588991036,0.0512652416360247,0.06499999999999995,0.07499999999999996,0.07250000000000001,0.1025304832720494,0.0512652416360247,0.07250000000000001,0.21637812499999998,0.2150640625,0.23220351562500005,0.23212230066868952,0.15625,0.140625,nan,nan,0.5,0.0,0.0,0.0
neg,2,3,271,0.049497474683058366,0.0,5.551115123125783e-17,0.0013096423121081212,0.0,0.0,0.07000000000000006,0.0,0.0,0.0018521139196410186,0.0,0.0,0.049497474683058366,0.049497474683058366,0.049497474683058366,0.07000000000000006,0.07000000000000006,0.07000000000000006,0.09899494936611673,0.049497474683058366,0.07000000000000006,0.28745000000000004,0.286225,0.2678062500000001,0.26788470806171566,0.25,0.25,nan,nan,1.0,1.0,1.0,1.0
neg,2,3,272,0.18384776310850237,0.0,5.551115123125783e-17,0.0226364247337453,0.15556349186104043,0.0,0.26,0.0,0.0,0.03201273886210032,0.21999999999999997,0.0,0.18384776310850237,0.17500892834367046,0.18384776310850237,0.26,0.24750000000000005,0.26,0.42426406871192857,0.21213203435596428,0.26,0.4138,0.39690000000000003,0.30802499999999994,0.313297182416653,0.3842,0.3721,nan,nan,1.0,1.0,1.0,1.0
neg,2,3,273,0.0,0.0,0.0,0.0632860313250722,0.0,0.0,0.0,0.0,0.0,0.08949996380868563,0.0,0.0,0.0,0.0,0.0,0.0,0.0,0.0,0.5718726092846202,0.2859363046423101,0.0,0.25,0.25,0.15912619628906252,0.14092619720234276,0.25,0.25,nan,nan,0.5,0.5,0.0,0.0
neg,2,3,274,0.29786873157483323,0.0,0.0,0.03521757878101072,0.48967144597168416,1.5700924586837752e-16,0.4212500000000001,0.0,0.0,0.049805177546048296,0.6924999999999999,0.0,0.29168154723945083,0.29168154723945083,0.2978687315748331,0.4125000000000001,0.4125000000000001,0.4212500000000001,0.5957374631496665,0.31849267935944087,0.30180964613477823,0.3299195312500001,0.285556640625,0.29058837890625,0.29249372064300616,0.534303125,0.41441406250000007,nan,nan,0.5,1.0,1.0,1.0
neg,2,3,275,0.0,0.0,1.2412670766236366e-16,0.12523677026008947,1.734723475976807e-17,0.0,0.0,0.0,0.0,0.17711153900962195,0.0,0.0,0.0,0.0,0.0,0.0,0.0,0.0,0.6788225099390857,0.35001785668734103,0.0,0.0004000000000000007,0.0004000000000000007,0.13597656249999995,0.09421959576620849,0.0004000000000000004,0.0004000000000000007,nan,nan,0.0,0.0,0.0,0.0
neg,2,3,276,0.17642314190604363,0.0,5.551115123125783e-17,0.06949609665091148,0.35284628381208716,0.0,0.24950000000000006,0.0,0.0,0.09828232241571044,0.4990000000000001,0.0,0.17642314190604363,0.17642314190604363,0.17642314190604363,0.24950000000000006,0.24950000000000006,0.24950000000000006,0.6920807620863333,0.4048480950118478,0.24950000000000006,0.15637512499999998,0.1408125625,0.12800742285156247,0.11455496815264896,0.1250005,0.06275024999999998,nan,nan,0.0,0.0,0.0,0.0
neg,2,3,277,0.2969848480983499,0.0,0.0,0.07172547041016501,0.29698484809834996,5.551115123125783e-17,0.41999999999999993,0.0,0.0,0.10143513302164553,0.42000000000000004,0.0,0.29698484809834996,0.29698484809834996,0.29698484809834996,0.41999999999999993,0.41999999999999993,0.41999999999999993,0.5939696961966998,0.2969848480983499,0.41999999999999993,0.1282,0.08410000000000002,0.15602500000000002,0.13464887706383555,0.1282,0.08410000000000002,nan,nan,0.5,0.0,0.0,0.0
neg,2,3,278,0.06363961030678918,0.0,5.551115123125783e-17,0.03311447188205279,0.0,0.0,0.08999999999999986,0.0,0.0,0.04683093524642157,0.0,0.0,0.0636396103067893,0.0636396103067893,0.0636396103067893,0.08999999999999986,0.08999999999999986,0.08999999999999986,0.5365172702252927,0.26825863511264636,0.08999999999999986,0.2990499999999999,0.29702499999999993,0.20264064941406254,0.19646827194632915,0.25,0.25,nan,nan,1.0,1.0,0.0,0.0
neg,2,3,279,0.29831067331307476,0.0,5.551115123125783e-17,0.0975822298948907,0.2996364985277995,0.0,0.421875,0.0,0.0,0.1380021129639637,0.42374999999999996,0.0,0.3022881489572491,0.2996364985277995,0.29831067331307476,0.4275,0.42375000000000007,0.421875,0.8441087200414412,0.42205436002072055,0.421875,0.1280517578125,0.08355712890625,0.19209045410156247,0.16634309715482726,0.12790703125,0.08301601562499998,nan,nan,0.5,0.0,0.0,0.0
neg,2,3,280,0.0,0.0,0.0,0.05411486815866543,0.0,0.0,0.0,0.0,0.0,0.07652998047601667,0.0,0.0,0.0,0.0,0.0,0.0,0.0,0.0,0.7371588193869761,0.368579409693488,0.0,0.25,0.25,0.24224853515625,0.24018266554759396,0.25,0.25,nan,nan,0.5,0.5,0.0,0.0
neg,2,3,281,0.0,0.0,0.0,0.0005847024876759909,0.10606601717798214,1.5700924586837752e-16,0.0,0.0,0.0,0.0008268941880247294,0.15000000000000002,0.0,0.0,0.0,0.0,0.0,0.0,0.0,0.06629126073623882,0.03314563036811941,0.0,0.25,0.25,0.2618560791015625,0.2618792433289788,0.33625000000000005,0.33062499999999995,nan,nan,0.5,0.5,1.0,1.0
neg,2,3,282,0.0,0.0,5.551115123125783e-17,0.07115726329998068,0.0,0.0,0.0,0.0,0.0,0.10063156682018604,0.0,0.0,0.0,0.0,0.0,0.0,0.0,0.0,0.6045762979144981,0.3170195402319688,0.0,0.25,0.25,0.14250624999999997,0.12160998135245206,0.25,0.25,nan,nan,0.5,0.5,0.0,0.0
neg,2,3,283,0.024748737341529263,0.0,0.0,0.05036144462963973,0.29698484809834996,0.0,0.03500000000000014,0.0,0.0,0.07122183801593818,0.42000000000000004,0.0,0.024748737341529145,0.024748737341529145,0.024748737341529145,0.03500000000000014,0.03500000000000014,0.03500000000000014,0.6434671708797584,0.37123106012293744,0.03500000000000009,0.5295625000000002,0.5292562500000001,0.31500156250000005,0.3156925222432388,0.5482,0.5041,nan,nan,1.0,1.0,1.0,1.0
neg,2,3,284,0.08175922157469447,0.0,5.551115123125783e-17,0.0036235638550140624,0.10606601717798214,0.0,0.11562499999999987,0.0,0.0,0.005124493147885767,0.15000000000000002,0.0,0.06540737725975558,0.06540737725975558,0.08175922157469451,0.09249999999999992,0.09249999999999992,0.11562499999999987,0.16351844314938893,0.08175922157469447,0.11562499999999987,0.19887207031250004,0.19552978515625005,0.2219293212890626,0.22160174321314155,0.18625,0.18062500000000004,nan,nan,0.5,0.0,0.0,0.0
neg,2,3,285,0.13390834668720245,0.0,5.551115123125783e-17,0.017668773964905116,0.11225320151336442,1.2412670766236366e-16,0.18937500000000007,0.0,0.0,0.024987419771673403,0.15874999999999995,0.0,0.13081475451951124,0.13700193885489356,0.13390834668720242,0.18499999999999994,0.19374999999999998,0.18937499999999996,0.43045125304731086,0.21522562652365543,0.18937500000000002,0.17324394531249998,0.16427822265624997,0.23175197753906254,0.23037460435877408,0.18322578125,0.176925390625,nan,nan,0.5,0.0,0.0,0.0
neg,2,3,286,0.04551999903888401,0.0,0.0,0.004972953827112177,0.15556349186104043,0.0,0.06437500000000007,0.0,0.0,0.007032818747357172,0.21999999999999997,0.0,0.033587572106361,0.033587572106361,0.04551999903888409,0.04749999999999999,0.04749999999999999,0.06437500000000007,0.19798989873223344,0.11681993280852761,0.06437500000000007,0.15484707031249995,0.15381103515624994,0.19899963378906246,0.1985536269688816,0.1642,0.1521,nan,nan,0.0,0.0,0.0,0.0
neg,2,3,287,0.0,0.0,5.551115123125783e-17,0.016566442888991263,0.0,0.0,0.0,0.0,0.0,0.023428488213890764,0.0,0.0,0.0,0.0,0.0,0.0,0.0,0.0,0.3464823227814084,0.1803122292025697,0.0,0.25,0.25,0.18597656249999991,0.1829814169959173,0.25,0.25,nan,nan,0.5,0.5,0.0,0.0
neg,2,3,288,0.049497474683058366,0.0,5.551115123125783e-17,0.07848839634280509,0.09899494936611666,0.0,0.07000000000000006,0.0,0.0,0.11099935459690968,0.14,0.0,0.049497474683058366,0.049497474683058366,0.049497474683058366,0.07000000000000006,0.07000000000000006,0.07000000000000006,0.6213700839676787,0.32718420021152544,0.07000000000000006,0.21744999999999998,0.21622499999999997,0.13887268066406244,0.11534741231203993,0.1898,0.18489999999999995,nan,nan,0.5,0.0,0.0,0.0
neg,2,3,289,0.3124528089368057,0.0,1.2412670766236366e-16,0.11066700072085049,0.29698484809835,0.0017677669529663704,0.441875,0.0,0.0,0.15650677332657992,0.41999999999999993,0.0024999999999999467,0.3040559159102154,0.3102431002455977,0.3124528089368057,0.42999999999999994,0.43875,0.441875,0.8582508556651721,0.429125427832586,0.441875,0.1266892578125,0.07787587890625,0.18557248535156243,0.15349538313372452,0.1282,0.08410000000000001,nan,nan,0.0,0.0,0.0,0.0
neg,2,3,290,0.27798135335396146,0.0,1.2412670766236366e-16,0.05237085588144528,0.26604892642143846,0.0,0.39312499999999995,0.0,0.0,0.07406357466062674,0.37625,0.0,0.2775394116157199,0.2748877611862703,0.27798135335396146,0.39250000000000007,0.38874999999999993,0.39312499999999995,0.5559627067079229,0.33572840715086283,0.2862970758233482,0.13071113281250002,0.09207431640625002,0.11591896972656243,0.10519259010209558,0.13265703125,0.09726601562500001,nan,nan,0.0,0.0,0.0,0.0
neg,2,3,291,0.3500178566873411,0.0,0.0,0.04920315108338582,0.15556349186104043,0.0,0.4950000000000001,0.0,0.0,0.06958376357361673,0.21999999999999997,0.0,0.35001785668734103,0.35001785668734103,0.35001785668734103,0.4950000000000001,0.4950000000000001,0.4950000000000001,0.7000357133746822,0.3500178566873411,0.3540127116361785,0.35016250000000015,0.2889062500000001,0.26910156250000006,0.2737606489505319,0.3842,0.3721,nan,nan,0.5,1.0,1.0,1.0
neg,2,3,292,0.053033008588991036,0.0,5.551115123125783e-17,0.0014116735987655968,0.10606601717798214,0.0,0.07499999999999996,0.0,0.0,0.0019964079490182307,0.15000000000000002,0.0,0.053033008588991036,0.053033008588991036,0.053033008588991036,0.07499999999999996,0.07499999999999996,0.07499999999999996,0.10606601717798207,0.06290304074305328,0.05339270783543388,0.2903125,0.28890625,0.2800724853515626,0.280151606987504,0.33625000000000005,0.33062499999999995,nan,nan,0.5,1.0,1.0,1.0
neg,2,3,293,0.07424621202458748,0.0,1.5700924586837752e-16,0.036550034588912345,0.056568542494923775,1.5700924586837752e-16,0.10499999999999998,0.0,0.0,0.05168955462084557,0.08000000000000007,0.0,0.07424621202458748,0.07424621202458748,0.07424621202458748,0.10499999999999998,0.10499999999999998,0.10499999999999998,0.6010407640085651,0.3252691193458117,0.10499999999999998,0.2030125,0.20025625,0.2139062499999999,0.2132347942131169,0.2132,0.21159999999999995,nan,nan,0.0,0.0,0.0,0.0
neg,2,3,294,0.14495689014324228,0.0,1.2412670766236366e-16,0.016998635405016557,0.14142135623730953,5.551115123125783e-17,0.20500000000000007,0.0,0.0,0.02403970073160988,0.19999999999999996,0.0,0.14495689014324226,0.14495689014324226,0.14495689014324226,0.20500000000000007,0.20500000000000007,0.20500000000000007,0.35001785668734103,0.21389980130893063,0.1697792684634965,0.16851249999999998,0.15800624999999996,0.14203476562500003,0.13973146870918357,0.0884,0.0784,nan,nan,0.0,0.0,0.0,0.0
neg,2,3,295,0.34051610931514675,0.0,0.0,0.133679233151271,0.34117902192250915,0.0,0.4815624999999999,0.0,0.0,0.18905098453016245,0.48249999999999993,0.0,0.34117902192250915,0.34117902192250915,0.3405161093151468,0.48249999999999993,0.48249999999999993,0.4815624999999999,0.6810322186302935,0.34051610931514675,0.4815624999999999,0.125169970703125,0.06719436035156252,0.14410327758789065,0.09836431456068816,0.125153125,0.06695156250000002,nan,nan,0.0,0.0,0.0,0.0
neg,2,3,296,0.16617009357883863,0.0,5.551115123125783e-17,0.03521271105136284,0.3323401871576773,0.0,0.23499999999999988,0.0,0.0,0.04979829353676224,0.47,0.0,0.16617009357883866,0.16617009357883866,0.16617009357883866,0.235,0.235,0.235,0.5453561049901247,0.2832846542128605,0.1952562418976663,0.16011250000000002,0.14630625000000005,0.08841330566406251,0.08219900274006484,0.12545,0.07022500000000001,nan,nan,0.5,0.0,0.0,0.0
neg,2,3,297,5.551115123125783e-17,0.0,0.0,0.04839444723326697,0.11313708498984758,5.551115123125783e-17,0.0,0.0,0.0,0.0684400836208352,0.15999999999999992,0.0,1.2412670766236366e-16,1.2412670766236366e-16,1.2412670766236366e-16,0.0,0.0,0.0,0.5957374631496665,0.3143678898025193,0.0,0.11559999999999993,0.1155999999999999,0.08832041015624996,0.07807409140919569,0.122,0.11559999999999998,nan,nan,0.0,0.0,0.0,0.0
neg,2,3,298,0.30449785764845705,0.0,1.5700924586837752e-16,0.10679115864675987,0.29698484809835,0.0,0.43062500000000004,0.0,0.0,0.1510255048997846,0.41999999999999993,0.0,0.30759144981614817,0.2987526150513163,0.304497857648457,0.43500000000000005,0.4224999999999999,0.43062500000000004,0.8776962921478021,0.43884814607390094,0.43062500000000004,0.1274064453125,0.08104697265625,0.1934625244140626,0.1650482922572111,0.1282,0.08410000000000002,nan,nan,0.0,0.0,0.0,0.0
neg,2,3,299,0.17324116139070422,0.0,5.551115123125783e-17,0.057505880527625314,0.0,0.0,0.2450000000000001,0.0,0.0,0.08132559615837454,0.0,0.0,0.17324116139070414,0.17324116139070414,0.17324116139070414,0.2450000000000001,0.2450000000000001,0.2450000000000001,0.7557203723931227,0.37786018619656137,0.2450000000000001,0.4025125000000001,0.38750625000000005,0.2390293212890626,0.23590969963972983,0.25,0.25,nan,nan,1.0,1.0,0.0,0.0
neg,2,3,300,0.31819805153394637,0.0,0.0,0.13532804559221664,0.3341079541106437,0.0,0.44999999999999996,0.0,0.0,0.19138275744595734,0.47250000000000003,0.0,0.3235013523928455,0.32084970196339596,0.31819805153394637,0.4575,0.45375,0.44999999999999996,0.9758073580374355,0.48790367901871784,0.44999999999999996,0.12625,0.07562500000000001,0.20025625,0.16468615423352007,0.125378125,0.06956406250000002,nan,nan,0.5,0.0,0.0,0.0
neg,2,3,301,0.21920310216782976,0.0,0.0,0.044633688491710365,0.21213203435596428,0.010606601717798184,0.31000000000000005,0.0,0.0,0.06312156760371268,0.30000000000000004,0.015000000000000013,0.21920310216782976,0.21920310216782976,0.21920310216782976,0.31000000000000005,0.31000000000000005,0.31000000000000005,0.6425832874032753,0.35664698276096507,0.21931712199461312,0.27905000000000013,0.2550250000000001,0.18396057128906254,0.1798849028191829,0.145,0.12249999999999998,nan,nan,0.5,1.0,0.0,0.0
neg,2,3,302,0.0,0.0,5.551115123125783e-17,0.15742091374832834,0.0,0.0,0.0,0.0,0.0,0.22262679122405116,0.0,0.0,0.0,0.0,0.0,0.0,0.0,0.0,0.7185972663808289,0.35929863319041444,0.0,0.25,0.25,0.38188537597656247,0.4885662080128085,0.25,0.25,nan,nan,0.5,0.5,1.0,1.0
neg,2,3,303,0.0,0.0,1.5700924586837752e-16,0.015749646410518403,0.0,0.0,0.0,0.0,0.0,0.022273363556335912,0.0,0.0,0.0,0.0,0.0,0.0,0.0,0.0,0.34641161210328963,0.19824917121866836,0.0,0.25,0.25,0.3455088400000001,0.34905079491505747,0.25,0.25,nan,nan,0.5,0.5,1.0,1.0
neg,2,3,304,0.0,0.0,0.0,0.0727337951200315,0.26870057685088805,1.5700924586837752e-16,0.0,0.0,0.0,0.10286111950161458,0.38,0.0,0.0,0.0,0.0,0.0,0.0,0.0,0.7636753236814714,0.44312024954356977,0.0,0.09610000000000003,0.09610000000000003,0.35105625,0.3625998711416621,0.1322,0.09610000000000003,nan,nan,0.0,0.0,1.0,1.0
neg,2,3,305,0.008838834764831813,0.0,5.551115123125783e-17,0.006764304478986532,0.1767766952966369,0.0,0.012499999999999956,0.0,0.0,0.009566171134203882,0.25,0.0,0.0,0.0,0.008838834764831813,0.0,0.0,0.012499999999999956,0.22627416997969538,0.11608336324479163,0.012499999999999956,0.243828125,0.24378906250000001,0.20873476562499993,0.20790095841338382,0.40625,0.390625,nan,nan,0.0,0.0,0.0,0.0
neg,2,3,306,0.038890872965260226,0.0,1.5700924586837752e-16,0.003629502059906935,0.09192388155425117,0.0,0.05500000000000016,0.0,0.0,0.005132891037781473,0.1299999999999999,0.0,0.03889087296526015,0.03889087296526015,0.03889087296526015,0.05500000000000005,0.05500000000000005,0.05500000000000005,0.16970562748477155,0.1001734606680943,0.05500000000000016,0.16681249999999997,0.16605625,0.2058890624999999,0.20560637672629162,0.19345,0.18922500000000006,nan,nan,0.0,0.0,0.0,0.0
neg,2,3,307,0.0,0.0,1.5700924586837752e-16,0.039047979167070396,0.1626345596729059,0.0,0.0,0.0,0.0,0.055222181721332975,0.22999999999999998,0.0,0.0,0.0,0.0,0.0,0.0,0.0,0.48260037815981877,0.24130018907990938,0.0,0.25,0.25,0.3425907226562501,0.3564869179116473,0.39144999999999996,0.378225,nan,nan,0.5,0.5,1.0,1.0
neg,2,3,308,0.2863782463805517,0.0,5.551115123125783e-17,0.04586729415108398,0.0,0.0,0.405,0.0,0.0,0.0648661494578191,0.0,0.0,0.2863782463805517,0.2863782463805517,0.2863782463805517,0.4049999999999999,0.4049999999999999,0.4049999999999999,0.5860147449083511,0.35075442625107695,0.2926174977679906,0.25031249999999994,0.20930624999999992,0.1723547119140624,0.16941544055784444,0.25,0.25,nan,nan,0.5,0.0,0.0,0.0
neg,2,3,309,0.16351844314938907,0.0,5.551115123125783e-17,0.021720571375426607,0.17147339443773776,1.2412670766236366e-16,0.23124999999999996,0.0,0.0,0.030717526621621083,0.24249999999999994,0.0,0.16617009357883866,0.16617009357883866,0.16351844314938907,0.235,0.235,0.23124999999999996,0.3464823227814084,0.22774730910716723,0.23124999999999996,0.16111328125000002,0.14774414062500002,0.14511337890624995,0.14224157100367055,0.158153125,0.14345156250000002,nan,nan,0.5,0.0,0.0,0.0
neg,2,3,310,5.551115123125783e-17,0.0,5.551115123125783e-17,0.028746441923605915,0.31819805153394637,1.2412670766236366e-16,0.0,0.0,0.0,0.040653608038333955,0.44999999999999996,0.0,1.2412670766236366e-16,1.2412670766236366e-16,1.2412670766236366e-16,0.0,0.0,0.0,0.44370950519455854,0.27488776118627034,0.0,0.07562499999999997,0.07562499999999996,0.14846572265624997,0.1446603075192294,0.12625,0.07562500000000001,nan,nan,0.0,0.0,0.0,0.0
neg,2,3,311,0.0,0.0,5.551115123125783e-17,0.020690588709001756,0.33941125496954283,0.0,0.0,0.0,0.0,0.02926091116575391,0.48,0.0,0.0,0.0,0.0,0.0,0.0,0.0,0.33941125496954283,0.22288594998650968,0.0,0.06760000000000001,0.06760000000000001,0.14714416503906247,0.14445252226252212,0.1252,0.06760000000000001,nan,nan,0.0,0.0,0.0,0.0
neg,2,3,312,0.00530330085889915,0.0,5.551115123125783e-17,0.0018398627730389688,0.05391689206547428,0.0,0.007500000000000062,0.0,0.0,0.002601958886537137,0.07625000000000004,0.0,0.00530330085889915,0.007954951288348647,0.00530330085889915,0.007500000000000062,0.011249999999999982,0.007500000000000062,0.12020815280171303,0.0618718433538229,0.007500000000000062,0.24627812499999996,0.24626406249999996,0.22740976562499995,0.22728495495982837,0.21478203124999998,0.21332851562500002,nan,nan,0.5,0.0,0.0,0.0
neg,2,3,313,0.22627416997969527,0.0,5.551115123125783e-17,0.033147881926392384,0.2050609665440988,0.030052038200428337,0.32000000000000006,0.0,0.0,0.04687818418424605,0.29000000000000004,0.04250000000000009,0.20682873349706513,0.2218547525972793,0.22627416997969527,0.2925,0.3137500000000002,0.32000000000000006,0.45254833995939053,0.22627416997969527,0.32000000000000006,0.1412,0.11559999999999998,0.17639999999999995,0.16870523370270593,0.14705,0.126025,nan,nan,0.0,0.0,0.0,0.0
neg,2,3,314,0.028284271247461926,0.0,5.551115123125783e-17,0.052436035016608325,0.0,5.551115123125783e-17,0.040000000000000036,0.0,0.0,0.07415575187755807,0.0,0.0,0.028284271247461888,0.028284271247461888,0.028284271247461888,0.040000000000000036,0.040000000000000036,0.040000000000000036,0.7177133829043458,0.3682847818679935,0.040000000000000036,0.23079999999999998,0.2304,0.21680664062499996,0.21169911940326872,0.25,0.25,nan,nan,0.5,0.0,0.0,0.0
neg,2,3,315,0.2368807716974934,0.0,1.5700924586837752e-16,0.052628024705455065,0.19268659787333417,1.2412670766236366e-16,0.33499999999999996,0.0,0.0,0.0744272662993608,0.27249999999999996,0.0,0.2368807716974934,0.23864853865045982,0.2368807716974934,0.33499999999999996,0.3374999999999999,0.33499999999999996,0.6434671708797584,0.37712361663282534,0.2553918557824426,0.1386125,0.11055625000000001,0.15015625000000013,0.14320511641926403,0.150878125,0.13231406250000002,nan,nan,0.0,0.0,0.0,0.0
neg,2,3,316,0.02793071785686869,0.0,5.551115123125783e-17,0.09886866768048834,0.055861435713737216,0.0,0.03950000000000009,0.0,0.0,0.1398214107275051,0.07899999999999996,0.0,0.02793071785686869,0.02793071785686869,0.02793071785686869,0.03950000000000009,0.03950000000000009,0.03950000000000009,0.6903129951333672,0.3544667368523065,0.03950000000000009,0.073425125,0.0730350625,0.06921832128906245,0.04580602980099493,0.0032005000000000002,0.0016402500000000006,nan,nan,0.0,0.0,0.0,0.0
neg,2,3,317,0.30317203243373225,0.0,1.2412670766236366e-16,0.14658887380758415,0.30759144981614817,0.00707106781186556,0.42874999999999996,0.0,0.0,0.20730797343168372,0.43500000000000005,0.010000000000000231,0.29698484809834996,0.3022881489572491,0.3031720324337323,0.41999999999999993,0.4275,0.4287500000000001,0.6993286065934954,0.4507216474413251,0.42874999999999996,0.12753828125,0.08158164062500001,0.07246191015625006,0.041266777647526426,0.1271125,0.07980624999999998,nan,nan,0.5,0.0,0.0,0.0
neg,2,3,318,0.013258252147247797,0.0,5.551115123125783e-17,0.0029967952337752075,0.15556349186104043,0.0,0.018750000000000044,0.0,0.0,0.004238108463259893,0.21999999999999997,0.0,0.0,0.0,0.013258252147247797,0.0,0.0,0.018750000000000044,0.15556349186104027,0.08220116331293607,0.018750000000000044,0.24080078124999998,0.24071289062499998,0.21884853515624997,0.21859156244307815,0.1642,0.1521,nan,nan,0.0,0.0,0.0,0.0
neg,2,3,319,0.16970562748477142,0.0,5.551115123125783e-17,0.015089168347651189,0.15556349186104043,0.0,0.24,0.0,0.0,0.02133930652217908,0.21999999999999997,0.0,0.1891510639674014,0.18119611267905275,0.16970562748477142,0.26750000000000007,0.2562500000000001,0.24,0.33941125496954283,0.18502627441047992,0.18668154702594472,0.3988,0.3844,0.3320640624999999,0.3355505837909287,0.3842,0.3721,nan,nan,1.0,1.0,1.0,1.0
neg,2,3,320,0.2063867917588235,0.0,5.551115123125783e-17,0.026501104762320916,0.17412504486718736,0.0,0.2918749999999999,0.0,0.0,0.0374782217727444,0.24624999999999986,0.0,0.21213203435596428,0.21213203435596428,0.2063867917588235,0.30000000000000004,0.30000000000000004,0.2918749999999999,0.412773583517647,0.2063867917588235,0.2918749999999999,0.14665800781250002,0.12536025390625005,0.18235568847656247,0.17669652196988933,0.15719453125,0.14203476562500003,nan,nan,0.0,0.0,0.0,0.0
neg,2,3,321,0.0,0.0,5.551115123125783e-17,0.018950238352193925,0.0,0.0,0.0,0.0,0.0,0.026799684087875364,0.0,0.0,0.0,0.0,0.0,0.0,0.0,0.0,0.33941125496954283,0.21772996304035774,0.0,0.25,0.25,0.15136962890625008,0.14892971172689995,0.25,0.25,nan,nan,0.5,0.5,0.0,0.0
neg,2,3,322,0.06363961030678934,0.0,0.0,0.006131929751022202,0.1272792206135786,0.0,0.09000000000000008,0.0,0.0,0.008671858217414563,0.18000000000000016,0.0,0.06363961030678934,0.06363961030678934,0.06363961030678934,0.09000000000000008,0.09000000000000008,0.09000000000000008,0.26162950903902266,0.13081475451951133,0.09000000000000008,0.20904999999999996,0.20702499999999996,0.25125156249999997,0.2512847294402544,0.17619999999999997,0.16809999999999994,nan,nan,0.0,0.0,1.0,1.0
neg,2,3,323,0.16617009357883858,0.0,0.0,0.014643772906740158,0.1767766952966369,0.09722718241315026,0.23499999999999988,0.0,0.0,0.020709422249023612,0.25,0.13749999999999996,0.16617009357883866,0.16617009357883866,0.16617009357883866,0.235,0.235,0.235,0.33234018715767716,0.17736595094762556,0.19342311133884696,0.16011250000000005,0.14630625000000005,0.18436289062500005,0.18186639967319787,0.15625,0.140625,nan,nan,0.5,0.0,0.0,0.0
neg,2,3,324,0.0,0.0,1.1102230246251565e-16,0.15844207551101844,0.35316448186362115,1.2412670766236366e-16,0.0,0.0,0.0,0.22407093203822437,0.49944999999999995,0.0,0.0,0.0,0.0,0.0,0.0,0.0,0.9842926394116744,0.4979740580941163,0.0,0.06263757562500001,0.06263757562500001,0.0959876578515625,0.06584077333612713,0.12500015125,0.06263757562500001,nan,nan,0.0,0.0,0.0,0.0
neg,2,3,325,0.48039066946861075,0.0,5.551115123125783e-17,0.12206002011086901,0.5135362998367301,1.5700924586837752e-16,0.6793750000000001,0.0,0.0,0.17261893586432375,0.7262499999999998,0.0,0.479064844253886,0.48790367901871784,0.48039066946861075,0.6775000000000002,0.69,0.6793750000000001,0.9607813389372215,0.508601283759699,0.5438753447482245,0.33658144531250006,0.22119384765625003,0.12266411743164062,0.1261509652962119,0.36890703124999996,0.23704726562499995,nan,nan,0.5,0.0,0.0,0.0
neg,2,3,326,0.21389980130893063,0.0,0.0,0.04548488833431254,0.1891510639674014,0.0,0.3025,0.0,0.0,0.06432534596541051,0.26750000000000007,0.0,0.21213203435596428,0.2006415491616828,0.21389980130893063,0.30000000000000004,0.28374999999999995,0.3025,0.6540737725975563,0.3569416105864593,0.21665965533527456,0.447003125,0.42412656249999997,0.32187893066406253,0.3282606051643447,0.419528125,0.40163906250000003,nan,nan,1.0,1.0,1.0,1.0
neg,2,3,327,0.4251479521884116,0.0,0.0,0.15020107283395967,0.4242640687119285,0.07424621202458748,0.6012499999999998,0.0,0.0,0.21241639428477477,0.6000000000000001,0.10499999999999998,0.3906764966055675,0.417193000900063,0.42514795218841167,0.5525,0.5899999999999999,0.6012499999999998,0.8502959043768232,0.49821565291102154,0.45875681193852574,0.1876414062499999,0.09726601562499994,0.10787119140624996,0.07084240344432895,0.1861,0.09609999999999996,nan,nan,0.5,0.0,0.0,0.0
neg,2,3,328,0.16617009357883858,0.0,0.0,0.09464212487372022,0.1767766952966369,0.0,0.23499999999999988,0.0,0.0,0.13384417656822323,0.25,0.0,0.16617009357883866,0.16617009357883866,0.16617009357883866,0.235,0.235,0.235,0.8909545442950497,0.44547727214752486,0.23499999999999988,0.16011250000000005,0.14630625000000005,0.2916,0.31402843516541135,0.15625,0.140625,nan,nan,0.5,0.0,1.0,1.0
neg,2,3,329,0.10606601717798207,0.0,0.0,0.005503932750621266,0.0,0.06540737725975566,0.1499999999999999,0.0,0.0,0.007783736342318104,0.0,0.09250000000000003,0.10606601717798214,0.10606601717798214,0.10606601717798214,0.1499999999999999,0.1499999999999999,0.1499999999999999,0.21213203435596414,0.11696724672127472,0.11359192312836316,0.18625000000000003,0.18062500000000004,0.20334462890625,0.2027460926862518,0.25,0.25,nan,nan,0.0,0.0,0.0,0.0
neg,2,3,330,0.34073708018426757,0.0,5.551115123125783e-17,0.16169715461817466,0.340295138446026,5.551115123125783e-17,0.48187500000000005,0.0,0.0,0.22867430905816188,0.48124999999999996,0.0,0.3429467888754756,0.34117902192250915,0.34073708018426757,0.4850000000000001,0.48249999999999993,0.48187499999999994,0.7063289637272422,0.4455303051561139,0.40207712646331917,0.1251642578125,0.06711337890624999,0.05390232847656252,0.023148543745603514,0.12517578125,0.06727539062500001,nan,nan,0.5,0.0,0.0,0.0
neg,2,3,331,0.23599688822101011,0.0,5.551115123125783e-17,0.07529959886850861,0.12020815280171307,1.5700924586837752e-16,0.33374999999999977,0.0,0.0,0.10648971396109852,0.16999999999999993,0.0,0.23864853865045982,0.23599688822101025,0.23599688822101025,0.3374999999999999,0.33375,0.33375,0.7751658088757524,0.3914130661693034,0.33374999999999977,0.22420703124999997,0.196359765625,0.09122287597656248,0.07920071741727067,0.3494499999999999,0.34222499999999995,nan,nan,0.5,0.0,0.0,0.0
neg,2,3,332,0.0,0.0,5.551115123125783e-17,0.06390353782004793,0.2262741699796952,0.0007071067811865874,0.0,0.0,0.0,0.09037324986873374,0.32000000000000006,0.001000000000000112,1.5700924586837752e-16,1.5700924586837752e-16,1.5700924586837752e-16,0.0,0.0,0.0,0.6774082963767123,0.3764165098516387,0.0,0.1155999999999999,0.1155999999999999,0.1442100625,0.12971941918152258,0.1412,0.11559999999999998,nan,nan,0.0,0.0,0.0,0.0
neg,2,3,333,0.29875261505131623,0.0,5.551115123125783e-17,0.0637545350957627,0.3005203820042827,0.007071067811865481,0.4224999999999999,0.0,0.0,0.09016252819521897,0.42500000000000004,0.010000000000000009,0.3040559159102154,0.30052038200428266,0.29875261505131634,0.42999999999999994,0.4249999999999998,0.4224999999999999,0.5975052301026326,0.34942860103635226,0.29879968206141044,0.12800312500000002,0.08337656250000004,0.11602539062499997,0.10091970711255965,0.1278125,0.08265624999999999,nan,nan,0.0,0.0,0.0,0.0
neg,2,3,334,0.24527766472408372,0.0,5.551115123125783e-17,0.07796427435651197,0.16351844314938907,0.0,0.34687500000000004,0.0,0.0,0.11025813417555619,0.23124999999999996,0.0,0.3818376618407357,0.2766555281392367,0.24527766472408366,0.54,0.39125,0.34687500000000004,0.7389265863399421,0.4260318356648949,0.2627208892056359,0.3510736328125,0.32099306640624997,0.40600791015625004,0.43458969633522515,0.16111328125000002,0.14774414062500002,nan,nan,0.5,1.0,1.0,1.0
and,3,3,335,0.0,0.0,0.0,0.0,0.0,0.0,0.0,0.0,0.0,0.0,0.0,0.0,0.0,0.0,0.0,0.0,0.0,0.0,0.7936791306945145,0.5332530827031293,0.0,0.25,0.25,0.19136305338541668,0.13152368927062183,0.25,0.25,nan,nan,0.0,0.0,0.3333333333333333,0.3333333333333333
and,3,3,336,0.0,0.0,0.0,0.0,0.0,0.0,0.0,0.0,0.0,0.0,0.0,0.0,0.0,0.0,0.0,0.0,0.0,0.0,0.8009774302375816,0.4004887151187908,0.0,0.25,0.25,0.14794926757812502,0.0907909361508266,0.25,0.25,nan,nan,0.3333333333333333,0.3333333333333333,0.0,0.0
and,3,3,337,0.0,0.0,0.0,0.0,0.15083275782578984,0.012509255832441763,0.0,0.0,0.0,0.0,0.2612500000000001,0.021666666666666556,0.0,0.0,0.0,0.0,0.0,0.0,0.3187720580603011,0.15938602903015056,0.06208333333333327,0.3030037615740741,0.3030037615740741,0.2623947699652778,0.25618220816209797,0.3676255208333334,0.3019864583333333,nan,nan,0.3333333333333333,0.3333333333333333,0.6666666666666666,0.6666666666666666
and,3,3,338,0.0,0.0,0.0,0.0,0.0,0.0,0.0,0.0,0.0,0.0,0.0,0.0,0.0,0.0,0.0,0.0,0.0,0.0,0.603048678245242,0.40037542286796807,0.1629166666666667,0.31315283564814816,0.31315283564814816,0.15062801649305554,0.1296792813091248,0.33946666666666664,0.33946666666666664,nan,nan,0.6666666666666666,0.6666666666666666,0.0,0.0
and,3,3,339,0.23334523779156063,0.0,0.0,0.0,0.23334523779156063,0.0,0.32999999999999996,5.551115123125783e-17,0.0,0.0,0.32999999999999996,0.0,0.23334523779156063,0.23334523779156063,0.23334523779156063,0.32999999999999996,0.32999999999999996,0.32999999999999996,0.7670234676983488,0.47687383786694676,0.32999999999999996,0.17629999999999998,0.15814999999999999,0.20972415364583333,0.16763783249949793,0.17629999999999998,0.15814999999999999,nan,nan,0.0,0.0,0.3333333333333333,0.0
and,3,3,340,0.0,0.0,0.0,0.0,0.030405591591021547,0.0,0.0,0.0,0.0,0.0,0.043000000000000003,0.0,0.0,0.0,0.0,0.0,0.0,0.0,0.7718254336312066,0.6070135026709701,0.25,0.0008415000000000006,0.0008415000000000006,0.10807780635416668,0.08684552692340791,0.0011496666666666673,0.0008415000000000006,nan,nan,0.0,0.0,0.0,0.0
and,3,3,341,0.024537386440559084,0.0,0.0,0.0,0.024537386440559084,0.0,0.04249999999999987,0.0,0.0,0.0,0.04249999999999987,0.0,0.04041451884327382,0.025980762113533135,0.024537386440559084,0.06999999999999998,0.044999999999999984,0.04249999999999987,0.4581348054885156,0.2855436315294932,0.2375,0.3386604166666667,0.33845972222222226,0.3211830729166667,0.3427575661982442,0.3386604166666667,0.33845972222222226,nan,nan,0.6666666666666666,0.6666666666666666,0.6666666666666666,0.6666666666666666
and,3,3,342,0.0,0.0,0.0,0.0,0.0,0.0018384776310387202,0.0,0.0,0.0,0.0,0.0,0.002599999999934517,0.0,0.0,0.0,0.0,0.0,0.0,0.859393299805159,0.5707696747348092,0.4876185112359866,0.08334885416666665,0.08334885416666665,0.06264897330729167,0.0029658884648295606,0.08334885416666665,0.08334885416666665,nan,nan,0.0,0.0,0.0,0.0
and,3,3,343,0.0,0.0,0.0,0.0,0.0,0.0,0.0,0.0,0.0,0.0,0.0,0.0,0.0,0.0,0.0,0.0,0.0,0.0,1.0557867401255805,0.7075854451333031,0.06982845498075982,0.28218524083333335,0.28218524083333335,0.21321277006510417,0.14287224758080921,0.28218524083333335,0.28218524083333335,nan,nan,0.3333333333333333,0.3333333333333333,0.3333333333333333,0.3333333333333333
and,3,3,344,0.020889112827552608,0.0,0.0,0.0,0.0,0.0,0.02954166666666669,0.0,0.0,0.0,0.0,0.0,0.009310239285622872,0.0,0.020889112827552608,0.01316666666666666,0.0,0.02954166666666669,0.4389083403741606,0.3001120602960245,0.19402616966246827,0.17604460706018518,0.17589915538194442,0.20329084440104173,0.21254042288683236,0.17960416666666665,0.17960416666666665,nan,nan,0.3333333333333333,0.0,0.3333333333333333,0.3333333333333333
and,3,3,345,0.04979210250855273,0.0,0.0,0.0,0.26214857428571586,0.0,0.07041666666666668,0.0,0.0,0.0,0.365,0.0,0.04890821903206959,0.04890821903206959,0.04979210250855273,0.06916666666666674,0.06916666666666674,0.07041666666666668,0.6828198655209147,0.4957780232342585,0.2529166666666667,0.25616533564814814,0.23186669560185189,0.31040090603298615,0.28328289210052043,0.27132552083333333,0.22341822916646814,nan,nan,0.3333333333333333,0.3333333333333333,0.6666666666666666,0.6666666666666666
and,3,3,346,0.0,0.0,0.0,0.0,0.0,0.0,0.0,0.0,0.0,0.0,0.0,0.0,0.0,0.0,0.0,0.0,0.0,0.0,0.8500979722949585,0.42504898614747927,0.0,0.0001388541666666667,0.0001388541666666667,0.14236805338541667,0.030405136105591816,0.0001388541666666667,0.0001388541666666667,nan,nan,0.0,0.0,0.0,0.0
and,3,3,347,0.0,0.0,0.0,0.0,0.29698484809834996,0.0,0.0,0.0,0.0,0.0,0.42,0.0,0.0,0.0,0.0,0.0,0.0,0.0,0.46193884876680363,0.28730271222268594,0.0,0.27940000000000004,0.27940000000000004,0.23257682291666668,0.23619151011620357,0.44880000000000003,0.27940000000000004,nan,nan,0.3333333333333333,0.3333333333333333,0.6666666666666666,0.6666666666666666
and,3,3,348,0.0,0.0,0.0,0.0,0.0,0.0,0.0,0.0,0.0,0.0,0.0,0.0,0.0,0.0,0.0,0.0,0.0,0.0,0.5939749573845685,0.4322917718445443,0.0,0.25,0.25,0.159885546875,0.12117211747149365,0.25,0.25,nan,nan,0.0,0.0,0.0,0.0
and,3,3,349,0.2616295090390226,0.0,0.0,0.0,0.33941125496954283,0.0,0.37,2.7755575615628914e-17,0.0,0.0,0.48,0.0,0.2616295090390226,0.2616295090390226,0.2616295090390226,0.37,0.37,0.37,0.7645270188162091,0.4298952513808183,0.2694262422259569,0.13416666666666668,0.11134999999999999,0.11277335026041668,0.0661501745608046,0.16679999999999998,0.1284,nan,nan,0.0,0.0,0.0,0.0
and,3,3,350,0.0,0.0,0.0,0.0,0.0,0.0,0.0,0.0,0.0,0.0,0.0,0.0,0.0,0.0,0.0,0.0,0.0,0.0,0.687388374776427,0.35136802369081965,0.023333333333333317,0.2788,0.2788,0.17502436342592595,0.1358212857938544,0.2788,0.2788,nan,nan,0.3333333333333333,0.3333333333333333,0.0,0.0
and,3,3,351,0.0344714555828442,0.0,0.0,0.0,0.0344714555828442,0.0,0.048750000000000016,0.0,0.0,0.0,0.048750000000000016,0.0,0.03535533905932738,0.017677669529663684,0.0344714555828442,0.05000000000000002,0.024999999999999994,0.048750000000000016,0.5145416649796205,0.359366503967045,0.23049200094580288,0.1119171875,0.11152109375000001,0.13827662760416667,0.12528823851326246,0.1119171875,0.11152109375000001,nan,nan,0.3333333333333333,0.3333333333333333,0.0,0.0
and,3,3,352,0.0,0.0,0.0,0.0,0.0,0.0,0.0,0.0,0.0,0.0,0.0,0.0,0.0,0.0,0.0,0.0,0.0,0.0,0.8223588594707301,0.5264220728353689,0.0,0.25,0.25,0.1082224839734377,0.0658905315253717,0.25,0.25,nan,nan,0.3333333333333333,0.3333333333333333,0.0,0.0
and,3,3,353,0.06377042156572134,0.0,0.0,0.0,0.2987752778708123,0.0,0.08999999999999997,0.0,0.0,0.0,0.42,0.0,0.06377042156572134,0.06377042156572134,0.06377042156572134,0.08999999999999997,0.08999999999999997,0.08999999999999997,0.48322161065084823,0.31626828403130997,0.2549509756796392,0.25406666666666666,0.2238222222223273,0.12582037760416667,0.13025306671582101,0.27296666666666664,0.225433333333398,nan,nan,0.3333333333333333,0.3333333333333333,0.3333333333333333,0.3333333333333333
and,3,3,354,0.08371578903249574,0.0,0.0,0.0,0.08371578903249574,0.0,0.14499999999999996,0.0,0.0,0.0,0.14499999999999996,0.0,0.08371578903249574,0.08371578903249574,0.08371578903249574,0.14499999999999996,0.14499999999999996,0.14499999999999996,0.5320009398487938,0.3944710456047707,0.13834400059272534,0.11134166666666667,0.10900555555555556,0.15262164713541668,0.14159506483202197,0.11134166666666667,0.10900555555555556,nan,nan,0.0,0.0,0.0,0.0
and,3,3,355,0.0,0.0,0.0,0.0,0.0,0.0,0.0,0.0,0.0,0.0,0.0,0.0,0.0,0.0,0.0,0.0,0.0,0.0,0.2986724097290094,0.16462436672462677,0.03500000000000003,0.23874166666666666,0.23874166666666666,0.22670262586805556,0.22275927938613438,0.25,0.25,nan,nan,0.3333333333333333,0.3333333333333333,0.3333333333333333,0.3333333333333333
and,3,3,356,0.2474873734152916,0.0,0.0,0.0,0.2474873734152916,0.0,0.35,5.551115123125783e-17,0.0,0.0,0.35,0.0,0.2474873734152916,0.2474873734152916,0.2474873734152916,0.35,0.35,0.35,0.8376098279976981,0.5806318412674413,0.35,0.17416666666666666,0.15375,0.11959315234153557,0.06085869568781802,0.17416666666666666,0.15375,nan,nan,0.0,0.0,0.0,0.0
and,3,3,357,0.0,0.0,0.0,0.0,0.0,0.0,0.0,0.0,0.0,0.0,0.0,0.0,0.0,0.0,0.0,0.0,0.0,0.0,1.0895877947646073,0.5808613161459765,0.48,0.32928385416666667,0.32928385416666667,0.24326253255208333,0.17400742191094812,0.32928385416666667,0.32928385416666667,nan,nan,0.3333333333333333,0.3333333333333333,0.3333333333333333,0.3333333333333333
and,3,3,358,0.0,0.0,0.0,0.0,0.0,0.0,0.0,0.0,0.0,0.0,0.0,0.0,0.0,0.0,0.0,0.0,0.0,0.0,1.0483936298571257,0.5694219262471661,0.0,0.37749999999999995,0.37749999999999995,0.16182946256510417,0.03304615039925035,0.37749999999999995,0.37749999999999995,nan,nan,0.3333333333333333,0.3333333333333333,0.0,0.0
and,3,3,359,0.0,0.0,0.0,0.0,0.015155444566227593,0.0,0.0,0.0,0.0,0.0,0.026249999999999885,0.0,0.07120653320005364,0.0,0.0,0.12333333333333316,0.0,0.0,0.7674450306047984,0.4573853197007316,0.2090936127405351,0.399860300925926,0.399860300925926,0.31594474826388885,0.360227238945557,0.37869635416666664,0.3786197916666667,nan,nan,0.6666666666666666,0.6666666666666666,0.3333333333333333,0.6666666666666666
and,3,3,360,0.0,0.0,0.0,0.0,0.0,0.0,0.0,0.0,0.0,0.0,0.0,0.0,0.0,0.0,0.0,0.0,0.0,0.0,0.8611130562678838,0.4985377925045494,0.18112927013599986,0.3141171875,0.3141171875,0.4507280269932295,0.69948341637238,0.302,0.302,nan,nan,0.6666666666666666,0.6666666666666666,1.0,1.0
and,3,3,361,0.032703688629877825,0.0,0.0,0.0,0.032703688629877825,0.0,0.04625,0.0,0.0,0.0,0.04625,0.0,0.035355339059327376,0.035355339059327376,0.032703688629877825,0.049999999999999996,0.049999999999999996,0.04625,1.1132298149931052,0.6576866240855374,0.34386894328544704,0.08459635416666667,0.08423984375,0.16515664835394964,0.07190670716167553,0.08459635416666667,0.08423984375,nan,nan,0.0,0.0,0.0,0.0
and,3,3,362,0.22571436943280115,0.0,0.0,0.0,0.11223360160984276,0.0,0.29785714285714293,2.7755575615628914e-17,0.0,0.0,0.15535714285714286,0.0,0.25758493744794086,0.2320151256245298,0.22571436943280115,0.325,0.29583333333333334,0.29785714285714293,0.9155624998016705,0.5129092660598848,0.3125000000000001,0.30911158352229784,0.24794936381946142,0.21585426439673094,0.19282690175981163,0.2821553335222978,0.26544331223221745,nan,nan,0.3333333333333333,0.3333333333333333,0.3333333333333333,0.3333333333333333
and,3,3,363,0.0,0.0,0.0,0.0,0.0,0.0,0.0,0.0,0.0,0.0,0.0,0.0,0.0,0.0,0.0,0.0,0.0,0.0,0.25731941483300474,0.12865970741650237,0.0,0.25,0.25,0.26971277669270827,0.26709933252485835,0.25,0.25,nan,nan,0.3333333333333333,0.3333333333333333,0.6666666666666666,0.6666666666666666
and,3,3,364,0.16617009357883866,0.0,0.0,0.0,0.3323401871576773,0.0,0.235,0.0,0.0,0.0,0.47,0.0,0.16617009357883866,0.16617009357883866,0.16617009357883866,0.235,0.235,0.235,0.45590226474541656,0.2833064378961363,0.235,0.190075,0.18087083333333331,0.20230878906250002,0.19227088310709925,0.16696666666666668,0.13015,nan,nan,0.3333333333333333,0.3333333333333333,0.0,0.0
and,3,3,365,0.291561885940761,0.0,0.0,0.0,0.291561885940761,0.0,0.505,1.942890293094024e-16,0.0,0.0,0.505,0.0,0.28867513459481287,0.28867513459481287,0.291561885940761,0.5000000000000001,0.5000000000000001,0.505,0.8999869790724754,0.5861200213056553,0.4139142423256296,0.23087500000000002,0.2025388888888889,0.16440784505208336,0.12249686226229939,0.23087500000000002,0.2025388888888889,nan,nan,0.3333333333333333,0.3333333333333333,0.0,0.0
and,3,3,366,0.0,0.0,0.0,0.0,0.0,0.0,0.0,0.0,0.0,0.0,0.0,0.0,0.0,0.0,0.0,0.0,0.0,0.0,0.288676938808766,0.22637960203396482,0.1131370849898477,0.19096666666666665,0.19096666666666665,0.20818248697916666,0.2149852526502646,0.19096666666666665,0.19096666666666665,nan,nan,0.6666666666666666,0.6666666666666666,0.3333333333333333,0.3333333333333333
and,3,3,367,0.0,0.0,0.0,0.0,0.0,0.0,0.0,0.0,0.0,0.0,0.0,0.0,0.0,0.0,0.0,0.0,0.0,0.0,0.5905188396655945,0.29525941983279724,0.21999999999999997,0.33946666666666664,0.33946666666666664,0.2755981770833333,0.28281539017139956,0.33946666666666664,0.33946666666666664,nan,nan,0.6666666666666666,0.6666666666666666,0.6666666666666666,0.6666666666666666
and,3,3,368,0.0,0.0,0.0,0.0,0.0,0.0,0.0,0.0,0.0,0.0,0.0,0.0,0.0,0.0,0.0,0.0,0.0,0.0,0.6771447408050955,0.3385723704025477,0.325,0.6443,0.6443,0.3558026041666667,0.45945855554936,0.6443,0.6443,nan,nan,1.0,1.0,1.0,1.0
and,3,3,369,0.0,0.0,0.0,0.0,0.0,0.0,0.0,0.0,0.0,0.0,0.0,0.0,0.0,0.0,0.0,0.0,0.0,0.0,0.5950713367599813,0.2975979717408063,0.275,0.10032552083333333,0.10032552083333333,0.18166374782986158,0.1534166507667168,0.10032552083333333,0.10032552083333333,nan,nan,0.0,0.0,0.0,0.0
and,3,3,370,0.0,0.0,0.0,0.0,8.838834764831852e-05,0.0,0.0,0.0,0.0,0.0,0.0001250000000000001,0.0,0.0,0.0,0.0,0.0,0.0,0.0,1.3775103104196715,0.7956645687347773,0.4675,0.08333408593749998,0.08333408593749998,0.1810274710742187,0.20120505910703257,0.08333408854166667,0.08333408593749998,nan,nan,0.3333333333333333,0.3333333333333333,0.3333333333333333,0.3333333333333333
and,3,3,371,0.0,0.0,0.0,0.0,0.0,0.0,0.0,0.0,0.0,0.0,0.0,0.0,0.0,0.0,0.0,0.0,0.0,0.0,0.6952084894116297,0.3476042447058149,0.415625,0.16903971354166666,0.16903971354166666,0.22173572591145832,0.20663522023032002,0.17416666666666666,0.17416666666666666,nan,nan,0.3333333333333333,0.3333333333333333,0.3333333333333333,0.3333333333333333
and,3,3,372,0.0,0.0,0.0,0.0,0.0,0.0,0.0,0.0,0.0,0.0,0.0,0.0,0.0,0.0,0.0,0.0,0.0,0.0,0.8773868395696394,0.6256319340472478,0.0,0.25,0.25,0.13080564408854167,0.015268556609549691,0.25,0.25,nan,nan,0.0,0.0,0.0,0.0
and,3,3,373,0.0,0.0,0.0,0.0,0.0,0.0,0.0,0.0,0.0,0.0,0.0,0.0,0.0,0.0,0.0,0.0,0.0,0.0,0.8446390131292776,0.5929192686309984,0.0,0.08346714666666667,0.08346714666666667,0.09135456046874997,0.018539037833601675,0.08346714666666667,0.08346714666666667,nan,nan,0.0,0.0,0.0,0.0
and,3,3,374,0.0,0.0,0.0,0.0,0.0,0.0,0.0,0.0,0.0,0.0,0.0,0.0,0.0,0.0,0.0,0.0,0.0,0.0,0.3790984370846178,0.21660343546330915,0.20958996013380235,0.2995125578703703,0.2995125578703703,0.2607020616319444,0.25340521842960334,0.33946666666666664,0.33946666666666664,nan,nan,0.3333333333333333,0.3333333333333333,0.6666666666666666,0.6666666666666666
and,3,3,375,0.0,0.0,0.0,0.0,0.0,0.0,0.0,0.0,0.0,0.0,0.0,0.0,0.0,0.0,0.0,0.0,0.0,0.0,0.5695783802515682,0.2847891901257841,0.0,0.25,0.25,0.17602957356770832,0.15333315524459754,0.25,0.25,nan,nan,0.3333333333333333,0.3333333333333333,0.0,0.0
and,3,3,376,0.16617009357883866,0.0,0.0,0.0,0.3323401871576773,0.0,0.235,0.0,0.0,0.0,0.47,0.0,0.16617009357883866,0.16617009357883866,0.16617009357883866,0.235,0.235,0.235,0.6050878035458986,0.37997728289717214,0.235,0.190075,0.18087083333333331,0.14164856770833334,0.11161271262754154,0.16696666666666668,0.13015,nan,nan,0.0,0.0,0.0,0.0
and,3,3,377,0.03181980515339467,0.0,0.0,0.0,0.0636396103067893,0.0,0.04500000000000004,0.0,0.0,0.0,0.09000000000000002,0.0,0.03181980515339467,0.03181980515339467,0.03181980515339467,0.04500000000000004,0.04500000000000004,0.04500000000000004,0.5578642307945545,0.417712121675682,0.04500000000000004,0.235675,0.23533749999999998,0.18066744791666664,0.14930559790553982,0.22269999999999998,0.22134999999999996,nan,nan,0.0,0.0,0.3333333333333333,0.3333333333333333
and,3,3,378,0.0,0.0,0.0,0.0,0.0,0.0,0.0,0.0,0.0,0.0,0.0,0.0,0.0,0.0,0.0,0.0,0.0,0.0,0.4840486804031181,0.32048397483097996,0.2149491218870177,0.27176666666666666,0.27176666666666666,0.20613131510416668,0.197800169189404,0.27176666666666666,0.27176666666666666,nan,nan,0.3333333333333333,0.3333333333333333,0.3333333333333333,0.3333333333333333
and,3,3,379,0.14578094297038047,0.0,0.0,0.0,0.14578094297038047,0.0,0.2525,1.5265566588595902e-16,0.0,0.0,0.2525,0.0,0.1501110699893027,0.1501110699893027,0.14578094297038047,0.26,0.26,0.2525,0.8488558475972231,0.5075728478876601,0.4725,0.28638541666666667,0.2231902777777778,0.19392825520833332,0.14929711185782893,0.28638541666666667,0.2231902777777778,nan,nan,0.3333333333333333,0.3333333333333333,0.3333333333333333,0.3333333333333333
and,3,3,380,0.0,0.0,0.0,0.0,0.0,0.0,0.0,0.0,0.0,0.0,0.0,0.0,0.0,0.0,0.0,0.0,0.0,0.0,1.1284020227737985,0.5974595271625841,0.0,0.4933666666666667,0.4933666666666667,0.23230669010416663,0.11186728494867214,0.4933666666666667,0.4933666666666667,nan,nan,0.3333333333333333,0.3333333333333333,0.3333333333333333,0.3333333333333333
and,3,3,381,0.0,0.0,0.0,0.0,0.0,0.0,0.0,0.0,0.0,0.0,0.0,0.0,0.0,0.0,0.0,0.0,0.0,0.0,0.8692103546466758,0.5333117506343222,0.0,0.25,0.25,0.14927284667968752,0.10087472001565445,0.25,0.25,nan,nan,0.3333333333333333,0.3333333333333333,0.0,0.3333333333333333
and,3,3,382,0.05051814855409231,0.0,0.0,0.0,0.05051814855409231,0.0,0.08750000000000002,0.0,0.0,0.0,0.08750000000000002,0.0,0.06639528095680695,0.05051814855409231,0.05051814855409231,0.11499999999999988,0.08750000000000002,0.08750000000000002,0.8873027949916533,0.6145796380569369,0.3994136327167614,0.31864375,0.2983486111111111,0.15601940104166667,0.10033672687954485,0.31864375,0.2983486111111111,nan,nan,0.3333333333333333,0.3333333333333333,0.3333333333333333,0.0
and,3,3,383,0.0,0.0,0.0,0.0,0.0,0.0,0.0,0.0,0.0,0.0,0.0,0.0,0.0,0.0,0.0,0.0,0.0,0.0,0.42526462349929844,0.22772256160531165,0.0,0.25,0.25,0.220371875,0.22630099081682253,0.25,0.25,nan,nan,0.3333333333333333,0.3333333333333333,0.3333333333333333,0.3333333333333333
and,3,3,384,0.0,0.0,0.0,0.0,0.0,0.0,0.0,0.0,0.0,0.0,0.0,0.0,0.0,0.0,0.0,0.0,0.0,0.0,0.7414403001928072,0.534710547084211,0.2703267698545595,0.3047755208333333,0.3047755208333333,0.12680921809895834,0.06392350781696644,0.34490885416666667,0.34490885416666667,nan,nan,0.3333333333333333,0.3333333333333333,0.0,0.0
and,3,3,385,0.19091883092039993,0.0,0.0,0.0,0.2262741699796952,0.0,0.2700000000000454,5.551115123125783e-17,0.0,0.0,0.32,0.0,0.19091883092039993,0.19091883092039993,0.19091883092039993,0.2700000000000454,0.2700000000000454,0.2700000000000454,0.5708573595916935,0.3770276134461877,0.2700000000000454,0.18429999999999302,0.17214999999998892,0.12572662760416745,0.0995949027369798,0.17746666666666666,0.1604,nan,nan,0.0,0.0,0.0,0.0
and,3,3,386,0.0,0.0,0.0,0.0,0.0,0.0,0.0,0.0,0.0,0.0,0.0,0.0,0.0,0.0,0.0,0.0,0.0,0.0,0.5810671755485763,0.39232410716230043,0.0,0.25,0.25,0.23408831380208328,0.22808004661604,0.25,0.25,nan,nan,0.3333333333333333,0.3333333333333333,0.3333333333333333,0.3333333333333333
and,3,3,387,0.0,0.0,0.0,0.0,0.0,0.0,0.0,0.0,0.0,0.0,0.0,0.0,0.0,0.0,0.0,0.0,0.0,0.0,0.8106186295046518,0.4317064783587941,0.00098,0.166667,0.166667,0.15227981256041664,0.10343819048678919,0.166667,0.166667,nan,nan,0.0,0.0,0.3333333333333333,0.3333333333333333
and,3,3,388,0.0,0.0,0.0,0.0,0.0,0.0,0.0,0.0,0.0,0.0,0.0,0.0,0.0,0.0,0.0,0.0,0.0,0.0,0.3822616359685253,0.22418339475987134,0.0,0.2148,0.2148,0.2501511935763889,0.24658784408517953,0.2148,0.2148,nan,nan,0.3333333333333333,0.3333333333333333,0.3333333333333333,0.3333333333333333
and,3,3,389,0.0,0.0,0.0,0.0,0.0,0.0,0.0,0.0,0.0,0.0,0.0,5.551115123125783e-17,0.0,0.0,0.0,0.0,0.0,0.0,0.39,0.2751282904035129,0.19333333333333336,0.19733703703703706,0.19733703703703706,0.20923993055555554,0.19789235180828177,0.185075,0.185075,nan,nan,0.3333333333333333,0.3333333333333333,0.3333333333333333,0.3333333333333333
and,3,3,390,0.0,0.0,0.0,0.0,0.0,0.0,0.0,0.0,0.0,0.0,0.0,0.0,0.0,0.0,0.0,0.0,0.0,0.0,0.4469698325949974,0.2716085313602216,0.0,0.30750000000000005,0.30750000000000005,0.25082749023437506,0.2598009046988618,0.30750000000000005,0.30750000000000005,nan,nan,1.0,1.0,0.6666666666666666,0.6666666666666666
and,3,3,391,0.07247844507162111,0.0,0.0,0.0,0.11490485194281395,0.0,0.10249999999999998,0.0,0.0,0.0,0.16249999999999998,0.0,0.09192388155425119,0.07071067811865478,0.07247844507162111,0.13,0.10000000000000003,0.10249999999999998,0.8947834933658534,0.5661095024390925,0.16249999999999998,0.35796875,0.32205104166666665,0.17603307291666662,0.2047751200668486,0.36806875,0.3095010416666667,nan,nan,0.3333333333333333,0.3333333333333333,0.3333333333333333,0.3333333333333333
and,3,3,392,0.2474873734152916,0.0,0.0,0.0,0.2474873734152916,0.0,0.35,5.551115123125783e-17,0.0,0.0,0.35,0.0,0.2474873734152916,0.2474873734152916,0.2474873734152916,0.35,0.35,0.35,0.5650566896338809,0.35991246211354705,0.25109759058979436,0.1496333333333333,0.12921666666666667,0.20056982421875,0.17650934643384672,0.1496333333333333,0.12921666666666667,nan,nan,0.0,0.0,0.3333333333333333,0.3333333333333333
and,3,3,393,0.0,0.0,0.0,0.0,0.0,0.012374368670764583,0.0,0.0,0.0,0.0,0.0,0.0175,0.0,0.0,0.0,0.0,0.0,0.0,0.7947905400166763,0.5713622042201895,0.0,0.25,0.25,0.18556266671875002,0.2250078623429824,0.25,0.25,nan,nan,0.3333333333333333,0.3333333333333333,0.3333333333333333,0.3333333333333333
and,3,3,394,0.0,0.0,0.0,0.0,0.0,0.0,0.0,0.0,0.0,0.0,0.0,0.0,0.0,0.0,0.0,0.0,0.0,0.0,0.8308903780358152,0.49831069933440414,0.43875,0.4604171875,0.4604171875,0.19990830875651042,0.12033127635523459,0.4604171875,0.4604171875,nan,nan,0.3333333333333333,0.3333333333333333,0.3333333333333333,0.3333333333333333
and,3,3,395,0.0,0.0,0.0,0.0,0.0,0.0,0.0,0.0,0.0,0.0,0.0,0.0,0.0,0.0,0.0,0.0,0.0,0.0,0.80526086611731,0.5148503730204139,0.0,0.25,0.25,0.19356052213541666,0.13087910586667167,0.25,0.25,nan,nan,0.0,0.0,0.3333333333333333,0.3333333333333333
and,3,3,396,0.0,0.0,0.0,0.0530127832910199,0.0,0.0,0.0,0.0,0.0,0.09182083411068494,0.0,0.0,0.0,0.0,0.0,0.0,0.0,0.0,0.8653748551928233,0.5161911676604228,0.0,0.1828,0.1828,0.2009662008333333,0.1447435783991479,0.1828,0.1828,nan,nan,0.0,0.0,0.3333333333333333,0.3333333333333333
and,3,3,397,0.0,0.0,0.0,0.0,0.0,0.04137676929192327,0.0,0.0,0.0,0.0,0.0,0.07166666666666682,0.0,0.0,0.0,0.0,0.0,0.0,0.4900960081679076,0.2846966696376128,0.18958333333333333,0.1987861689814815,0.1987861689814815,0.2182239510994978,0.21707965099837803,0.1928,0.1928,nan,nan,0.0,0.0,0.0,0.3333333333333333
and,3,3,398,0.0,0.0,0.0,0.0,0.0,0.0,0.0,0.0,0.0,0.0,0.0,0.0,0.0,0.0,0.0,0.0,0.0,0.0,0.7222104090914226,0.49129476256917837,0.00775,0.16666835416666667,0.16666835416666667,0.17340589322916666,0.12129268477730189,0.16666835416666667,0.16666835416666667,nan,nan,0.0,0.0,0.3333333333333333,0.3333333333333333
and,3,3,399,0.0,0.0,0.0,0.0,0.0,0.0,0.0,0.0,0.0,0.0,0.0,0.0,0.0,0.0,0.0,0.0,0.0,0.0,0.36147268223200485,0.2467267211507336,0.1892712632998235,0.19405925925925926,0.19405925925925926,0.20478810763888888,0.197459198616435,0.18136666666666668,0.18136666666666668,nan,nan,0.3333333333333333,0.3333333333333333,0.0,0.0
and,3,3,400,0.028867513459481187,0.0,0.0,0.0,0.0,0.0,0.04999999999999993,1.1102230246251565e-16,0.0,0.0,0.0,0.0,0.028867513459481187,0.028867513459481187,0.028867513459481187,0.04999999999999993,0.04999999999999993,0.04999999999999993,0.9374466651495432,0.574887269845112,0.16000000000000003,0.3858999999999999,0.374511111111111,0.15695846354166665,0.06819967251700575,0.4306999999999999,0.4306999999999999,nan,nan,0.3333333333333333,0.3333333333333333,0.0,0.0
and,3,3,401,0.0,0.0,0.0,0.0,0.0,0.0,0.0,0.0,0.0,0.0,0.0,0.0,0.0,0.0,0.0,0.0,0.0,0.0,0.5282045058497703,0.3511422070388887,0.0,0.25,0.25,0.22876874999999997,0.2057411271178042,0.25,0.25,nan,nan,0.0,0.0,0.3333333333333333,0.3333333333333333
and,3,3,402,0.0,0.0,0.0,0.0,0.049497474683058325,2.7755575615628914e-17,0.0,0.0,0.0,0.0,0.06999999999999999,2.7755575615628914e-17,0.0,0.0,0.0,0.0,0.0,0.0,0.5416641025580335,0.4905976126077425,0.07071067811873188,0.22833333333339154,0.22833333333339154,0.1442354166666844,0.14212565616189302,0.2971333333333333,0.27298333333333336,nan,nan,0.3333333333333333,0.3333333333333333,0.3333333333333333,0.3333333333333333
and,3,3,403,0.0,0.0,0.0,0.0,0.0,0.0,0.0,0.0,0.0,0.0,0.0,0.0,0.0,0.0,0.0,0.0,0.0,0.0,0.3257235535440035,0.16286177677200175,0.0,0.25,0.25,0.24568255208333334,0.23750175857841438,0.25,0.25,nan,nan,0.0,0.0,0.6666666666666666,0.6666666666666666
and,3,3,404,0.0,0.0,0.0,0.0,0.0,0.0,0.0,0.0,0.0,0.0,0.0,0.0,0.0,0.0,0.0,0.0,0.0,0.0,0.5948017001488817,0.4068821455488956,0.3125,0.42921875,0.42921875,0.40270914713541667,0.4640390756223873,0.4075,0.4075,nan,nan,1.0,1.0,1.0,1.0
and,3,3,405,0.0,0.0,0.0,0.0,0.0,0.0,0.0,0.0,0.0,0.0,0.0,0.0,0.032998316455372274,0.0,0.0,0.046666666666666745,0.0,0.0,0.5562682581273176,0.3848382496227978,0.04749999999999999,0.32438541666666665,0.32438541666666665,0.27442884114583327,0.23766747133718888,0.29903385416666667,0.29903385416666667,nan,nan,0.3333333333333333,0.3333333333333333,0.6666666666666666,0.6666666666666666
and,3,3,406,0.0,0.0,0.0,0.0,0.0,0.0,0.0,0.0,0.0,0.0,0.0,0.0,0.0,0.0,0.0,0.0,0.0,0.0,0.3032686515286405,0.15163432576432026,0.0,0.25,0.25,0.23212441406250006,0.22739987580270382,0.25,0.25,nan,nan,0.3333333333333333,0.3333333333333333,0.3333333333333333,0.3333333333333333
and,3,3,407,0.0,0.0,0.0,0.0,0.3323401871576773,2.7755575615628914e-17,0.0,0.0,0.0,0.0,0.47,2.7755575615628914e-17,2.7755575615628914e-17,2.7755575615628914e-17,2.7755575615628914e-17,2.7755575615628914e-17,2.7755575615628914e-17,2.7755575615628914e-17,0.7877194932207784,0.48236548396826356,0.29666666666635133,0.11089629629625357,0.11089629629625357,0.09859059722222126,0.033860248580101816,0.16696666666666668,0.13015,nan,nan,0.0,0.0,0.0,0.0
and,3,3,408,0.06599663291068442,0.0,0.0,0.0,0.22861904265986727,0.0,0.09333333333324845,0.0,0.0,0.0,0.28,0.0,0.06599663291068442,0.06599663291068442,0.06599663291068442,0.09333333333324845,0.09333333333324845,0.09333333333324845,0.9373162375456258,0.46918819530336187,0.09333333333350313,0.31802962962956255,0.3165777777777133,0.17043614713541622,0.07012216867887701,0.36946666666666667,0.35204444444444444,nan,nan,0.6666666666666666,1.0,0.0,0.0
and,3,3,409,0.0,0.0,0.0,0.0,0.0,0.0,0.0,0.0,0.0,0.0,0.0,0.0,0.0,0.0,0.0,0.0,0.0,0.0,0.49876879663828205,0.24938439831914103,0.3274236552236261,0.17177135416666667,0.17177135416666667,0.18528688151041672,0.1952275780276539,0.17177135416666667,0.17177135416666667,nan,nan,0.6666666666666666,0.6666666666666666,0.0,0.0
and,3,3,410,0.0016793786053180494,0.0,0.0,0.0,0.0016793786053180494,0.0,0.0023749999999999986,0.0,0.0,0.0,0.0023749999999999986,0.0,0.003535533905932737,0.001767766952966368,0.0016793786053180494,0.004999999999999999,0.0024999999999999988,0.0023749999999999986,1.0483757278126324,0.7705062345853245,0.037375000000000005,0.017761463541666668,0.0177605234375,0.18384012098524305,0.10179361089430529,0.017761463541666668,0.0177605234375,nan,nan,0.0,0.0,0.3333333333333333,0.3333333333333333
and,3,3,411,0.0,0.0,0.0,0.0,0.0,0.0,0.0,0.0,0.0,0.0,0.0,0.0,0.0,0.0,0.0,0.0,0.0,0.0,0.7693872968148097,0.5103515446365332,0.07,0.166752,0.166752,0.15704274609375002,0.11394867171620371,0.166752,0.166752,nan,nan,0.0,0.0,0.3333333333333333,0.3333333333333333
and,3,3,412,0.0,0.0,0.0,0.0,0.0,0.0,0.0,0.0,0.0,0.0,0.0,0.0,0.0,0.0,0.0,0.0,0.0,0.0,0.46122798050421876,0.30709180626901894,0.22562413434736983,0.18101875,0.18101875,0.20090898437500002,0.20193417063720318,0.18101875,0.18101875,nan,nan,0.3333333333333333,0.3333333333333333,0.0,0.3333333333333333
and,3,3,413,0.0,0.0,0.0,0.0,0.0,0.0,0.0,0.0,0.0,0.0,0.0,0.0,0.0,0.0,0.0,0.0,0.0,0.0,0.533599217578137,0.40573371332372393,0.12625,0.1748046875,0.1748046875,0.18914069010416665,0.15799563614593656,0.17546874999999998,0.17546874999999998,nan,nan,0.0,0.0,0.3333333333333333,0.3333333333333333
and,3,3,414,0.0,0.0,0.0,0.0,0.0,0.0,0.0,0.0,0.0,0.0,0.0,0.0,0.0,0.0,0.0,0.0,0.0,0.0,0.32808154474154744,0.22968046861949165,0.16000000000000003,0.20519999999999997,0.20519999999999997,0.20357578125,0.19586297808522035,0.25,0.25,nan,nan,0.0,0.0,0.3333333333333333,0.3333333333333333
and,3,3,415,0.0,0.0,0.0,0.0,0.0,0.0,0.0,0.0,0.0,0.0,0.0,0.0,0.0,0.0,0.0,0.0,0.0,0.0,0.7715919420263537,0.491431422471732,0.0,0.16666672000000002,0.16666672000000002,0.11078698211249999,0.06346233349086651,0.16666672000000002,0.16666672000000002,nan,nan,0.0,0.0,0.0,0.0
and,3,3,416,0.04949747468305829,0.0,0.0,0.0,0.060104076400856514,0.0,0.06999999999999995,0.0,0.0,0.0,0.08499999999999996,0.0,0.07071067811865474,0.07954951288348659,0.04949747468305829,0.09999999999999998,0.11249999999999999,0.06999999999999995,0.4372141923588483,0.25660655039951524,0.06999999999999995,0.27496666666666664,0.25081666666666663,0.250057421875,0.25062451802530045,0.28074166666666667,0.2512041666666667,nan,nan,0.3333333333333333,0.3333333333333333,0.3333333333333333,0.3333333333333333
and,3,3,417,0.0,0.0,0.0,0.0,0.0,0.0,0.0,0.0,0.0,0.0,0.0,0.0,0.0,0.0,0.0,0.0,0.0,0.0,0.5052629266035654,0.3171294499511969,0.0,0.1828,0.1828,0.1684789713541667,0.17797463332506566,0.1828,0.1828,nan,nan,0.6666666666666666,0.6666666666666666,0.0,0.0
and,3,3,418,0.0,0.0,0.0,0.0,0.0,0.0,0.0,0.0,0.0,0.0,0.0,0.0,0.0,0.0,0.0,0.0,0.0,0.0,0.5311735239072068,0.283182800190733,0.0,0.2297416666666667,0.2297416666666667,0.17564469401041669,0.15718905254423543,0.2297416666666667,0.2297416666666667,nan,nan,0.0,0.0,0.0,0.0
and,3,3,419,0.0,0.0,0.0,0.0,0.0,0.0,0.0,0.0,0.0,0.0,0.0,0.0,0.0,0.0,0.0,0.0,0.0,0.0,0.9257640425616023,0.5248359709304347,0.040072590382953785,0.17373252083333332,0.17373252083333332,0.19832989583333335,0.22499664225912572,0.17373252083333332,0.17373252083333332,nan,nan,0.3333333333333333,0.3333333333333333,0.3333333333333333,0.3333333333333333
and,3,3,420,0.008750446417183543,0.0,0.0,0.0,0.017500892834367086,0.0,0.012375000000000025,0.0,0.0,0.0,0.02475000000000005,0.0,0.0,0.008750446417183543,0.008750446417183543,0.0,0.012375000000000025,0.012375000000000025,0.5419705077308175,0.27668273351511274,0.012375000000000025,0.254176046875,0.2500255234375,0.178129779296875,0.1630270099107557,0.2584541875,0.25010209375,nan,nan,0.3333333333333333,0.3333333333333333,0.0,0.0
and,3,3,421,0.0,0.0,0.0,0.0,0.0,0.0,0.0,0.0,0.0,0.0,0.0,0.0,0.0,0.0,0.0,0.0,0.0,0.0,0.7747580267412529,0.45633234062271116,0.0,0.1667,0.1667,0.18631442057291667,0.20165448988310133,0.1667,0.1667,nan,nan,0.0,0.0,0.0,0.0
and,3,3,422,0.0,0.0,0.0,0.0,0.0,0.0,0.0,0.0,0.0,0.0,0.0,0.0,0.0,0.0,0.0,0.0,0.0,0.0,0.29303370113350447,0.2237319649278391,0.19637336886655482,0.19326875,0.19326875,0.2793396417942176,0.2717382895046029,0.19326875,0.19326875,nan,nan,0.0,0.0,0.6666666666666666,0.6666666666666666
and,3,3,423,0.0,0.0,0.0,0.0,0.0,0.0,0.0,0.0,0.0,0.0,0.0,0.0,0.0,0.0,0.0,0.0,0.0,0.0,0.6188901356460612,0.3889814686268273,0.245,0.18834166666666666,0.18834166666666666,0.19799218750000003,0.19410174767505575,0.25,0.25,nan,nan,0.3333333333333333,0.3333333333333333,0.3333333333333333,0.3333333333333333
and,3,3,424,0.0,0.0,0.0,0.0,0.0,0.0,0.0,0.0,0.0,0.0,0.0,0.0,0.0,0.0,0.0,0.0,0.0,0.0,0.7360758389086005,0.36803791945430026,0.0,0.25,0.25,0.16017307584635418,0.0807505763905541,0.25,0.25,nan,nan,0.3333333333333333,0.3333333333333333,0.0,0.0
and,3,3,425,0.0,0.0,0.0,0.0,0.0,0.0,0.0,0.0,0.0,0.0,0.0,0.0,0.0,0.0,0.0,0.0,0.0,0.0,0.36355306811156657,0.23226359441004318,0.16000000000000003,0.20519999999999997,0.20519999999999997,0.21188133680555557,0.2064103291908916,0.25,0.25,nan,nan,0.3333333333333333,0.3333333333333333,0.3333333333333333,0.0
and,3,3,426,0.23332166756563044,0.0,0.0,0.0,0.3534826799151551,0.0,0.3299666666668213,0.0,0.0,0.0,0.4999,0.0,0.23332166756563044,0.23332166756563044,0.23332166756563044,0.3299666666668213,0.3299666666668213,0.3299666666668213,0.8539414713193537,0.5193014426804374,0.3106112271707838,0.1763037781481306,0.1581574446295951,0.08466368036157818,0.01398592414635668,0.16666667,0.12501666833333333,nan,nan,0.0,0.0,0.0,0.0
and,3,3,427,0.0,0.0,0.0,0.0,0.0,0.0,0.0,0.0,0.0,0.0,0.0,0.0,0.0,0.0,0.0,0.0,0.0,0.0,0.8380082506306248,0.5026524904257831,0.46875,0.08338542187500002,0.08338542187500002,0.12572828808593753,0.07392039561593046,0.08338542187500002,0.08338542187500002,nan,nan,0.3333333333333333,0.3333333333333333,0.0,0.0
and,3,3,428,0.3292937518387087,0.0,0.0,0.0,0.43752232085917636,0.0,0.4587500000000001,0.0,0.0,0.0,0.6187500000000001,0.0,0.14259986753928708,0.27166922289189704,0.3292937518387087,0.20166666666666666,0.38250000000000006,0.4587500000000001,0.7692549154864077,0.3988412087047844,0.33889756933327225,0.3345338541666667,0.2983890625,0.3113865234375,0.285970722237118,0.30680052083333337,0.24299192708333336,nan,nan,0.3333333333333333,1.0,1.0,1.0
and,3,3,429,0.0,0.0,0.0,0.0,0.0,0.023094010767585018,0.0,0.0,0.0,0.0,0.0,0.04000000000000009,0.0,0.0,0.0,0.0,0.0,0.0,0.44,0.31210289106120065,0.0,0.1678666666666667,0.1678666666666667,0.21080703124999997,0.19268176277002932,0.1678666666666667,0.1678666666666667,nan,nan,0.3333333333333333,0.3333333333333333,0.3333333333333333,0.3333333333333333
and,3,3,430,0.340295138446026,0.0,0.0,0.0,0.340295138446026,0.0,0.48125,0.0,0.0,0.0,0.48125,0.0,0.34294678887547553,0.34117902192250915,0.340295138446026,0.485,0.4825,0.48125,0.8541683455268054,0.5185018924435325,0.3405265224619075,0.16678385416666666,0.12818359375,0.08729737109375,0.01594522206810729,0.16678385416666666,0.12818359375,nan,nan,0.0,0.0,0.0,0.0
and,3,3,431,0.17044808960501726,0.0,0.0,0.0,0.34718942956259485,0.0,0.24105,0.0,0.0,0.0,0.491,0.0,0.17292296333917018,0.17115519638620383,0.17044808960501726,0.24455,0.24205,0.24105,0.8075198139983935,0.5225721029524607,0.2490207872849172,0.29237075083333336,0.28268656708333334,0.2369351928125,0.16607980098349093,0.35486241666666674,0.31468225000000005,nan,nan,0.3333333333333333,0.3333333333333333,0.3333333333333333,0.3333333333333333
and,3,3,432,0.040824829046423414,0.0,0.0,0.0,0.14696938456705758,0.0,0.049999999999954525,0.0,0.0,0.0,0.18000000000000005,0.0,0.040824829046423414,0.040824829046423414,0.040824829046423414,0.049999999999954525,0.049999999999954525,0.049999999999954525,0.9248282272941278,0.6336731961621697,0.049999999999954525,0.26749999999998336,0.2669444444444288,0.09901641541666857,0.020474644702100496,0.32080000000000003,0.31360000000000005,nan,nan,0.3333333333333333,1.0,0.0,0.0
and,3,3,433,0.0,0.0,0.0,0.0,0.0,0.0,0.0,0.0,0.0,0.0,0.0,0.0,0.0,0.0,0.0,0.0,0.0,0.0,0.8595374664608868,0.569789208670206,0.0009,0.166667,0.166667,0.11527093471354168,0.016880942262064682,0.166667,0.166667,nan,nan,0.0,0.0,0.0,0.0
and,3,3,434,0.008179128813519695,0.0,0.0,0.0,0.027424137786507152,0.0,0.014166666666666605,0.0,0.0,0.0,0.04749999999999999,0.0,0.0009622504486493986,0.011065880159467762,0.008179128813519695,0.0016666666666666496,0.0191666666666665,0.014166666666666605,0.8097893437493482,0.515028385405821,0.0384509066501978,0.4008168981481482,0.39764645061728404,0.24980565169270832,0.15845202435089165,0.39266875000000007,0.3818625,nan,nan,0.3333333333333333,0.3333333333333333,0.3333333333333333,0.3333333333333333
and,3,3,435,0.0,0.0,0.0,0.0,0.0,0.0,0.0,0.0,0.0,0.0,0.0,0.0,0.0,0.0,0.0,0.0,0.0,0.0,0.47,0.3064419111590718,0.0,0.16696666666666668,0.16696666666666668,0.20396373697916667,0.18367545932338766,0.16696666666666668,0.16696666666666668,nan,nan,0.3333333333333333,0.3333333333333333,0.3333333333333333,0.3333333333333333
and,3,3,436,0.0,0.0,0.0,0.0,0.0,0.0,0.0,0.0,0.0,0.0,0.0,0.0,0.0,0.0,0.0,0.0,0.0,0.0,0.7765164699637735,0.5149102964863315,0.350001635567607,0.08345052184166667,0.08345052184166667,0.08660064211597389,0.04400553166145251,0.08345052184166667,0.08345052184166667,nan,nan,0.0,0.0,0.0,0.0
and,3,3,437,0.0,0.0,0.0,0.0,0.0,0.01347150628109129,0.0,0.0,0.0,0.0,0.0,0.023333333333333373,0.0,0.0,0.0,0.0,0.0,0.0,0.36585516259853434,0.265712066811611,0.11165500561003863,0.1993056134259259,0.1993056134259259,0.18669403211805558,0.19300476534709884,0.1928,0.1928,nan,nan,0.6666666666666666,0.6666666666666666,0.3333333333333333,0.3333333333333333
and,3,3,438,0.0,0.0,0.0,0.0,0.0011547005383793698,0.0,0.0,0.0,0.0,0.0,0.002000000000000125,0.0,0.0,0.0,0.0,0.0,0.0,0.0,0.6962719027075557,0.4457331332828103,0.1250062498437578,0.08431666666666669,0.08431666666666669,0.19212697005208335,0.17877065845844953,0.049598,0.049597555555555554,nan,nan,0.0,0.0,0.0,0.3333333333333333
and,3,3,439,0.11313708498984763,0.0,0.0,0.0,0.2262741699796952,0.0,0.16000000000000003,0.0,0.0,0.0,0.32,0.0,0.11313708498984763,0.11313708498984763,0.11313708498984763,0.16000000000000003,0.16000000000000003,0.16000000000000003,0.8530038192323643,0.5429415964504295,0.16000000000000003,0.20519999999999997,0.20093333333333332,0.055108666992187506,0.007133359769417611,0.17746666666666666,0.1604,nan,nan,0.0,0.0,0.0,0.0
and,3,3,440,0.0,0.0,0.0,0.0,0.0,0.0,0.0,0.0,0.0,0.0,0.0,0.0,0.0,0.0,0.0,0.0,0.0,0.0,0.4466209942445608,0.22331049712228043,0.0,0.25,0.25,0.1919681315104167,0.18123056950034214,0.25,0.25,nan,nan,0.3333333333333333,0.3333333333333333,0.0,0.0
and,3,3,441,0.09545941546018395,0.0,0.0,0.0,0.2474873734152916,0.0,0.13500000000000004,0.0,0.0,0.0,0.35,0.0,0.09545941546018395,0.09545941546018395,0.09545941546018395,0.13500000000000004,0.13500000000000004,0.13500000000000004,0.6894200461257273,0.5003104023748525,0.13500000000000004,0.11790833333333335,0.11487083333333332,0.10879270833333334,0.09335769359137054,0.17416666666666666,0.15375,nan,nan,0.3333333333333333,0.3333333333333333,0.0,0.0
and,3,3,442,0.0,0.0,0.0,0.0,0.0,0.0,0.0,0.0,0.0,0.0,0.0,0.0,0.0,0.0,0.0,0.0,0.0,0.0,0.8193240449449778,0.4096620224724889,0.43125,0.4557421875,0.4557421875,0.21782899772135414,0.13149998423465944,0.4557421875,0.4557421875,nan,nan,0.3333333333333333,0.3333333333333333,0.3333333333333333,0.3333333333333333
and,3,3,443,0.0,0.0,0.0,0.0,0.0,0.0,0.0,0.0,0.0,0.0,0.0,0.0,0.0,0.0,0.0,0.0,0.0,0.0,0.28887713651308566,0.14443856825654283,0.0,0.25,0.25,0.2670163194444444,0.26193687305106156,0.25,0.25,nan,nan,0.0,0.0,0.6666666666666666,0.6666666666666666
and,3,3,444,0.25897785860957306,0.0,0.0,0.0,0.25897785860957306,0.0,0.36625,0.0,0.0,0.0,0.36625,0.0,0.2474873734152916,0.2704683438038544,0.25897785860957306,0.35,0.3825,0.36625,0.7020973045098521,0.4398430887593932,0.36625,0.1726296875,0.15027317708333335,0.2232539757291667,0.18472525761036154,0.1726296875,0.15027317708333335,nan,nan,0.0,0.0,0.3333333333333333,0.3333333333333333
and,3,3,445,0.0,0.0,0.0,0.0,0.0,0.016358257627039456,0.0,0.0,0.0,0.0,0.0,0.02833333333333321,0.0,0.0,0.0,0.0,0.0,0.0,0.56283045848639,0.3566643658477912,0.057083333333333264,0.40023616898148145,0.40023616898148145,0.3000127387152778,0.29464735948271475,0.4039713541666667,0.4039713541666667,nan,nan,0.6666666666666666,0.6666666666666666,0.6666666666666666,0.6666666666666666
and,3,3,446,0.0,0.0,0.0,0.0,0.0,0.0,0.0,0.0,0.0,0.0,0.0,0.0,0.0,0.0,0.0,0.0,0.0,0.0,0.47,0.34227010321768686,0.21499999999999997,0.19374166666666667,0.19374166666666667,0.16980289713541666,0.17959452423424963,0.19374166666666667,0.19374166666666667,nan,nan,0.6666666666666666,0.6666666666666666,0.0,0.0
and,3,3,447,0.17645267602107942,0.0,0.0,0.0,0.07577722283113843,0.03485026278705128,0.3056250000000001,0.0,0.0,0.0,0.13125000000000014,0.049285714285714294,0.157327948354173,0.1717617050839136,0.17645267602107942,0.2725,0.29749999999999993,0.3056250000000001,0.8833631759575193,0.5584619886797235,0.22777541707787524,0.20545221354166662,0.19507369791666665,0.22908117858471513,0.27077447684856837,0.2591088541666666,0.25719479166666664,nan,nan,0.3333333333333333,0.3333333333333333,0.3333333333333333,0.3333333333333333
and,3,3,448,0.2819588289981358,0.0,0.0,0.0,0.2819588289981358,0.0,0.39875,0.0,0.0,0.0,0.39875,0.0,0.30228814895724904,0.2996364985277995,0.2819588289981358,0.4275,0.42374999999999996,0.39875,0.7548157887855818,0.4812177202408774,0.39875,0.10928385416666668,0.08278359375000002,0.16840722656250004,0.1506515446249855,0.10928385416666668,0.08278359375000002,nan,nan,0.0,0.0,0.3333333333333333,0.3333333333333333
and,3,3,449,0.0,0.0,0.0,0.0,0.0,0.0,0.0,0.0,0.0,0.0,0.0,0.0,0.0,0.0,0.0,0.0,0.0,0.0,0.5937868409623103,0.3320372880468718,0.0,0.25,0.25,0.19342281901041666,0.1666495657106759,0.25,0.25,nan,nan,0.0,0.0,0.3333333333333333,0.3333333333333333
and,3,3,450,0.33941125496954283,0.0,0.0,0.0,0.33941125496954283,0.0,0.48,0.0,0.0,0.0,0.48,0.0,0.33941125496954283,0.33941125496954283,0.33941125496954283,0.48,0.48,0.48,0.8520782772873629,0.4260391386436814,0.48,0.16679999999999998,0.1284,0.14215702897135418,0.027239978597980895,0.16679999999999998,0.1284,nan,nan,0.0,0.0,0.0,0.0
and,3,3,451,0.0,0.0,0.0,0.0,0.0,0.0,0.0,0.0,0.0,0.0,0.0,0.0,0.0,0.0,0.0,0.0,0.0,0.0,0.5396946474628037,0.4170831151248499,0.0,0.48679999999999995,0.48679999999999995,0.3207056315104167,0.3949670587749851,0.48679999999999995,0.48679999999999995,nan,nan,1.0,1.0,0.6666666666666666,0.6666666666666666
and,3,3,452,0.11313708498984763,0.0,0.0,0.0,0.2262741699796952,0.0,0.16000000000000003,0.0,0.0,0.0,0.32,0.0,0.11313708498984763,0.11313708498984763,0.11313708498984763,0.16000000000000003,0.16000000000000003,0.16000000000000003,0.6694027188471825,0.40660293029066635,0.16000000000000003,0.3118666666666667,0.2542666666666667,0.19073637152777775,0.2017843921847282,0.39080000000000004,0.2670666666666666,nan,nan,0.3333333333333333,0.3333333333333333,0.3333333333333333,0.3333333333333333
and,3,3,453,0.0,0.0,0.0,0.0,0.0,0.0,0.0,0.0,0.0,0.0,0.0,0.0,0.0,0.0,0.0,0.0,0.0,0.0,0.7593272207191047,0.45860349826835195,0.0,0.25,0.25,0.16281293131510416,0.13609186152763494,0.25,0.25,nan,nan,0.3333333333333333,0.3333333333333333,0.3333333333333333,0.3333333333333333
and,3,3,454,0.0,0.0,0.0,0.0,0.0,0.0,0.0,0.0,0.0,0.0,0.0,0.0,0.0,0.0,0.0,0.0,0.0,0.0,0.45225995013929765,0.2695723584787437,0.07500000000000001,0.169675,0.169675,0.16773076171875,0.15539386583093998,0.15030000000000002,0.15030000000000002,nan,nan,0.0,0.0,0.0,0.0
and,3,3,455,0.11313708498984763,0.0,0.0,0.0,0.2262741699796952,0.0,0.16000000000000003,0.0,0.0,0.0,0.32,0.0,0.11313708498984763,0.11313708498984763,0.11313708498984763,0.16000000000000003,0.16000000000000003,0.16000000000000003,0.5440588203494178,0.3661147809981607,0.1700183813591931,0.3321354166666667,0.2745354166666667,0.1948981119791667,0.19736478329651805,0.4461416666666667,0.32240833333333335,nan,nan,0.6666666666666666,0.6666666666666666,0.3333333333333333,0.3333333333333333
and,3,3,456,0.0,0.0,0.0,0.0,0.0,0.0,0.0,0.0,0.0,0.0,0.0,0.0,0.0,0.0,0.0,0.0,0.0,0.0,0.8156985120128637,0.5528404603018934,0.0,0.0013713541666666666,0.0013713541666666666,0.08258726822916665,0.024765399456576794,0.0013713541666666666,0.0013713541666666666,nan,nan,0.0,0.0,0.0,0.0
and,3,3,457,0.0,0.0,0.0,0.0,0.0,0.0,0.0,0.0,0.0,0.0,0.0,0.0,0.0,0.0,0.0,0.0,0.0,0.0,0.8103088627955393,0.5314609833750602,0.0,0.2845751510416667,0.2845751510416667,0.18973899362304691,0.12814965513050927,0.2845751510416667,0.2845751510416667,nan,nan,0.3333333333333333,0.3333333333333333,0.3333333333333333,0.3333333333333333
and,3,3,458,0.0,0.0,0.0,0.0,0.0,0.0,0.0,0.0,0.0,0.0,0.0,0.0,0.0,0.0,0.0,0.0,0.0,0.0,0.780099152351802,0.5268226206007611,0.0,0.10500377604166668,0.10500377604166668,0.10905980631510415,0.07743210153064212,0.10500377604166668,0.10500377604166668,nan,nan,0.3333333333333333,0.3333333333333333,0.0,0.0
and,3,3,459,0.13617992722176425,0.0,0.0,0.0,0.14855429589252883,0.0,0.19258750000000002,0.0,0.0,0.0,0.21008750000000004,0.0,0.14478011344794564,0.13677212915100795,0.13617992722176425,0.20475000000000002,0.193425,0.19258750000000002,0.965023101245509,0.67282788496308,0.19258750000000002,0.01431177338541667,0.008130115859375004,0.09816301047092015,0.13546768236005527,0.016805523385416674,0.009449397109375006,nan,nan,0.0,0.0,0.0,0.3333333333333333
and,3,3,460,0.0,0.0,0.0,0.0,0.0,0.0,0.0,0.0,0.0,0.0,0.0,0.0,0.0,0.0,0.0,0.0,0.0,0.0,1.0452452972891586,0.6675080385409431,0.1574597059324922,0.3468904295280612,0.3468904295280612,0.14101378272480866,0.13653608737317535,0.3540841875,0.3540841875,nan,nan,0.3333333333333333,0.3333333333333333,0.0,0.3333333333333333
and,3,3,461,0.0,0.0,0.0,0.0,0.042426406871192854,0.0,0.0,0.0,0.0,0.0,0.06,0.0,0.0,0.0,0.0,0.0,0.0,0.0,0.8248604011020593,0.4875925081568883,0.0,0.2306,0.2306,0.12310006263138018,0.045809148985442284,0.2312,0.2306,nan,nan,0.0,0.0,0.0,0.0
and,3,3,462,0.10244358838933419,0.0,0.0,0.0,0.0858808525419568,0.0,0.17743749999999997,0.0,0.0,0.0,0.14874999999999997,0.0,0.0923760430703401,0.09959292143521038,0.10244358838933419,0.15999999999999998,0.1725,0.17743749999999997,0.7123156614609143,0.46209620791192935,0.2959151654718798,0.11007052213541668,0.10657229253472224,0.1872327768554687,0.23049860144165488,0.11115885416666667,0.10870034722222223,nan,nan,0.0,0.0,0.3333333333333333,0.3333333333333333
and,3,3,463,0.0,0.0,0.0,0.0,0.0,0.0,0.0,0.0,0.0,0.0,0.0,0.0,0.0,0.0,0.0,0.0,0.0,0.0,0.3735959827585589,0.28272446628091924,0.2506578151141069,0.24830422453703702,0.24830422453703702,0.3065841796875,0.29407558851936016,0.17546874999999998,0.17546874999999998,nan,nan,0.3333333333333333,0.3333333333333333,0.6666666666666666,0.6666666666666666
and,3,3,464,0.0,0.0,0.0,0.0,0.0,0.0,0.0,0.0,0.0,0.0,0.0,0.0,0.0,0.0,0.0,0.0,0.0,0.0,0.5161788691916785,0.29614434165236575,0.0,0.25,0.25,0.1783341796875,0.15912698029571806,0.25,0.25,nan,nan,0.0,0.0,0.3333333333333333,0.3333333333333333
and,3,3,465,0.2085965004500315,0.0,0.0,0.0,0.23688077169749344,0.0,0.295,0.0,0.0,0.0,0.335,0.0,0.1979898987322333,0.2032931995911324,0.2085965004500315,0.27999999999999997,0.2875,0.295,0.7811702759322068,0.5347489957870138,0.295,0.16294166666666665,0.1484375,0.10165762958541665,0.03129272069548918,0.17574166666666668,0.15703750000000002,nan,nan,0.0,0.0,0.0,0.0
and,3,3,466,0.2009914371051366,0.0,0.0,0.0,0.23630121731832546,0.0,0.34812738095238094,0.0,0.0,0.0,0.40928571428571436,0.0,0.25692086978938344,0.25983167739654783,0.2009914371051366,0.44499999999999995,0.45004166666666656,0.34812738095238094,0.5020604207293433,0.3366471611797104,0.2695867623902662,0.07403732366260392,0.06057147106607457,0.02672374467988237,0.017002550306240052,0.09416683673469385,0.07555408163265305,nan,nan,0.0,0.0,0.0,0.0
and,3,3,467,0.0,0.0,0.0,0.0,0.0,0.0,0.0,0.0,0.0,0.0,0.0,0.0,0.0,0.0,0.0,0.0,0.0,0.0,0.6276051953656853,0.45038944856779284,0.0,0.1667,0.1667,0.17881095377604164,0.1386811766574851,0.1667,0.1667,nan,nan,0.0,0.0,0.3333333333333333,0.3333333333333333
and,3,3,468,0.0,0.0,0.0,0.0,0.0,0.0,0.0,0.0,0.0,0.0,0.0,0.0,0.0,0.0,0.0,0.0,0.0,0.0,0.8444935797565307,0.5258641002164824,0.4037798170101837,0.08346708854166668,0.08346708854166668,0.08320037174479171,0.018974977506133996,0.08346708854166668,0.08346708854166668,nan,nan,0.0,0.0,0.0,0.0
or,3,3,469,0.4432887303300776,0.0,0.0,0.0,0.6726353256037033,0.0,0.5930625,0.0,0.0,0.0,0.95125,0.0,0.5051955479483131,0.44225064772911177,0.4432887303300776,0.7022499999999999,0.591125,0.5930625,0.8442656974036669,0.5923832952092377,0.48763876630785824,0.21195135546875,0.14644972265625,0.13434728005859375,0.040781068192510074,0.4029026041666666,0.25208984375000004,nan,nan,0.3333333333333333,0.0,0.0,0.0
or,3,3,470,0.419049156200577,0.0,0.0,0.0,0.634865471314044,0.0,0.5926249999998575,0.0,0.0,0.0,0.8975,0.0,0.4169572986395668,0.41996250245960964,0.419049156200577,0.5896666666665242,0.5939166666665242,0.5926249999998575,0.9087283678459909,0.5062687742299583,0.4632538319832633,0.41463192650466224,0.3560978614005237,0.25566225745080473,0.19953710301089958,0.37038541666666663,0.2360340277777778,nan,nan,0.3333333333333333,0.6666666666666666,0.6666666666666666,0.6666666666666666
or,3,3,471,0.0,0.0,0.0,0.0,0.0,0.0,0.0,0.0,0.0,0.0,0.0,0.0,0.0,0.0,0.0,0.0,0.0,0.0,0.6592668276198947,0.4563778039529934,0.24,0.3492,0.3492,0.20567144618055141,0.16122721167286588,0.2788,0.2788,nan,nan,0.3333333333333333,0.3333333333333333,0.6666666666666666,0.0
or,3,3,472,0.0,0.0,0.0,0.0,0.0,0.0,0.0,0.0,0.0,0.0,0.0,0.0,0.0,0.0,0.0,0.0,0.0,0.0,0.8355911455370981,0.4177955727685491,0.48,0.16679999999999998,0.16679999999999998,0.14394192838541667,0.04664059951889277,0.16679999999999998,0.16679999999999998,nan,nan,0.0,0.0,0.0,0.0
or,3,3,473,0.0,0.0,0.0,0.0,0.0,0.01635825762703942,0.0,0.0,0.0,0.0,0.0,0.028333333333333377,0.0,0.0,0.0,0.0,0.0,0.0,0.3959784821594898,0.2684204766956138,0.011666666666666686,0.1825564814814815,0.1825564814814815,0.18469025607638886,0.17216167281709363,0.1733171875,0.1733171875,nan,nan,0.0,0.0,0.0,0.0
or,3,3,474,0.21501076631100746,0.0,0.0,0.0,0.3244482495973092,0.0,0.26333333333347575,0.0,0.0,0.0,0.42000000000000004,0.0,0.21501076631100746,0.21501076631100746,0.21501076631100746,0.26333333333347575,0.26333333333347575,0.26333333333347575,1.2992204019248552,0.6496257214353766,0.26333333333347575,0.47178518518511264,0.4563753086419111,0.19727634924768508,0.04532628912376808,0.6177666666666667,0.5826777777777777,nan,nan,0.6666666666666666,1.0,0.0,0.0
or,3,3,475,0.023094010767585004,0.0,0.0,0.0,0.023094010767585004,0.0,0.040000000000000036,0.0,0.0,0.0,0.040000000000000036,0.0,0.023094010767585004,0.023094010767585004,0.023094010767585004,0.040000000000000036,0.040000000000000036,0.040000000000000036,0.5078524022784572,0.36079900130914505,0.21999999999999997,0.2669333333333333,0.2667555555555556,0.23826070963541665,0.21910541126073194,0.2669333333333333,0.2667555555555556,nan,nan,0.3333333333333333,0.6666666666666666,0.3333333333333333,0.3333333333333333
or,3,3,476,0.0,0.0,0.0,0.0,0.12993087104302808,0.0,0.0,0.0,0.0,0.0,0.18374999999999997,0.0,0.0,0.0,0.0,0.0,0.0,0.0,0.24758047933954724,0.12379023966977361,0.018124999999999947,0.19428085937499998,0.19428085937499998,0.233777001953125,0.22902647079908198,0.138134375,0.13250703125,nan,nan,0.3333333333333333,0.3333333333333333,0.6666666666666666,0.6666666666666666
or,3,3,477,0.0,0.0,0.0,0.0,0.0,0.0,0.0,0.0,0.0,0.0,0.0,0.0,0.0,0.0,0.0,0.0,0.0,0.0,0.5796887634757121,0.41486353875243265,0.0,0.25,0.25,0.28731539713541665,0.25472244146261636,0.25,0.25,nan,nan,0.0,0.0,0.6666666666666666,0.6666666666666666
or,3,3,478,0.14830685039808522,0.0,0.0,0.0,0.13928575244199728,0.0,0.2568750000000002,0.0,0.0,0.0,0.2412500000000002,0.0,0.1457809429703806,0.14866769431632865,0.14830685039808522,0.25250000000000017,0.25750000000000006,0.2568750000000002,0.9990857507603886,0.5399497009655368,0.5415346393583702,0.600044921875,0.5356299479166667,0.22388684929049743,0.22741152986036073,0.5903671875000002,0.5302892361111111,nan,nan,0.6666666666666666,1.0,0.3333333333333333,0.6666666666666666
or,3,3,479,0.0,0.0,0.0,0.0,0.1626345596729059,0.0,0.0,0.0,0.0,0.0,0.22999999999999998,0.0,0.0,0.0,0.0,0.0,0.0,0.0,1.1236529945153588,0.5995826497780105,0.125,0.3919416666666667,0.3919416666666667,0.1949485028211805,0.06114892035455204,0.3443,0.33548333333333336,nan,nan,0.6666666666666666,0.6666666666666666,0.0,0.0
or,3,3,480,0.32261746891636234,0.0,0.0,0.0,0.32703688629877825,0.0,0.45625000000000004,0.0,0.0,0.0,0.4625,0.0,0.31819805153394637,0.31643028458098,0.32261746891636234,0.44999999999999996,0.4475,0.45625000000000004,0.8149893500071029,0.40749467500355147,0.45625000000000004,0.083972859375,0.20136218229166666,0.22234807584635416,0.17726089628265182,0.08380358854166665,0.20231921354166668,nan,nan,0.0,0.3333333333333333,0.3333333333333333,0.3333333333333333
or,3,3,481,0.0,0.0,0.0,0.0,0.0008838834764831656,0.0,0.0,0.0,0.0,0.0,0.0012499999999999734,0.0,0.0,0.0,0.0,0.0,0.0,0.0,0.5458107501689574,0.3836044929336588,0.2275386299620352,0.3574522135416667,0.3574522135416667,0.2436668131510417,0.24008663964920707,0.3526151041666667,0.35303151041666675,nan,nan,0.6666666666666666,0.6666666666666666,0.3333333333333333,0.3333333333333333
or,3,3,482,0.05922019292437335,0.0,0.0,0.015340643062867258,0.15556349186104043,0.0,0.08374999999999999,0.0,0.0,0.026570773205665144,0.21999999999999997,0.0,0.03181980515339459,0.028284271247461926,0.05922019292437335,0.04499999999999993,0.040000000000000036,0.08374999999999999,0.6650741969885766,0.41845432362200413,0.08374999999999999,0.15296354166666667,0.17971119791666665,0.30562528515625004,0.40451356407464106,0.12134218749999999,0.1866088541666667,nan,nan,0.0,0.3333333333333333,0.6666666666666666,0.6666666666666666
or,3,3,483,0.0,0.0,0.0,0.0,0.15516288484471194,0.0,0.0,0.0,0.0,0.0,0.26875000000000004,0.0,0.0,0.0,0.0,0.0,0.0,0.0,0.6609644153306086,0.46034884417868954,0.0,0.06377534722222224,0.06377534722222224,0.18619388802083336,0.14885708029122235,0.07180052083333334,0.06377534722222224,nan,nan,0.0,0.0,0.3333333333333333,0.0
or,3,3,484,0.0,0.0,0.0,0.0,0.05656854249492382,0.0,0.0,0.0,0.0,0.0,0.08000000000000002,0.0,0.0,0.0,0.0,0.0,0.0,0.0,0.4590351634134361,0.30406772574233115,0.023333333333139306,0.21686296296302418,0.21686296296302418,0.1601647732204848,0.14540974981516014,0.20963333333333334,0.20856666666666665,nan,nan,0.0,0.0,0.0,0.0
or,3,3,485,0.0,0.0,0.0,0.0,0.0,0.053504413109782115,0.0,0.0,0.0,0.0,0.0,0.07566666666666669,0.0,0.0,0.0,0.0,0.0,0.0,0.5901133718757785,0.3464519903691923,0.0,0.25,0.25,0.22789167621524128,0.22117902994417682,0.25,0.25,nan,nan,0.3333333333333333,0.3333333333333333,0.3333333333333333,0.3333333333333333
or,3,3,486,0.0,0.0,0.0,0.024256114993779332,0.19091883092036782,0.0,0.0,0.0,0.0,0.042012823563459034,0.27,0.0,0.0,0.0,0.0,0.0,0.0,0.0,0.6992632730238304,0.41201103162836245,0.18224725649512527,0.20491302083333332,0.20491302083333332,0.2276539401041667,0.1684460204261036,0.11566666666666665,0.10351666666666666,nan,nan,0.3333333333333333,0.3333333333333333,0.3333333333333333,0.3333333333333333
or,3,3,487,0.15556349186104043,0.0,0.0,0.0,0.15556349186104043,0.0,0.21999999999999997,0.0,0.0,0.0,0.21999999999999997,0.0,0.15556349186104043,0.15556349186104043,0.15556349186104043,0.21999999999999997,0.21999999999999997,0.21999999999999997,0.38105117766515295,0.241741202956788,0.17088007490635057,0.1928,0.25806666666666667,0.2753583333333333,0.2717230221414317,0.1928,0.25806666666666667,nan,nan,0.0,0.3333333333333333,0.6666666666666666,0.6666666666666666
or,3,3,488,0.0,0.0,0.0,0.0,0.0,0.0,0.0,0.0,0.0,0.0,0.0,0.0,0.0,0.0,0.0,0.0,0.0,0.0,0.3555321715400731,0.20301796504099812,0.030052038200428257,0.17416666666666666,0.17416666666666666,0.23027506510416665,0.21958583389022,0.17416666666666666,0.17416666666666666,nan,nan,0.3333333333333333,0.3333333333333333,0.3333333333333333,0.3333333333333333
or,3,3,489,0.028578899072956368,0.0,0.0,0.0,0.0309359216769115,0.0019245008972987169,0.04041666666666677,0.0,0.0,0.0,0.04375000000000007,0.0033333333333332993,0.05421151989096872,0.025337992992517988,0.028578899072956368,0.07666666666666677,0.035833333333333384,0.04041666666666677,0.38778618464303244,0.22122258362030534,0.04041666666666677,0.24004728009259257,0.25324725115740737,0.24291586371527776,0.23717630469537218,0.25240468749999995,0.2666690104166667,nan,nan,0.3333333333333333,0.3333333333333333,0.6666666666666666,0.6666666666666666
or,3,3,490,0.0,0.0,0.0,0.0,0.0,0.0,0.0,0.0,0.0,0.0,0.0,0.0,0.0,0.0,0.0,0.0,0.0,0.0,0.6788501307357906,0.33942506536789524,0.4175,0.16893541666666667,0.16893541666666667,0.16210078125000002,0.11557167542644986,0.16879999999999998,0.16879999999999998,nan,nan,0.0,0.0,0.0,0.0
or,3,3,491,0.0,0.0,0.0,0.0,0.0,0.0,0.0,0.0,0.0,0.0,0.0,0.0,0.0,0.0,0.0,0.0,0.0,0.0,0.485,0.3622381793020368,0.0,0.25,0.25,0.28307138671875004,0.26877845136774187,0.25,0.25,nan,nan,0.3333333333333333,0.3333333333333333,0.3333333333333333,0.3333333333333333
or,3,3,492,0.0,0.0,0.0,0.0,0.0,0.0,0.0,0.0,0.0,0.0,0.0,0.0,0.0,0.0,0.0,0.0,0.0,0.0,0.8020837121211226,0.4647750043607349,0.0,0.36946666666666667,0.36946666666666667,0.3305664225260417,0.2984087083679781,0.36946666666666667,0.36946666666666667,nan,nan,0.3333333333333333,0.3333333333333333,1.0,0.6666666666666666
or,3,3,493,0.11142824360198013,0.0,0.0,0.0,0.04065863991822648,0.08768124086713192,0.15758333333333335,0.0,0.0,0.0,0.057499999999999996,0.12400000000000003,0.0657609306503489,0.15650630090262255,0.11142824360198013,0.09299999999999997,0.22133333333333338,0.15758333333333335,0.5008746932450604,0.2504373466225302,0.25866666666666666,0.12582233796296297,0.12168358680555554,0.18729601649305558,0.16432651751798505,0.14860241666666665,0.14805137499999999,nan,nan,0.0,0.0,0.0,0.0
or,3,3,494,0.0,0.0,0.0,0.0,0.0,0.0,0.0,0.0,0.0,0.0,0.0,0.0,0.0,0.0,0.0,0.0,0.0,0.0,0.8707764136102907,0.49587525247481823,0.2350000000000001,0.4669505208333334,0.4669505208333334,0.23845836588541666,0.18747195856235307,0.4052302083333334,0.4052302083333334,nan,nan,0.6666666666666666,0.6666666666666666,0.3333333333333333,0.3333333333333333
or,3,3,495,0.2072706752353068,0.0,0.0,0.0,0.25897785860957306,0.0,0.2931250000000001,0.0,0.0,0.0,0.3662500000000001,0.0,0.2050609665440988,0.19445436482630052,0.2072706752353068,0.29000000000000004,0.2749999999999999,0.2931250000000001,0.48216552526077605,0.24108276263038805,0.2931250000000001,0.180932421875,0.26432037760416666,0.2343225748697917,0.2358657997485246,0.1726296875,0.2723565104166667,nan,nan,0.3333333333333333,0.6666666666666666,0.3333333333333333,0.3333333333333333
or,3,3,496,0.0,0.0,0.0,0.0,0.0,0.0,0.0,0.0,0.0,0.0,0.0,0.0,0.0,0.0,0.0,0.0,0.0,0.0,0.8128441578802175,0.4516665279091021,0.39093038063026914,0.1668171875,0.1668171875,0.11802845052083351,0.050679082773787874,0.1667546875,0.1667546875,nan,nan,0.0,0.0,0.0,0.0
or,3,3,497,0.0,0.0,0.0,0.0,0.0,0.0,0.0,0.0,0.0,0.0,0.0,0.0,0.0,0.0,0.0,0.0,0.0,0.0,0.7678758580222022,0.45497981708456087,0.11333333333353951,0.21650370370365057,0.21650370370365057,0.2775336805555297,0.266018791374558,0.25,0.25,nan,nan,0.3333333333333333,0.3333333333333333,0.6666666666666666,0.6666666666666666
or,3,3,498,0.01856155300614687,0.0,0.0,0.0,0.23474276701682795,0.0,0.026249999999999996,0.0,0.0,0.0,0.2875,0.0,0.017677669529663664,0.014142135623731003,0.01856155300614687,0.024999999999999967,0.020000000000000073,0.026249999999999996,0.3768330200499951,0.2824123746539821,0.14407812791818173,0.2009472800926234,0.20083243634262338,0.1585568359375041,0.14631419397154052,0.18171875,0.16335069444444444,nan,nan,0.0,0.0,0.0,0.0
or,3,3,499,0.07071067811865474,0.0,0.0,0.0,0.4598550496261759,0.0,0.09999999999999998,0.0,0.0,0.0,0.64,0.0,0.07071067811865477,0.07071067811865477,0.07071067811865477,0.10000000000000003,0.10000000000000003,0.10000000000000003,0.5119218690386259,0.25596093451931295,0.14142135623730948,0.25666666666666665,0.255,0.2144596666666667,0.1776982543661553,0.11160000000000002,0.2322222222221788,nan,nan,0.3333333333333333,0.3333333333333333,0.3333333333333333,0.3333333333333333
or,3,3,500,0.15556349186104043,0.0,0.0,0.0,0.15556349186104043,0.0,0.21999999999999997,0.0,0.0,0.0,0.21999999999999997,0.0,0.15556349186104043,0.15556349186104043,0.15556349186104043,0.21999999999999997,0.21999999999999997,0.21999999999999997,0.7116178749862878,0.3975933882916341,0.21999999999999997,0.11159999999999999,0.17686666666666664,0.2387041666666667,0.2104808890050817,0.11159999999999999,0.17686666666666664,nan,nan,0.0,0.3333333333333333,0.3333333333333333,0.3333333333333333
or,3,3,501,0.0,0.0,0.0,0.04623920479501734,0.0,0.011547005383792575,0.0,0.0,0.0,0.08008865200655246,0.0,0.020000000000000018,0.0,0.0,0.0,0.0,0.0,0.0,0.7591051475256902,0.5387055256662953,0.35,0.5002885416666666,0.5002885416666666,0.21461087239583332,0.16377153148353618,0.5002885416666666,0.5002885416666666,nan,nan,0.6666666666666666,0.6666666666666666,0.3333333333333333,0.3333333333333333
or,3,3,502,0.0,0.0,0.0,0.0,0.011490485194281388,0.0,0.0,0.0,0.0,0.0,0.016249999999999987,0.0,0.0,0.0,0.0,0.0,0.0,0.0,0.7441527270997533,0.37207636354987667,0.42000000000000004,0.6653710937499998,0.6653710937499998,0.368932568359375,0.34087588496029303,0.6654151041666666,0.6653710937499998,nan,nan,0.6666666666666666,0.6666666666666666,1.0,1.0
or,3,3,503,0.0,0.0,0.0,0.0,0.0,0.0,0.0,0.0,0.0,0.0,0.0,0.0,0.0,0.0,0.0,0.0,0.0,0.0,0.8178181720284772,0.4089090860142386,0.475,0.4835416666666667,0.4835416666666667,0.22507972005208332,0.18893202396083564,0.4835416666666667,0.4835416666666667,nan,nan,0.6666666666666666,0.6666666666666666,0.3333333333333333,0.3333333333333333
or,3,3,504,0.0,0.0,0.0,0.0,0.0,0.0,0.0,0.0,0.0,0.0,0.0,0.0,0.0,0.0,0.0,0.0,0.0,0.0,0.5290232745352514,0.36308428033589096,0.0,0.38828854166666665,0.38828854166666665,0.3724435546875,0.36233658828706955,0.38828854166666665,0.38828854166666665,nan,nan,0.6666666666666666,0.6666666666666666,0.6666666666666666,0.6666666666666666
or,3,3,505,0.0,0.0,0.0,0.033139992983056546,0.0,0.0,0.0,0.0,0.0,0.057400151609130035,0.0,0.0,0.0,0.0,0.0,0.0,0.0,0.0,0.837097113915106,0.629551716578945,0.0,0.16666669666666667,0.16666669666666667,0.09459822902343751,0.022649869176852692,0.16666669666666667,0.16666669666666667,nan,nan,0.0,0.0,0.0,0.0
or,3,3,506,0.20034692133614773,0.0,0.0,0.0,0.28991378028648446,0.0,0.2833333333332757,0.0,0.0,0.0,0.41,0.0,0.20034692133614773,0.20034692133614773,0.20034692133614773,0.2833333333332757,0.2833333333332757,0.2833333333332757,0.6487943546173192,0.32498341800772046,0.23753362335090084,0.1532518518518854,0.2343166666666864,0.2885385579427282,0.27679752233012217,0.14150000000000001,0.25015000000000004,nan,nan,0.0,0.3333333333333333,0.6666666666666666,0.6666666666666666
or,3,3,507,0.0,0.0,0.0,0.0,0.0,0.0,0.0,0.0,0.0,0.0,0.0,0.0,0.0,0.0,0.0,0.0,0.0,0.0,0.6218143814676531,0.31090719073382656,0.0,0.25,0.25,0.3082636067708333,0.2931849616632226,0.25,0.25,nan,nan,0.3333333333333333,0.3333333333333333,0.6666666666666666,0.6666666666666666
or,3,3,508,0.288417070932973,0.0,0.0,0.0,0.26062188187583174,0.0,0.4078833333333334,0.0,0.0,0.0,0.368575,0.0,0.3494875266014511,0.3463055460861117,0.288417070932973,0.49425,0.48975,0.4078833333333334,0.7605901776471566,0.5162991474949369,0.4078833333333334,0.09096182675925928,0.0632336911574074,0.12281213892361113,0.07063367587780366,0.09389084354166667,0.0712495884375,nan,nan,0.0,0.0,0.0,0.0
or,3,3,509,0.0,0.0,0.0,0.0,0.0,0.08249579113843056,0.0,0.0,0.0,0.0,0.0,0.1166666666666667,0.0,0.0,0.0,0.0,0.0,0.0,0.45536348423816175,0.2974143347687291,0.173918283812681,0.39827407407419885,0.39827407407419885,0.290815285011627,0.2954619962579064,0.3541666666666667,0.3541666666666667,nan,nan,0.6666666666666666,0.6666666666666666,0.6666666666666666,0.3333333333333333
or,3,3,510,0.0,0.0,0.0,0.0,0.0,0.0,0.0,0.0,0.0,0.0,0.0,0.0,0.0,0.0,0.0,0.0,0.0,0.0,0.7204782193677567,0.36023910968387834,0.0,0.25,0.25,0.22170324023437504,0.18588807616271597,0.25,0.25,nan,nan,0.3333333333333333,0.3333333333333333,0.3333333333333333,0.3333333333333333
or,3,3,511,0.0,0.0,0.0,0.0,0.0,0.0,0.0,0.0,0.0,0.0,0.0,0.0,0.0,0.0,0.0,0.0,0.0,0.0,0.9775382745064257,0.5137711814885585,0.0,0.25,0.25,0.1574141891276042,0.04143072475988809,0.25,0.25,nan,nan,0.0,0.0,0.0,0.0
or,3,3,512,0.24041630560342622,0.0,0.0,0.0,0.29963649852779956,0.0,0.3400000000000001,0.0,0.0,0.0,0.42375000000000007,0.0,0.26162950903902266,0.24660348993880846,0.24041630560342622,0.3700000000000001,0.34875,0.3400000000000001,0.5212500000000001,0.33627831562601246,0.2754087870784083,0.40186666666666665,0.38260000000000005,0.3661547200520833,0.36110493497026824,0.4511046875,0.42117734375,nan,nan,0.6666666666666666,1.0,1.0,1.0
or,3,3,513,0.0,0.0,0.0,0.0,0.0,0.0,0.0,0.0,0.0,0.0,0.0,0.0,0.0,0.0,0.0,0.0,0.0,0.0,0.8234654288432515,0.4117327144216258,0.0,0.25,0.25,0.22423115234375,0.18886488697256162,0.25,0.25,nan,nan,0.3333333333333333,0.3333333333333333,0.3333333333333333,0.3333333333333333
or,3,3,514,0.0,0.0,0.0,0.0,0.06634034720049843,0.0,0.0,0.0,0.0,0.0,0.08125000000000004,0.0,0.0,0.0,0.0,0.0,0.0,0.0,0.47,0.27826937142859215,0.06937499999999996,0.274729296875,0.274729296875,0.203927392578125,0.18275824657652753,0.22511718749999998,0.24170572916660096,nan,nan,0.6666666666666666,0.6666666666666666,0.3333333333333333,0.3333333333333333
or,3,3,515,0.059876415934754366,0.0,0.0,0.0,0.17962924780418138,0.004702260094890534,0.07333333333326664,0.0,0.0,0.0,0.21999999999999997,0.006649999999999989,0.059876415934754366,0.059876415934754366,0.059876415934754366,0.07333333333326664,0.07333333333326664,0.07333333333326664,1.0306546979246574,0.5376536656846888,0.07333333333326664,0.2273481481481671,0.24244938271599645,0.23332395128977537,0.21651182210822506,0.1928,0.2309333333332889,nan,nan,0.3333333333333333,0.3333333333333333,0.3333333333333333,0.3333333333333333
or,3,3,516,0.0,0.0,0.0,0.0,0.0,0.0,0.0,0.0,0.0,0.0,0.0,0.0,0.0,0.0,0.0,0.0,0.0,0.0,0.5121118957317825,0.25605594786589125,0.0,0.25,0.25,0.2327553873697917,0.19630620833427317,0.25,0.25,nan,nan,0.0,0.0,0.6666666666666666,0.6666666666666666
or,3,3,517,0.19144916100615353,0.0,0.0,0.0,0.6463834001582885,0.014142135623730963,0.2707499999998526,0.0,0.0,0.0,0.9135,0.020000000000000018,0.19056527752967042,0.19321692795912002,0.1914491610061536,0.26949999999985275,0.2732499999998528,0.2707499999998527,0.5165514404442213,0.34922437868932804,0.25445695171812754,0.19938833564821465,0.18717074189822794,0.16160814008245783,0.13066401480883386,0.37015075000000003,0.23088025,nan,nan,0.3333333333333333,0.0,0.0,0.0
or,3,3,518,0.0,0.0,0.0,0.0,0.0,0.0,0.0,0.0,0.0,0.0,0.0,0.0,0.0,0.0,0.0,0.0,0.0,0.0,0.7185597574314889,0.5411736381748761,0.13999999999999999,0.17416666666666666,0.17416666666666666,0.2144656901041667,0.1876253771237004,0.17416666666666666,0.17416666666666666,nan,nan,0.3333333333333333,0.3333333333333333,0.3333333333333333,0.3333333333333333
or,3,3,519,0.0,0.0,0.0,0.0,0.0,0.0,0.0,0.0,0.0,0.0,0.0,0.0,0.0,0.0,0.0,0.0,0.0,0.0,0.8474053536138023,0.47256487267593633,0.15666666666652418,0.1619185185184859,0.1619185185184859,0.12995002893518484,0.07022040425139191,0.25,0.25,nan,nan,0.0,0.0,0.0,0.0
or,3,3,520,0.08131727983645295,0.0,0.0,0.0,0.15556349186104043,0.0,0.11499999999999999,0.0,0.0,0.0,0.21999999999999997,0.0,0.08131727983645295,0.08131727983645295,0.08131727983645295,0.11499999999999999,0.11499999999999999,0.11499999999999999,0.39855990766759264,0.23104198109889432,0.11499999999999999,0.23147500000000001,0.26760416666666664,0.27659270833333327,0.2725387141579856,0.1928,0.25806666666666667,nan,nan,0.3333333333333333,0.3333333333333333,0.6666666666666666,0.6666666666666666
or,3,3,521,0.0,0.0,0.0,0.0,0.0,0.0,0.0,0.0,0.0,0.0,0.0,0.0,0.0,0.0,0.0,0.0,0.0,0.0,0.6057040067143967,0.3329514913492371,0.0900000000001,0.2827000000000393,0.2827000000000393,0.29021202799480267,0.3018005369023753,0.25,0.25,nan,nan,0.6666666666666666,0.6666666666666666,0.6666666666666666,0.6666666666666666
or,3,3,522,0.0,0.0,0.0,0.0,0.3065126424800203,0.0,0.0,0.0,0.0,0.0,0.38500000000000006,0.0,0.0,0.0,0.0,0.0,0.0,0.0,0.6984402265046525,0.449269819142249,0.0,0.3751562500000001,0.3751562500000001,0.1879753906250067,0.15850481929230065,0.4064729166666667,0.3751562500000001,nan,nan,1.0,1.0,0.0,0.0
or,3,3,523,0.0,0.0,0.0,0.02663405236493006,0.0,0.0,0.0,0.0,0.0,0.04613153190750885,0.0,0.0,0.0,0.0,0.0,0.0,0.0,0.0,0.6200806399170998,0.4091164312837388,0.0,0.25,0.25,0.17157404513888885,0.1344796284687733,0.25,0.25,nan,nan,0.0,0.0,0.3333333333333333,0.3333333333333333
or,3,3,524,0.0,0.0,0.0,0.0,0.0,0.0,0.0,0.0,0.0,0.0,0.0,0.0,0.0,0.0,0.0,0.0,0.0,0.0,1.060052686387175,0.564857530313489,0.4847916666666667,0.16674376446759256,0.16674376446759256,0.1653528825954861,0.04208420618964646,0.16673083854166668,0.16673083854166668,nan,nan,0.0,0.0,0.0,0.0
or,3,3,525,0.0,0.0,0.0,0.0,0.0,0.0,0.0,0.0,0.0,0.0,0.0,0.0,0.0,0.0,0.0,0.0,0.0,0.0,0.7100005501758431,0.39658204404831565,0.0,0.25,0.25,0.2517041829427083,0.3091178763098714,0.25,0.25,nan,nan,0.3333333333333333,0.3333333333333333,0.6666666666666666,0.3333333333333333
or,3,3,526,0.22627416997969527,0.0,0.0,0.0,0.29698484809835,0.0,0.32000000000000006,0.0,0.0,0.0,0.42000000000000004,0.0,0.22627416997969527,0.22627416997969527,0.22627416997969527,0.32000000000000006,0.32000000000000006,0.32000000000000006,0.6438167441127949,0.47804223171976573,0.32000000000000006,0.17746666666666666,0.2670666666666667,0.2497240885416667,0.22949735310728003,0.16879999999999998,0.27940000000000004,nan,nan,0.0,0.3333333333333333,0.3333333333333333,0.3333333333333333
or,3,3,527,0.24086649137378868,0.0,0.0,0.0,0.22861904265986724,0.0,0.295,0.0,0.0,0.0,0.27999999999999997,0.0,0.27965007896787336,0.24903145718306968,0.24086649137378868,0.3425,0.305,0.295,0.6433627476004498,0.3216813738002249,0.295,0.180675,0.16133611111111112,0.16778990885416667,0.12281842535506805,0.1828,0.16537777777777776,nan,nan,0.0,0.0,0.0,0.0
or,3,3,528,0.15556349186104043,0.0,0.0,0.0,0.15556349186104043,0.0,0.21999999999999997,0.0,0.0,0.0,0.21999999999999997,0.0,0.15556349186104043,0.15556349186104043,0.15556349186104043,0.21999999999999997,0.21999999999999997,0.21999999999999997,0.6557438524302001,0.346257184643222,0.21999999999999997,0.33946666666666664,0.3314,0.27329166666666665,0.2516515138991168,0.33946666666666664,0.3314,nan,nan,0.3333333333333333,0.6666666666666666,0.6666666666666666,0.6666666666666666
or,3,3,529,0.0,0.0,0.0,0.0,0.0,8.673617379884035e-19,0.0,0.0,0.0,0.0,0.0,3.469446951953614e-18,0.0,0.0,0.0,0.0,0.0,0.0,0.9384103579991006,0.4758949121584761,0.09000000000000008,0.2827,0.2827,0.15617168055555555,0.050442588339241555,0.25,0.25,nan,nan,0.3333333333333333,0.3333333333333333,0.0,0.0
or,3,3,530,0.0,0.0,0.0,0.0,0.0,0.0,0.0,0.0,0.0,0.0,0.0,0.0,0.0,0.0,0.0,0.0,0.0,0.0,0.38105117766515295,0.19052558883257645,0.21999999999999997,0.33946666666666664,0.33946666666666664,0.23469166666666666,0.2363699233264452,0.33946666666666664,0.33946666666666664,nan,nan,1.0,1.0,0.3333333333333333,0.3333333333333333
or,3,3,531,0.0,0.0,0.0,0.0,0.0,0.0,0.0,0.0,0.0,0.0,0.0,0.0,0.0,0.0,0.0,0.0,0.0,0.0,0.5,0.3669462347509919,0.23312500000000003,0.34582408854166663,0.34582408854166663,0.2870425944010417,0.2786166626431536,0.34308541666666664,0.34308541666666664,nan,nan,1.0,1.0,0.3333333333333333,0.3333333333333333
or,3,3,532,0.2399034706050193,0.0,0.0,0.0,0.23737756317731465,0.0,0.41552500000000014,1.1102230246251565e-16,0.0,0.0,0.4111500000000001,0.0,0.23232574832190542,0.23737756317731465,0.2399034706050193,0.4024000000000001,0.41115,0.41552500000000014,0.7060912432186085,0.501620413869459,0.41562500000000013,0.36278971687500006,0.34360515847222234,0.2687507625781251,0.22608909779366745,0.36012552416666677,0.34134282166666674,nan,nan,0.3333333333333333,0.6666666666666666,0.6666666666666666,0.6666666666666666
or,3,3,533,0.0,0.0,0.0,0.0,0.0,0.0,0.0,0.0,0.0,0.0,0.0,0.0,0.0,0.0,0.0,0.0,0.0,0.0,0.7116178749862878,0.49418807182583296,0.21999999999999997,0.33946666666666664,0.33946666666666664,0.3153604166666667,0.3484186748416078,0.33946666666666664,0.33946666666666664,nan,nan,1.0,1.0,0.6666666666666666,0.6666666666666666
or,3,3,534,0.0,0.0,0.0,0.0,0.0,0.0,0.0,0.0,0.0,0.0,0.0,0.0,0.0,0.0,0.0,0.0,0.0,0.0,1.0346028827526046,0.5689962903627999,0.0,0.49667500000000003,0.49667500000000003,0.26239225260416665,0.2244684002719387,0.49667500000000003,0.49667500000000003,nan,nan,0.6666666666666666,0.6666666666666666,0.6666666666666666,0.3333333333333333
or,3,3,535,0.0,0.0,0.0,0.0,0.0,0.0,0.0,0.0,0.0,0.0,0.0,0.0,0.0,0.0,0.0,0.0,0.0,0.0,0.5119516883945203,0.25597584419726016,0.326875,0.4840407552083333,0.4840407552083333,0.32827280273437504,0.3143303524935281,0.4442588541666666,0.4442588541666666,nan,nan,0.6666666666666666,0.6666666666666666,1.0,1.0
or,3,3,536,0.39191835884548676,0.0,0.0,0.0,0.39191835884548676,0.0,0.48,0.0,0.0,0.0,0.48,0.0,0.39191835884548676,0.39191835884548676,0.39191835884548676,0.48,0.48,0.48,1.099475016769367,0.588728513912541,0.48,0.16679999999999998,0.1156,0.17092177734375,0.05152034100707493,0.16679999999999998,0.1156,nan,nan,0.0,0.0,0.0,0.0
or,3,3,537,0.0,0.0,0.0,0.0,0.0,0.0,0.0,0.0,0.0,0.0,0.0,0.0,0.0,0.0,0.0,0.0,0.0,0.0,0.6988092550904003,0.416912408908209,0.13611805537841049,0.16676875,0.16676875,0.19946529947916666,0.14728866421781384,0.16676875,0.16676875,nan,nan,0.0,0.0,0.3333333333333333,0.3333333333333333
or,3,3,538,0.1614560483707526,0.0,0.0,0.0,0.28461047942758533,0.0,0.22833333333308475,0.0,0.0,0.0,0.40249999999999997,0.0,0.15792051446481986,0.1614560483707526,0.1614560483707526,0.22333333333308478,0.22833333333308475,0.22833333333308475,0.70572768296277,0.3928536370776143,0.22833333333308475,0.1413070023149203,0.2087287615741156,0.21694777560767972,0.19906679309105754,0.08661927083333333,0.19378489583333328,nan,nan,0.3333333333333333,0.3333333333333333,0.3333333333333333,0.3333333333333333
or,3,3,539,0.29698484809834996,0.0,0.0,0.0,0.29698484809834996,0.0,0.42,0.0,0.0,0.0,0.42,0.0,0.29698484809834996,0.29698484809834996,0.29698484809834996,0.42,0.42,0.42,0.7636753236814713,0.49814013673480506,0.3016189649209744,0.08560000000000001,0.05620000000000001,0.09601945833333332,0.04866361541034178,0.08560000000000001,0.05620000000000001,nan,nan,0.0,0.0,0.0,0.0
or,3,3,540,0.0,0.0,0.0,0.0,0.0,0.0,0.0,0.0,0.0,0.0,0.0,0.0,0.0,0.0,0.0,0.0,0.0,0.0,0.8398196979114029,0.4494900960316417,0.36125,0.16678385416666666,0.16678385416666666,0.13619160677083333,0.04041741087896366,0.16678385416666666,0.16678385416666666,nan,nan,0.0,0.0,0.0,0.0
or,3,3,541,0.18779421361346235,0.0,0.0,0.0,0.3755884272269248,0.0,0.22999999999999998,0.0,0.0,0.0,0.46,0.0,0.18779421361346235,0.18779421361346235,0.18779421361346235,0.22999999999999998,0.22999999999999998,0.22999999999999998,0.9114047365194018,0.5926787499389409,0.22999999999999998,0.19096666666666665,0.23032222222231516,0.2751733561197917,0.23863346499969465,0.16720000000000002,0.22240000000018592,nan,nan,0.3333333333333333,0.3333333333333333,0.6666666666666666,0.3333333333333333
or,3,3,542,0.2347650532092316,0.0,0.0,0.0,0.12254259463549806,0.0,0.406625,0.0,0.0,0.0,0.21225000000000005,0.0,0.24970399142451313,0.3013768405169847,0.2347650532092316,0.4325,0.522,0.406625,0.7731695520712129,0.4194739286738363,0.438125,0.2021293177083333,0.18375777430555554,0.21662417773437503,0.17222287857887508,0.2517354375,0.246729875,nan,nan,0.3333333333333333,0.3333333333333333,0.6666666666666666,0.0
or,3,3,543,0.0,0.0,0.0,0.0,0.0,0.0,0.0,0.0,0.0,0.0,0.0,0.0,0.0,0.0,0.0,0.0,0.0,0.0,0.8806318754167373,0.5110910611801808,0.057499999999999996,0.39743541666666665,0.39743541666666665,0.2932768229166666,0.30375151052029065,0.39743541666666665,0.39743541666666665,nan,nan,0.6666666666666666,0.6666666666666666,0.6666666666666666,0.6666666666666666
or,3,3,544,0.0,0.0,0.0,0.0,0.0,0.0,0.0,0.0,0.0,0.0,0.0,0.0,0.0,0.0,0.0,0.0,0.0,0.0,0.5506147132977832,0.2927936581401484,0.0,0.1828,0.1828,0.27244534505208334,0.2572937260011701,0.1828,0.1828,nan,nan,0.0,0.0,0.6666666666666666,0.6666666666666666
or,3,3,545,0.22805335632990212,0.0,0.0,0.0,0.3492969128597236,0.0692820323027551,0.3949999999999999,0.0,0.0,0.0,0.605,0.12,0.2222798536380059,0.2641377481542538,0.2280533563299022,0.385,0.4574999999999999,0.395,0.5053124033704297,0.3530206053046306,0.3151438163759523,0.6582385416666666,0.465346875,0.34038626302083336,0.3403913103775653,0.7646385416666667,0.4550802083333334,nan,nan,1.0,0.6666666666666666,1.0,1.0
or,3,3,546,0.013471506281091259,0.0,0.0,0.0,0.040414518843273774,0.0,0.023333333333333317,0.0,0.0,0.0,0.06999999999999995,0.0,0.013471506281091259,0.013471506281091259,0.013471506281091259,0.023333333333333317,0.023333333333333317,0.023333333333333317,0.7974542829111482,0.5084491187760695,0.023333333333333317,0.3417962962962963,0.3365506172839506,0.2673380805121528,0.2820329716551566,0.3503,0.3342,nan,nan,0.3333333333333333,0.3333333333333333,0.3333333333333333,0.3333333333333333
or,3,3,547,0.0,0.0,0.0,0.0,0.0,0.0,0.0,0.0,0.0,0.0,0.0,0.0,0.0,0.0,0.0,0.0,0.0,0.0,0.5803729942890177,0.3671968569704205,0.0,0.25,0.25,0.28172568359375,0.2805362481990428,0.25,0.25,nan,nan,0.6666666666666666,0.6666666666666666,0.6666666666666666,0.6666666666666666
or,3,3,548,0.2873210554220268,0.0,0.0,0.0,0.6923009942695957,0.0,0.406333333333182,0.0,0.0,0.0,0.979,0.0,0.2873210554220268,0.2873210554220268,0.2873210554220268,0.406333333333182,0.406333333333182,0.406333333333182,0.6924355565682541,0.46767943062432815,0.29200475642997226,0.3029778148148485,0.2754600185185727,0.25442325021701134,0.22262449061998246,0.40346699999999996,0.2437067777777778,nan,nan,0.3333333333333333,0.6666666666666666,0.6666666666666666,0.6666666666666666
or,3,3,549,0.0,0.0,0.0,0.0,0.09192388155425119,0.0,0.0,0.0,0.0,0.0,0.13,0.0,0.0,0.0,0.0,0.0,0.0,0.0,0.7166087670409844,0.4004639289974101,0.14333333333344855,0.25941111111120685,0.25941111111120685,0.2166495442708992,0.2041735198642369,0.2372666666666667,0.23445000000000002,nan,nan,0.3333333333333333,0.3333333333333333,0.3333333333333333,0.3333333333333333
or,3,3,550,0.0,0.0,0.0,0.0,0.0,0.0,0.0,0.0,0.0,0.0,0.0,0.0,0.0,0.0,0.0,0.0,0.0,0.0,0.3536075243119128,0.1768037621559564,0.0,0.25,0.25,0.2234382975260417,0.21236041496834898,0.25,0.25,nan,nan,0.3333333333333333,0.3333333333333333,0.3333333333333333,0.3333333333333333
or,3,3,551,0.30110963765527154,0.0,0.0,0.0,0.2907976637629678,0.0,0.4258333333333334,0.0,0.0,0.0,0.4112500000000001,0.0,0.3064129385141706,0.305234427212193,0.30110963765527154,0.43333333333333335,0.43166666666666664,0.4258333333333334,0.7809902901658466,0.42572391116606106,0.3285331456303577,0.45238912037037043,0.42216678240740735,0.32259331597222224,0.27631591003804856,0.4434588541666667,0.4152710937500001,nan,nan,0.3333333333333333,0.6666666666666666,0.6666666666666666,0.6666666666666666
or,3,3,552,0.0,0.0,0.0,0.0,0.0,0.0,0.0,0.0,0.0,0.0,0.0,0.0,0.0,0.0,0.0,0.0,0.0,0.0,0.2931030109023106,0.1465515054511553,0.20625000000000004,0.3329296875,0.3329296875,0.27074811197916665,0.26917207978712443,0.44880000000000003,0.44880000000000003,nan,nan,0.6666666666666666,0.6666666666666666,0.6666666666666666,0.6666666666666666
or,3,3,553,0.0,0.0,0.0,0.0,0.0,0.0,0.0,0.0,0.0,0.0,0.0,0.0,0.0,0.0,0.0,0.0,0.0,0.0,0.5014105104602415,0.25070525523012077,0.14495689014324228,0.16679999999999998,0.16679999999999998,0.23232109374999999,0.19962082000083456,0.16679999999999998,0.16679999999999998,nan,nan,0.0,0.0,0.6666666666666666,0.6666666666666666
or,3,3,554,0.0,0.0,0.0,0.0,0.0,0.0,0.0,0.0,0.0,0.0,0.0,0.0,0.0,0.0,0.0,0.0,0.0,0.0,0.5031898250163651,0.3937788026604505,0.0,0.4803,0.4803,0.32364374999999995,0.3114784174372279,0.4803,0.4803,nan,nan,0.6666666666666666,0.6666666666666666,0.6666666666666666,0.6666666666666666
or,3,3,555,0.0,0.0,0.0,0.0,0.0,0.08948929172439195,0.0,0.0,0.0,0.0,0.0,0.15499999999999992,0.0,0.0,0.0,0.0,0.0,0.0,0.9485465855718422,0.54188403000724,0.3125,0.17838541666666666,0.17838541666666666,0.2270583984375,0.23330207206460551,0.17838541666666666,0.17838541666666666,nan,nan,0.3333333333333333,0.3333333333333333,0.3333333333333333,0.6666666666666666
or,3,3,556,0.0,0.0,0.0,0.0,0.0,0.0,0.0,0.0,0.0,0.0,0.0,0.0,0.0,0.0,0.0,0.0,0.0,0.0,0.7534094379884022,0.3780868937307891,0.15999999999985448,0.205200000000033,0.205200000000033,0.09661946072048526,0.05895819447330384,0.25,0.25,nan,nan,0.0,0.0,0.0,0.0
or,3,3,557,0.09899494936611666,0.0,0.0,0.0,0.19798989873223333,0.0,0.14,0.0,0.0,0.0,0.28,0.0,0.09899494936611666,0.09899494936611666,0.09899494936611666,0.14,0.14,0.14,0.7339708994571924,0.407773697049101,0.14,0.30319999999999997,0.2999333333333334,0.396276318359375,0.3695972517840059,0.36946666666666667,0.3564,nan,nan,0.3333333333333333,0.6666666666666666,1.0,1.0
or,3,3,558,0.0,0.0,0.0,0.0,0.0,0.0,0.0,0.0,0.0,0.0,0.0,0.0,0.0,0.0,0.0,0.0,0.0,0.0,0.6276051953656855,0.31380259768284274,0.0,0.25,0.25,0.3458101725260417,0.3255394767120727,0.25,0.25,nan,nan,0.0,0.0,1.0,1.0
or,3,3,559,0.0,0.0,0.0,0.0,0.0,0.0,0.0,0.0,0.0,0.0,0.0,0.0,0.0,0.0,0.0,0.0,0.0,0.0,0.37298625980054545,0.28614708591911964,0.0,0.25,0.25,0.323609765625,0.34061250454466335,0.25,0.25,nan,nan,0.6666666666666666,0.6666666666666666,0.6666666666666666,0.6666666666666666
or,3,3,560,0.0,0.0,0.0,0.0,0.0,0.0,0.0,0.0,0.0,0.0,0.0,0.0,0.0,0.0,0.0,0.0,0.0,0.0,0.5138853228104496,0.2569426614052248,0.0,0.25,0.25,0.2615432942708333,0.24022136626264215,0.25,0.25,nan,nan,0.0,0.0,0.6666666666666666,0.6666666666666666
or,3,3,561,0.29698484809835,0.0,0.0,0.0,0.29698484809835,0.0,0.42000000000000004,0.0,0.0,0.0,0.42000000000000004,0.0,0.29698484809835,0.29698484809835,0.29698484809835,0.42000000000000004,0.42000000000000004,0.42000000000000004,0.7636753236814714,0.49812563449006336,0.42000000000000004,0.16879999999999998,0.27940000000000004,0.20626022916666667,0.1807065069701653,0.16879999999999998,0.27940000000000004,nan,nan,0.0,0.3333333333333333,0.3333333333333333,0.3333333333333333
or,3,3,562,0.0,0.0,0.0,0.16044275061118235,0.0,0.0,0.0,0.0,0.0,0.27789499576467036,0.0,0.0,0.0,0.0,0.0,0.0,0.0,0.0,1.1582037277612258,0.7174221818877146,0.0,0.25,0.25,0.23230723822916668,0.21330009336794165,0.25,0.25,nan,nan,0.3333333333333333,0.3333333333333333,0.6666666666666666,0.3333333333333333
or,3,3,563,0.0,0.0,0.0,0.0,0.0,0.0,0.0,0.0,0.0,0.0,0.0,0.0,0.0,0.0,0.0,0.0,0.0,0.0,0.6239541249161944,0.4495276858758323,0.0,0.4570999999999999,0.4570999999999999,0.3421428385416842,0.33893714037892425,0.4570999999999999,0.4570999999999999,nan,nan,0.6666666666666666,0.6666666666666666,0.6666666666666666,0.6666666666666666
or,3,3,564,0.0,0.0,0.0,0.0,0.0,0.0,0.0,0.0,0.0,0.0,0.0,0.0,0.0,0.0,0.0,0.0,0.0,0.0,0.4450280890011326,0.304072104227363,0.025000000000000022,0.17734166666666665,0.17734166666666665,0.21841722005208333,0.20381945739568844,0.16879999999999998,0.16879999999999998,nan,nan,0.3333333333333333,0.3333333333333333,0.3333333333333333,0.3333333333333333
or,3,3,565,0.2893459758663945,0.0,0.0,0.0,0.29291814840795494,0.0,0.354375,0.0,0.0,0.0,0.35875,0.0,0.28577380332483404,0.29291814840795494,0.2893459758663945,0.35,0.35875,0.354375,0.6948128120220582,0.44788161611755667,0.354375,0.173735546875,0.145828515625,0.13944431966145832,0.08574313508421605,0.1733171875,0.1447168402777778,nan,nan,0.0,0.0,0.0,0.0
or,3,3,566,0.0,0.0,0.0,0.0,0.0,0.0,0.0,0.0,0.0,0.0,0.0,0.0,0.0,0.0,0.0,0.0,0.0,0.0,0.6916200410991573,0.4257017900491296,0.0,0.18000000000000002,0.18000000000000002,0.2263612141927083,0.21337833212767235,0.18000000000000002,0.18000000000000002,nan,nan,0.3333333333333333,0.3333333333333333,0.3333333333333333,0.3333333333333333
or,3,3,567,0.10606601717798214,0.0,0.0,0.0,0.10606601717798214,0.0,0.15000000000000002,0.0,0.0,0.0,0.15000000000000002,0.0,0.10606601717798214,0.10606601717798214,0.10606601717798214,0.15000000000000002,0.15000000000000002,0.15000000000000002,0.42579337712087534,0.337612281175873,0.21999999999999997,0.21776666666666666,0.2640166666666667,0.21273857421875006,0.19905046467487064,0.21776666666666666,0.2640166666666667,nan,nan,0.3333333333333333,0.3333333333333333,0.3333333333333333,0.3333333333333333
or,3,3,568,0.2556218316837068,0.0,0.0,0.0,0.27178763922101634,0.0,0.44275,1.1102230246251565e-16,0.0,0.0,0.47075,0.0,0.2500888916039729,0.25485203132478734,0.2556218316837068,0.4331666666666667,0.4414166666666667,0.44275,0.8002962732638457,0.5015116300033758,0.37612931559037677,0.08389885416666666,0.0621180138888889,0.08828270790225813,0.037433315698573534,0.0834951875,0.05887234722222221,nan,nan,0.0,0.0,0.0,0.0
or,3,3,569,0.0,0.0,0.0,0.0,0.0,0.0,0.0,0.0,0.0,0.0,0.0,0.0,0.0,0.0,0.0,0.0,0.0,0.0,0.3361570503499815,0.16807852517499075,0.21999999999999997,0.33946666666666664,0.33946666666666664,0.24120836588541664,0.23633968543829154,0.33946666666666664,0.33946666666666664,nan,nan,0.6666666666666666,0.6666666666666666,0.3333333333333333,0.3333333333333333
or,3,3,570,0.0,0.0,0.0,0.0,0.0,0.0,0.0,0.0,0.0,0.0,0.0,0.0,0.0,0.0,0.0,0.0,0.0,0.0,0.8321067013911136,0.4160533506955568,0.0,0.25,0.25,0.14432086588541668,0.049470763942530915,0.25,0.25,nan,nan,0.0,0.0,0.0,0.0
or,3,3,571,0.0,0.0,0.0,0.0,0.0,0.0,0.0,0.0,0.0,0.0,0.0,0.0,0.024748737341529107,0.09015611460128477,0.0,0.03499999999999992,0.12749999999999995,0.0,0.3120321497858834,0.1560160748929417,0.02375000000000005,0.24227135416666665,0.24227135416666665,0.25004925130208333,0.24951505039631897,0.24227135416666665,0.24227135416666665,nan,nan,0.3333333333333333,0.3333333333333333,0.3333333333333333,0.3333333333333333
or,3,3,572,0.2596260398256607,0.0,0.0,0.0,0.25367455775067393,0.0,0.36716666666666664,0.0,0.0,0.0,0.35875,0.0,0.2722361107568208,0.2598617420860562,0.2596260398256607,0.385,0.3675,0.36716666666666664,0.7192345757817821,0.42332207664892824,0.29351326157811375,0.0892444560185185,0.06677589583333333,0.09032143714120906,0.062100602521145354,0.08998418749999999,0.06853392708333333,nan,nan,0.0,0.0,0.0,0.0
or,3,3,573,0.0,0.0,0.0,0.0,0.0,0.0035355339059713648,0.0,0.0,0.0,0.0,0.0,0.005000000000054627,0.0,0.0,0.0,0.0,0.0,0.0,0.4169732205629745,0.2115197750192572,0.21705094128128177,0.20792592592593517,0.20792592592593517,0.20553333333333348,0.19424775210604342,0.19421875,0.19421875,nan,nan,0.3333333333333333,0.3333333333333333,0.0,0.0
or,3,3,574,0.34337083297113696,0.0,0.0,0.0,0.32047490801427825,0.0,0.4205416666666667,0.0,0.0,0.0,0.3925,0.0,0.3480997090023455,0.3535430195418661,0.34337083297113696,0.42633333333333334,0.433,0.4205416666666667,0.775043204440888,0.387521602220444,0.4205416666666667,0.16877120891203704,0.12947003260030862,0.15075747157118055,0.0799402025487726,0.17051875000000002,0.1362840277777778,nan,nan,0.0,0.0,0.0,0.0
or,3,3,575,0.0,0.0,0.0,0.0,0.0,0.0,0.0,0.0,0.0,0.0,0.0,0.0,0.0,0.0,0.0,0.0,0.0,0.0,0.7590036231797579,0.5159920269787238,0.4918333333333333,0.36411771296296297,0.36411771296296297,0.195488641875,0.171577606859206,0.36896875,0.36896875,nan,nan,0.3333333333333333,0.3333333333333333,0.3333333333333333,0.3333333333333333
or,3,3,576,0.0,0.0,0.0,0.0,0.05656854249492382,0.0,0.0,0.0,0.0,0.0,0.08000000000000002,0.0,0.0,0.0,0.0,0.0,0.0,0.0,0.43220365569948616,0.25307294536844754,0.10000000000000009,0.31546666666666673,0.31546666666666673,0.27934166666666665,0.2774005603269778,0.2542666666666667,0.25320000000000004,nan,nan,0.6666666666666666,0.6666666666666666,0.6666666666666666,0.6666666666666666
or,3,3,577,0.0,0.0,0.0,0.0,0.0,0.0,0.0,0.0,0.0,0.0,0.0,0.0,0.0,0.0,0.0,0.0,0.0,0.0,0.4824765214494899,0.31853134888778384,0.1691892431568863,0.34674166666666667,0.34674166666666667,0.292507470703125,0.2744777067156468,0.25,0.25,nan,nan,0.3333333333333333,0.3333333333333333,0.6666666666666666,0.6666666666666666
or,3,3,578,0.40068108681760034,0.0,0.0,0.1419487205000037,0.2765507789418307,0.0,0.6940000000000001,0.0,0.0,0.24586239597540027,0.479,0.0,0.40068108681760034,0.40068108681760034,0.40068108681760034,0.6940000000000001,0.6940000000000001,0.6940000000000001,1.106295295682848,0.6604834472175319,0.5433470345920736,0.17054200000000005,0.1170268888888889,0.28746618294270837,0.1588338924351069,0.083467,0.057973555555555556,nan,nan,0.3333333333333333,0.0,0.6666666666666666,0.3333333333333333
or,3,3,579,0.0,0.0,0.0,0.0,0.15556349186104043,0.0,0.0,0.0,0.0,0.0,0.21999999999999997,0.0,0.0,0.0,0.0,0.0,0.0,0.0,0.4994506982676068,0.32304339484992783,0.1573831135935485,0.20103425925929186,0.20103425925929186,0.17693411805555267,0.139109721817496,0.33946666666666664,0.3314,nan,nan,0.0,0.0,0.0,0.0
or,3,3,580,0.0,0.0,0.0,0.0,0.0,0.0,0.0,0.0,0.0,0.0,0.0,0.0,0.0,0.0,0.0,0.0,0.0,0.0,0.6885327470425789,0.34426637352128947,0.400625,0.437041796875,0.437041796875,0.29404327799479163,0.26254850491236253,0.4359171875,0.4359171875,nan,nan,0.3333333333333333,0.3333333333333333,0.6666666666666666,0.6666666666666666
or,3,3,581,0.15556349186104043,0.0,0.0,0.0,0.15556349186104043,0.0,0.21999999999999997,0.0,0.0,0.0,0.21999999999999997,0.0,0.15556349186104043,0.15556349186104043,0.15556349186104043,0.21999999999999997,0.21999999999999997,0.21999999999999997,0.4734272207354931,0.2367136103677466,0.21999999999999997,0.33946666666666664,0.3314,0.26562499999999195,0.2618868483557339,0.33946666666666664,0.3314,nan,nan,0.6666666666666666,1.0,0.6666666666666666,0.6666666666666666
or,3,3,582,0.0,0.0,0.0,0.0,0.0,0.0021429317491421596,0.0,0.0,0.0,0.0,0.0,0.003711666666666665,0.0,0.0,0.0,0.0,0.0,0.0,0.8536112946750851,0.551742238261392,0.4978325,0.16666823268541667,0.16666823268541667,0.04728026036677516,0.005016432949007864,0.1666666785421875,0.1666666785421875,nan,nan,0.0,0.0,0.0,0.0
or,3,3,583,0.0,0.0,0.0,0.0,0.0,0.0,0.0,0.0,0.0,0.0,0.0,0.0,0.0,0.0,0.0,0.0,0.0,0.0,0.30587477012659936,0.16407494608539788,0.026666666666569694,0.26825185185188594,0.26825185185188594,0.29623896846066583,0.30328980522417376,0.25,0.25,nan,nan,0.6666666666666666,0.6666666666666666,1.0,1.0
or,3,3,584,0.0,0.0,0.0,0.0,0.0,0.0,0.0,0.0,0.0,0.0,0.0,0.0,0.0,0.0,0.0,0.0,0.0,0.0,0.47847495362871395,0.37448202077514864,0.12298973816723269,0.42872592592592595,0.42872592592592595,0.2625527940538195,0.27519644156186984,0.4612,0.4612,nan,nan,0.3333333333333333,0.3333333333333333,0.3333333333333333,0.3333333333333333
or,3,3,585,0.0,0.0,0.0,0.0,0.0,1.3010426069826053e-18,0.0,0.0,0.0,0.0,0.0,3.469446951953614e-18,0.0,0.0,0.0,0.0,0.0,0.0,0.8440771526248849,0.5619879205080803,0.0,0.25,0.25,0.116853810546875,0.029205758201158855,0.25,0.25,nan,nan,0.0,0.0,0.0,0.0
or,3,3,586,0.29698484809835,0.0,0.0,0.0,0.29698484809835,0.0,0.42000000000000004,0.0,0.0,0.0,0.42000000000000004,0.0,0.29698484809835,0.29698484809835,0.29698484809835,0.42000000000000004,0.42000000000000004,0.42000000000000004,1.0534229919647664,0.5680576117204373,0.42000000000000004,0.16879999999999998,0.27940000000000004,0.25486875,0.20693228311237666,0.16879999999999998,0.27940000000000004,nan,nan,0.0,0.3333333333333333,0.3333333333333333,0.3333333333333333
or,3,3,587,0.16687148872717986,0.0,0.0,0.0,0.18371173070882188,0.0,0.20437499999999997,0.0,0.0,0.0,0.22499999999999998,0.0,0.16329931618561946,0.16329931618561946,0.16687148872717986,0.2,0.2,0.20437499999999997,0.475,0.3584344143476335,0.19793300371179376,0.19579804687500002,0.186516015625,0.1624860760124411,0.1379071252316976,0.19187500000000002,0.180625,nan,nan,0.0,0.0,0.0,0.0
or,3,3,588,0.34292856398980087,0.0,0.0,0.0,0.34292856398980087,0.0,0.42,0.0,0.0,0.0,0.42,0.0,0.34292856398980087,0.34292856398980087,0.34292856398980087,0.42,0.42,0.42,0.7720265539474662,0.41850602242755075,0.42,0.16879999999999998,0.12960000000000002,0.1430421875,0.07584677069878469,0.16879999999999998,0.12960000000000002,nan,nan,0.0,0.0,0.0,0.0
or,3,3,589,0.10444556413776296,0.0,0.0,0.0,0.09811106588963349,0.012374368670764573,0.14770833333333333,0.0,0.0,0.0,0.13875000000000004,0.017499999999999988,0.10135197197007183,0.10135197197007183,0.10444556413776296,0.14333333333333334,0.14333333333333334,0.14770833333333333,0.6811129449291065,0.47214044909014546,0.21380776103910623,0.04820962094907408,0.04457332899305555,0.10876419813368055,0.07257370365700573,0.043583854166666665,0.04037526041666667,nan,nan,0.0,0.0,0.0,0.0
or,3,3,590,0.0,0.0,0.0,0.0,0.0,0.0,0.0,0.0,0.0,0.0,0.0,0.0,0.0,0.0,0.0,0.0,0.0,0.0,0.55,0.4123273031658203,0.0,0.25,0.25,0.11433472222222223,0.09080506529051048,0.25,0.25,nan,nan,0.0,0.0,0.0,0.0
or,3,3,591,0.23848174556713972,0.0,0.0,0.0,0.2363166820576787,0.0,0.4130625,1.1102230246251565e-16,0.0,0.0,0.4093125000000001,0.0,0.2329127210955815,0.23808481725707192,0.23848174556713972,0.40341666666666676,0.41237499999999994,0.4130625,1.453614449237228,0.731553743953258,0.6469367754319196,0.6938632304687499,0.49132204947916663,0.2747199941048177,0.4079332406244498,0.6915491679687501,0.4910173098958334,nan,nan,1.0,0.6666666666666666,0.6666666666666666,0.6666666666666666
or,3,3,592,0.1835763067955589,0.0,0.0,0.0,0.18775260761624082,0.0,0.229375,0.0,0.0,0.0,0.23875000000000002,0.0,0.18276806796236852,0.18439371373964283,0.1835763067955589,0.22750000000000004,0.23124999999999996,0.229375,0.7206412617419293,0.3700615140349164,0.229375,0.133879296875,0.2225069878472705,0.25062106933593753,0.2594368135283381,0.1322171875,0.22241128472227426,nan,nan,0.0,0.3333333333333333,0.3333333333333333,0.6666666666666666
or,3,3,593,0.14361587946091953,0.0,0.0,0.0,0.11330499032846407,0.13611805537841049,0.24875000000000014,0.0,0.0,0.0,0.19625000000000004,0.19250000000000012,0.17609183210283588,0.13134718624063982,0.14361587946091953,0.30500000000000005,0.22749999999999992,0.24875000000000014,0.8456229212834763,0.5854133229464609,0.3587500000000001,0.33318385416666674,0.32630868055555556,0.18333144531250004,0.1377802991585003,0.30404635416666664,0.2997670138888889,nan,nan,0.3333333333333333,0.6666666666666666,0.3333333333333333,0.0
or,3,3,594,0.29495938986027515,0.0,0.0,0.0,0.30720683857419656,0.0,0.36125,0.0,0.0,0.0,0.37625,0.0,0.28577380332483404,0.2898562862294745,0.29495938986027515,0.35,0.355,0.36125,0.7788095449412948,0.4981857170680249,0.30559860792676413,0.1730838541666667,0.14408350694444444,0.13377283821903999,0.08275917496704202,0.17177135416666667,0.1403126736111111,nan,nan,0.0,0.0,0.0,0.0
or,3,3,595,0.0,0.0,0.0,0.0,0.02209708691207961,0.0,0.0,0.0,0.0,0.0,0.03125,0.0,0.0,0.0,0.0,0.0,0.0,0.0,0.41800960664798126,0.2582556130848068,0.09437499999999999,0.23822356770833333,0.23822356770833333,0.211974560546875,0.19900539576045873,0.19370520833333335,0.19354244791666667,nan,nan,0.3333333333333333,0.3333333333333333,0.3333333333333333,0.3333333333333333
or,3,3,596,0.0,0.0,0.0,0.0,0.0,0.0,0.0,0.0,0.0,0.0,0.0,0.0,0.0,0.0,0.0,0.0,0.0,0.0,0.722090884169022,0.4328303136793228,0.14,0.30319999999999997,0.30319999999999997,0.2735036005902778,0.2430425328487994,0.25,0.25,nan,nan,0.6666666666666666,0.6666666666666666,0.6666666666666666,0.6666666666666666
or,3,3,597,0.0,0.0,0.0,0.0,0.0,0.00962250448649373,0.0,0.0,0.0,0.0,0.0,0.016666666666666607,0.0,0.0,0.0,0.0,0.0,0.0,0.5657231728799283,0.2828615864399642,0.0,0.25,0.25,0.2798620008680555,0.2588708114973541,0.25,0.25,nan,nan,0.0,0.0,0.6666666666666666,0.6666666666666666
or,3,3,598,0.19563287612827812,0.0,0.0,0.0,0.15556349186104043,0.0,0.2766666666666666,0.0,0.0,0.0,0.21999999999999997,0.0,0.19563287612827812,0.19563287612827812,0.19563287612827812,0.2766666666666666,0.2766666666666666,0.2766666666666666,0.6159545437773797,0.30797727188868984,0.2766666666666666,0.1832925925925926,0.26275740740740744,0.23068194444444445,0.2092604738878192,0.1928,0.25806666666666667,nan,nan,0.0,0.3333333333333333,0.3333333333333333,0.3333333333333333
or,3,3,599,0.0,0.0,0.0,0.0,0.0,0.0,0.0,0.0,0.0,0.0,0.0,0.0,0.0,0.0,0.0,0.0,0.0,0.0,0.32,0.2340538426029364,0.0,0.25,0.25,0.26864441731770833,0.27752972134813986,0.25,0.25,nan,nan,0.3333333333333333,0.3333333333333333,0.3333333333333333,0.3333333333333333
or,3,3,600,0.0,0.0,0.0,0.0,0.0,0.0,0.0,0.0,0.0,0.0,0.0,0.0,0.0,0.0,0.0,0.0,0.0,0.0,0.24421916386721174,0.19482366755130678,0.0,0.25,0.25,0.28505073632814887,0.29053695542454366,0.25,0.25,nan,nan,0.6666666666666666,0.6666666666666666,0.6666666666666666,0.6666666666666666
or,3,3,601,0.0,0.0,0.0,0.0,0.0,0.0,0.0,0.0,0.0,0.0,0.0,0.0,0.0,0.0,0.0,0.0,0.0,0.0,0.6975619745462763,0.4151974861520915,0.11836853936388753,0.226896296296208,0.226896296296208,0.20872345920136706,0.19169381810302225,0.25,0.25,nan,nan,0.3333333333333333,0.3333333333333333,0.3333333333333333,0.3333333333333333
or,3,3,602,0.12487063814016187,0.0,0.0,0.014344957312914937,0.23825079108604236,0.0,0.17659375,0.0,0.0,0.024846194898375362,0.3369375,0.0,0.061871843353822883,0.1111925413415846,0.12487063814016187,0.08749999999999997,0.15725,0.17659375,1.1138473916803528,0.6173810806436808,0.5091086353019977,0.11836595084635416,0.17203297542317705,0.23037795142089848,0.26709416838247385,0.09236520963541667,0.18575656315104164,nan,nan,0.3333333333333333,0.3333333333333333,0.6666666666666666,0.6666666666666666
